payment_id,vendor,invoice_number,amount,payment_date,paid_by,planted
PAY-11502,BPCL Supplies,INV-49478,264150.91,2025-01-03,Priya Nair,none
PAY-12587,Tech Mahindra,INV-73809,219753.67,2025-05-31,Rahul Sharma,none
PAY-12654,Kotak Services,INV-34921,625140.17,2025-10-20,Ananya Iyer,none
PAY-11056,ITC Limited,INV-63840,452624.84,2025-10-26,Sneha Patel,none
PAY-10706,Infosys Limited,INV-17925,711766.6,2025-07-23,Priya Nair,none
PAY-10107,BPCL Supplies,INV-52237,351416.2,2025-08-15,Sneha Patel,none
PAY-10590,Wipro Technologies,INV-45123,119894.62,2025-12-31,Sneha Patel,none
PAY-12469,Titan Company,INV-51697,390371.42,2025-08-12,Sneha Patel,none
PAY-12414,Mahindra & Mahindra,INV-72031,733970.4,2025-08-15,Sneha Patel,none
PAY-11601,Bajaj Auto,INV-77177,551053.17,2025-01-09,Vikram Malhotra,none
PAY-12465,Hero MotoCorp,INV-88636,241515.87,2025-03-29,Priya Nair,none
PAY-10229,ITC Limited,INV-21846,328308.75,2025-02-20,Rahul Sharma,none
PAY-10916,Larsen & Toubro,INV-17686,736269.03,2025-03-23,Rahul Sharma,none
PAY-10795,Titan Company,INV-67438,550775.45,2025-03-27,Ananya Iyer,none
PAY-13022,Bharti Airtel,INV-44669,77358.65,2025-11-25,Rahul Sharma,none
PAY-13544,Wipro Technologies,INV-75807,140018.79,2025-05-21,Priya Nair,none
PAY-11074,UltraTech Cement,INV-84012,277404.85,2025-05-22,Ananya Iyer,none
PAY-13352,Dr Reddys Laboratories,INV-29739,718677.66,2025-06-07,Rahul Sharma,none
PAY-11745,Tata Consultancy Services,INV-71457,104237.68,2025-06-15,Ananya Iyer,none
PAY-11085,Blue Dart Express,INV-62513,462404.37,2025-09-24,Vikram Malhotra,none
PAY-10927,Tata Consultancy Services,INV-94331,701106.71,2025-09-16,Ananya Iyer,none
PAY-13050,Marico Limited,INV-16695,242549.46,2025-11-21,Rahul Sharma,none
PAY-11118,Tata Motors,INV-11103,13805.88,2025-04-18,Ananya Iyer,none
PAY-10643,ITC Limited,INV-50026,92126.93,2025-07-11,Sneha Patel,none
PAY-14768,Marico Limited,INV-45342,658419.7,2025-05-16,Rahul Sharma,none
PAY-10502,BPCL Supplies,INV-57127,521112.6,2025-02-01,Rahul Sharma,none
PAY-14067,Kotak Services,INV-18007,304981.21,2025-09-12,Sneha Patel,none
PAY-10334,Coal India Logistics,INV-76462,291439.45,2025-10-25,Priya Nair,none
PAY-14685,Godrej Consumer,INV-42260,261257.2,2025-07-11,Priya Nair,none
PAY-10487,Tech Mahindra,INV-94659,49076.13,2025-02-15,Priya Nair,none
PAY-11963,Godrej Consumer,INV-26716,51191.66,2025-08-15,Rahul Sharma,none
PAY-10394,Tata Motors,INV-75211,278673.46,2025-09-23,Vikram Malhotra,none
PAY-14843,Bajaj Auto,INV-56525,43124.58,2025-05-20,Sneha Patel,none
PAY-14867,Tata Consultancy Services,INV-64835,49471.17,2025-07-24,Priya Nair,none
PAY-11756,Kotak Services,INV-46831,562128.41,2025-08-09,Vikram Malhotra,none
PAY-12516,BPCL Supplies,INV-85465,741026.3,2025-08-25,Vikram Malhotra,none
PAY-13586,Tata Motors,INV-83424,692973.23,2025-11-06,Priya Nair,none
PAY-14316,Sun Pharma Logistics,INV-23396,292521.73,2025-03-23,Vikram Malhotra,none
PAY-14967,UltraTech Cement,INV-87367,40835.28,2025-08-13,Priya Nair,none
PAY-12100,ITC Limited,INV-53420,260332.67,2025-04-16,Priya Nair,none
PAY-13600,Marico Limited,INV-94866,608135.23,2025-07-11,Sneha Patel,none
PAY-14122,Sun Pharma Logistics,INV-48489,342989.16,2025-06-17,Vikram Malhotra,none
PAY-10030,Reliance Industries,INV-48469,328900.11,2025-08-21,Rahul Sharma,none
PAY-10066,Power Grid Corporation,INV-51467,701356.16,2025-04-15,Vikram Malhotra,none
PAY-10839,Asian Paints,INV-37707,685507.44,2025-07-28,Ananya Iyer,none
PAY-13907,HCL Technologies,INV-47876,378554.49,2025-01-22,Vikram Malhotra,none
PAY-13774,Wipro Technologies,INV-31271,113630.64,2025-03-24,Priya Nair,none
PAY-14636,ITC Limited,INV-44175,712180.22,2025-01-18,Sneha Patel,none
PAY-13162,Larsen & Toubro,INV-22397,174208.17,2025-08-23,Rahul Sharma,none
PAY-12660,Blue Dart Express,INV-42949,295867.68,2025-07-03,Rahul Sharma,none
PAY-14616,Asian Paints,INV-15318,290457.71,2025-12-25,Ananya Iyer,none
PAY-14629,Dr Reddys Laboratories,INV-74617,712111.94,2025-11-01,Priya Nair,none
PAY-12452,NTPC Solutions,INV-87973,126179.57,2025-08-12,Ananya Iyer,none
PAY-12847,Blue Dart Express,INV-53276,695674.3,2025-03-11,Sneha Patel,none
PAY-11145,Blue Dart Express,INV-72021,413583.14,2025-01-14,Ananya Iyer,none
PAY-13079,Wipro Technologies,INV-41868,124511.37,2025-09-03,Priya Nair,none
PAY-11104,NTPC Solutions,INV-11274,527109.82,2025-05-15,Sneha Patel,none
PAY-10169,Tech Mahindra,INV-39816,273856.4,2025-06-04,Rahul Sharma,none
PAY-11671,Blue Dart Express,INV-18585,652360.27,2025-02-28,Vikram Malhotra,none
PAY-12571,Mahindra & Mahindra,INV-96954,367437.52,2025-07-06,Ananya Iyer,none
PAY-12378,Cipla Healthcare,INV-33910,354974.73,2025-03-13,Priya Nair,none
PAY-14396,Titan Company,INV-99795,131438.39,2025-02-07,Ananya Iyer,none
PAY-14258,Bharti Airtel,INV-25793,423137.11,2025-06-20,Sneha Patel,none
PAY-13863,JSW Steel,INV-10833,695040.02,2025-09-08,Sneha Patel,none
PAY-10024,Bajaj Auto,INV-38746,748007.7,2025-03-12,Priya Nair,none
PAY-12634,Tata Motors,INV-28355,212363.41,2025-12-04,Vikram Malhotra,none
PAY-13341,Reliance Industries,INV-81149,490916.89,2025-06-03,Priya Nair,none
PAY-12216,Havells India,INV-14588,68034.69,2025-03-05,Priya Nair,none
PAY-13683,Sun Pharma Logistics,INV-96588,537132.02,2025-11-22,Vikram Malhotra,none
PAY-14725,Infosys Limited,INV-72542,603553.95,2025-03-12,Rahul Sharma,none
PAY-11908,Larsen & Toubro,INV-64109,670293.21,2025-05-13,Ananya Iyer,none
PAY-10085,JSW Steel,INV-23473,268490.58,2025-10-14,Ananya Iyer,none
PAY-10228,Infosys Limited,INV-90931,55973.46,2025-11-20,Vikram Malhotra,none
PAY-10297,Havells India,INV-82910,278832.98,2025-05-23,Priya Nair,none
PAY-11002,Tech Mahindra,INV-99899,229506.28,2025-02-14,Vikram Malhotra,none
PAY-12139,Reliance Industries,INV-69069,427483.64,2025-04-19,Sneha Patel,none
PAY-10712,Tech Mahindra,INV-67342,548818.99,2025-05-03,Rahul Sharma,none
PAY-12802,Mahindra & Mahindra,INV-73636,547499.2,2025-06-23,Rahul Sharma,none
PAY-12528,Godrej Consumer,INV-59749,206084.48,2025-03-29,Sneha Patel,none
PAY-13753,Hero MotoCorp,INV-40077,502982.01,2025-10-24,Vikram Malhotra,none
PAY-13322,Infosys Limited,INV-28807,676632.11,2025-12-17,Sneha Patel,none
PAY-13182,Asian Paints,INV-28665,505817.36,2025-06-17,Rahul Sharma,none
PAY-14184,Tata Consultancy Services,INV-34483,430427.19,2025-08-14,Rahul Sharma,none
PAY-11616,Tech Mahindra,INV-57522,108565.42,2025-08-15,Priya Nair,none
PAY-13025,Hindalco Industries,INV-46083,447848.96,2025-03-13,Sneha Patel,none
PAY-11414,Blue Dart Express,INV-81587,434382.5,2025-01-18,Rahul Sharma,none
PAY-10764,Kotak Services,INV-64000,662670.04,2025-09-03,Rahul Sharma,none
PAY-10656,Hero MotoCorp,INV-15453,571203.08,2025-08-14,Priya Nair,none
PAY-14798,Cipla Healthcare,INV-86358,719651.16,2025-03-20,Rahul Sharma,none
PAY-13850,Titan Company,INV-71846,470341.32,2025-05-06,Vikram Malhotra,none
PAY-14154,Blue Dart Express,INV-58343,219495.38,2025-02-05,Priya Nair,none
PAY-10469,NTPC Solutions,INV-52604,748601.54,2025-09-02,Priya Nair,none
PAY-10158,Godrej Consumer,INV-43862,258552.44,2025-11-02,Vikram Malhotra,none
PAY-11296,Power Grid Corporation,INV-24328,341449.15,2025-01-22,Sneha Patel,none
PAY-10498,Sun Pharma Logistics,INV-21368,303620.77,2025-02-18,Sneha Patel,none
PAY-14741,HCL Technologies,INV-40562,97893.47,2025-01-24,Sneha Patel,none
PAY-12941,Bharti Airtel,INV-49575,329373.47,2025-06-23,Ananya Iyer,none
PAY-13457,UltraTech Cement,INV-55032,564383.77,2025-09-10,Ananya Iyer,none
PAY-10374,UltraTech Cement,INV-24573,583248.61,2025-05-02,Vikram Malhotra,none
PAY-10080,HCL Technologies,INV-67912,416001.91,2025-08-07,Priya Nair,none
PAY-11554,Tata Motors,INV-29392,374764.91,2025-04-15,Priya Nair,none
PAY-11670,ITC Limited,INV-40752,487821.7,2025-10-31,Rahul Sharma,none
PAY-12132,Hindalco Industries,INV-50367,551780.41,2025-02-15,Rahul Sharma,none
PAY-14440,Tata Consultancy Services,INV-58504,613940.45,2025-05-23,Vikram Malhotra,none
PAY-10466,Bharti Airtel,INV-12482,333573.73,2025-08-03,Sneha Patel,none
PAY-10249,Bharti Airtel,INV-27322,590952.04,2025-07-07,Priya Nair,none
PAY-10932,Asian Paints,INV-21536,643158.97,2025-08-17,Vikram Malhotra,none
PAY-11336,Infosys Limited,INV-53750,265489.28,2025-11-23,Sneha Patel,none
PAY-14525,Tata Consultancy Services,INV-20838,501811.74,2025-04-04,Ananya Iyer,none
PAY-11339,Sun Pharma Logistics,INV-10803,89808.39,2025-06-20,Vikram Malhotra,none
PAY-11407,Larsen & Toubro,INV-11520,58450.77,2025-01-09,Sneha Patel,none
PAY-11091,Mahindra & Mahindra,INV-62354,268080.11,2025-07-22,Ananya Iyer,none
PAY-14210,Reliance Industries,INV-24773,290023.63,2025-02-23,Sneha Patel,none
PAY-10743,ITC Limited,INV-48230,199438.25,2025-06-11,Ananya Iyer,none
PAY-12324,Bajaj Auto,INV-52540,67018.39,2025-12-28,Priya Nair,none
PAY-13602,NTPC Solutions,INV-54747,114023.24,2025-11-07,Rahul Sharma,none
PAY-12124,ITC Limited,INV-72616,30708.14,2025-07-05,Rahul Sharma,none
PAY-12095,Infosys Limited,INV-28029,284020.1,2025-06-01,Sneha Patel,none
PAY-10241,Tech Mahindra,INV-48696,21345.0,2025-12-04,Ananya Iyer,none
PAY-12352,Wipro Technologies,INV-90700,253624.97,2025-07-04,Rahul Sharma,none
PAY-11371,Titan Company,INV-17051,69159.09,2025-07-20,Sneha Patel,none
PAY-11058,Blue Dart Express,INV-69437,449417.36,2025-02-05,Sneha Patel,none
PAY-14817,Infosys Limited,INV-26653,407436.9,2025-08-23,Rahul Sharma,none
PAY-10200,Tech Mahindra,INV-96846,709169.19,2025-10-09,Rahul Sharma,none
PAY-12281,Bajaj Auto,INV-75536,15168.47,2025-12-17,Sneha Patel,none
PAY-14750,Tata Motors,INV-14426,196414.02,2025-06-19,Rahul Sharma,none
PAY-12221,Coal India Logistics,INV-80544,385389.81,2025-12-19,Rahul Sharma,none
PAY-14772,Hindalco Industries,INV-97688,614091.45,2025-11-25,Priya Nair,none
PAY-12820,Power Grid Corporation,INV-13071,230104.71,2025-08-23,Sneha Patel,none
PAY-13151,Hindalco Industries,INV-14485,562212.28,2025-07-17,Rahul Sharma,none
PAY-14257,Tata Motors,INV-66293,449139.41,2025-09-12,Rahul Sharma,none
PAY-13108,JSW Steel,INV-52810,401611.38,2025-12-01,Sneha Patel,none
PAY-11974,HCL Technologies,INV-41870,107566.17,2025-01-23,Rahul Sharma,none
PAY-11376,Kotak Services,INV-40368,710848.96,2025-03-15,Priya Nair,none
PAY-13969,Asian Paints,INV-46047,254717.49,2025-08-03,Rahul Sharma,none
PAY-14063,JSW Steel,INV-51738,309276.75,2025-06-23,Sneha Patel,none
PAY-14446,NTPC Solutions,INV-52458,79925.83,2025-11-11,Priya Nair,none
PAY-13558,NTPC Solutions,INV-65345,54869.22,2025-02-14,Vikram Malhotra,none
PAY-10965,Bharti Airtel,INV-80932,29068.26,2025-08-20,Rahul Sharma,none
PAY-10180,Tech Mahindra,INV-84531,467665.35,2025-11-09,Rahul Sharma,none
PAY-13699,Hero MotoCorp,INV-29394,418485.49,2025-04-23,Sneha Patel,none
PAY-13822,Tata Motors,INV-24519,623328.18,2025-01-08,Ananya Iyer,none
PAY-14879,Wipro Technologies,INV-53938,334990.21,2025-11-16,Priya Nair,none
PAY-13900,Wipro Technologies,INV-20830,517527.52,2025-09-04,Rahul Sharma,none
PAY-14488,Wipro Technologies,INV-15717,559181.79,2025-04-27,Ananya Iyer,none
PAY-13239,Wipro Technologies,INV-32458,21475.81,2025-08-18,Priya Nair,none
PAY-12975,UltraTech Cement,INV-37149,18945.62,2025-08-01,Sneha Patel,none
PAY-13581,Tata Consultancy Services,INV-64698,54418.81,2025-02-13,Sneha Patel,none
PAY-12888,Marico Limited,INV-32179,679764.94,2025-10-28,Vikram Malhotra,none
PAY-12576,Bajaj Auto,INV-75251,28023.98,2025-10-23,Ananya Iyer,none
PAY-11420,Coal India Logistics,INV-16917,678171.03,2025-10-01,Rahul Sharma,none
PAY-13908,Titan Company,INV-71456,35085.46,2025-08-11,Ananya Iyer,none
PAY-14674,Tata Consultancy Services,INV-58167,247485.32,2025-09-23,Rahul Sharma,none
PAY-14903,Tech Mahindra,INV-96311,98343.37,2025-11-09,Ananya Iyer,none
PAY-11861,Tata Consultancy Services,INV-13655,668287.91,2025-10-04,Priya Nair,none
PAY-10009,Bajaj Auto,INV-55082,454775.89,2025-01-23,Ananya Iyer,none
PAY-12895,Asian Paints,INV-84471,627898.69,2025-02-14,Priya Nair,none
PAY-12848,Power Grid Corporation,INV-72111,12316.78,2025-08-02,Sneha Patel,none
PAY-13665,Titan Company,INV-49258,283349.44,2025-06-11,Ananya Iyer,none
PAY-10145,Tech Mahindra,INV-24168,436120.13,2025-06-09,Priya Nair,none
PAY-12105,Larsen & Toubro,INV-22027,134388.49,2025-10-09,Sneha Patel,none
PAY-13144,Kotak Services,INV-74592,562795.59,2025-10-20,Sneha Patel,none
PAY-10842,Titan Company,INV-27779,586484.74,2025-09-26,Priya Nair,none
PAY-11129,NTPC Solutions,INV-84427,40543.43,2025-02-20,Sneha Patel,none
PAY-10152,Tata Motors,INV-30052,329437.92,2025-09-25,Vikram Malhotra,none
PAY-13592,Hindalco Industries,INV-35069,264642.35,2025-06-06,Sneha Patel,none
PAY-11053,Titan Company,INV-88558,727086.55,2025-11-23,Rahul Sharma,none
PAY-11591,NTPC Solutions,INV-70570,534134.02,2025-03-12,Sneha Patel,none
PAY-13009,Marico Limited,INV-14048,159220.42,2025-08-25,Ananya Iyer,none
PAY-12030,Bharti Airtel,INV-67498,340229.09,2025-10-13,Rahul Sharma,none
PAY-13419,Bajaj Auto,INV-23895,54845.03,2025-06-15,Ananya Iyer,none
PAY-11808,BPCL Supplies,INV-41690,329662.41,2025-11-17,Priya Nair,none
PAY-12697,Tech Mahindra,INV-21074,49491.43,2025-11-09,Ananya Iyer,none
PAY-13040,Hero MotoCorp,INV-78697,674110.33,2025-04-14,Vikram Malhotra,none
PAY-10473,NTPC Solutions,INV-49124,172525.94,2025-06-02,Vikram Malhotra,none
PAY-13290,Asian Paints,INV-34340,669805.28,2025-12-31,Vikram Malhotra,none
PAY-14075,Hindalco Industries,INV-28185,248907.45,2025-07-23,Ananya Iyer,none
PAY-13497,Wipro Technologies,INV-30092,165529.3,2025-07-23,Ananya Iyer,none
PAY-10280,Tech Mahindra,INV-70036,484288.81,2025-01-16,Rahul Sharma,none
PAY-11742,UltraTech Cement,INV-33641,309350.46,2025-03-16,Rahul Sharma,none
PAY-14625,Tech Mahindra,INV-29248,195516.18,2025-07-30,Sneha Patel,none
PAY-12887,Dr Reddys Laboratories,INV-12185,252835.42,2025-12-11,Vikram Malhotra,none
PAY-11942,Reliance Industries,INV-46352,428981.16,2025-09-10,Sneha Patel,none
PAY-10101,Coal India Logistics,INV-51145,499223.67,2025-03-05,Vikram Malhotra,none
PAY-12805,Coal India Logistics,INV-53212,101265.42,2025-10-04,Rahul Sharma,none
PAY-13571,BPCL Supplies,INV-92186,408345.11,2025-02-06,Sneha Patel,none
PAY-13685,Coal India Logistics,INV-60317,210441.07,2025-04-23,Rahul Sharma,none
PAY-13662,Power Grid Corporation,INV-63435,129337.17,2025-09-13,Sneha Patel,none
PAY-10531,Bharti Airtel,INV-17398,109401.0,2025-05-29,Sneha Patel,none
PAY-11887,Kotak Services,INV-85112,235727.9,2025-08-20,Vikram Malhotra,none
PAY-10682,Wipro Technologies,INV-58738,500059.06,2025-11-29,Sneha Patel,none
PAY-13795,Coal India Logistics,INV-23123,275086.46,2025-02-18,Vikram Malhotra,none
PAY-13945,Cipla Healthcare,INV-56538,149775.04,2025-09-27,Vikram Malhotra,none
PAY-14667,Havells India,INV-94948,700650.33,2025-12-13,Rahul Sharma,none
PAY-12019,Godrej Consumer,INV-46231,695321.41,2025-02-20,Rahul Sharma,none
PAY-11097,NTPC Solutions,INV-19487,379861.03,2025-06-24,Rahul Sharma,none
PAY-10830,Hindalco Industries,INV-23237,590380.49,2025-10-02,Vikram Malhotra,none
PAY-12806,Dr Reddys Laboratories,INV-12767,602797.59,2025-02-16,Vikram Malhotra,none
PAY-13830,Godrej Consumer,INV-17810,562501.62,2025-09-26,Vikram Malhotra,none
PAY-14382,Power Grid Corporation,INV-42929,175461.64,2025-09-03,Vikram Malhotra,none
PAY-13892,Wipro Technologies,INV-44033,199549.44,2025-10-09,Sneha Patel,none
PAY-10765,Wipro Technologies,INV-46670,290346.38,2025-08-03,Sneha Patel,none
PAY-12768,Mahindra & Mahindra,INV-73784,331992.97,2025-03-28,Vikram Malhotra,none
PAY-14329,Power Grid Corporation,INV-22372,303453.18,2025-12-25,Rahul Sharma,none
PAY-13296,JSW Steel,INV-43840,662048.87,2025-08-05,Priya Nair,none
PAY-12195,Bharti Airtel,INV-38591,604247.04,2025-04-11,Rahul Sharma,none
PAY-12358,Godrej Consumer,INV-10285,646976.91,2025-03-18,Sneha Patel,none
PAY-13426,Asian Paints,INV-58497,315665.43,2025-04-18,Vikram Malhotra,none
PAY-13980,Infosys Limited,INV-66333,384261.48,2025-04-04,Ananya Iyer,none
PAY-10912,Bajaj Auto,INV-67372,716541.42,2025-05-18,Rahul Sharma,none
PAY-13146,JSW Steel,INV-20772,558673.0,2025-07-26,Vikram Malhotra,none
PAY-11000,BPCL Supplies,INV-91048,52112.01,2025-10-27,Rahul Sharma,none
PAY-13654,HCL Technologies,INV-16336,354454.83,2025-03-09,Sneha Patel,none
PAY-12484,UltraTech Cement,INV-19643,367455.38,2025-11-17,Rahul Sharma,none
PAY-14077,NTPC Solutions,INV-99373,205045.52,2025-08-09,Priya Nair,none
PAY-12371,Asian Paints,INV-28892,627262.99,2025-10-10,Ananya Iyer,none
PAY-14839,Tata Motors,INV-90503,85664.73,2025-06-18,Rahul Sharma,none
PAY-10034,Cipla Healthcare,INV-79514,689277.65,2025-11-03,Vikram Malhotra,none
PAY-13790,Tata Motors,INV-43853,612691.55,2025-03-20,Vikram Malhotra,none
PAY-11021,Mahindra & Mahindra,INV-57118,105057.85,2025-06-19,Ananya Iyer,none
PAY-11648,Bajaj Auto,INV-72367,501674.37,2025-07-27,Ananya Iyer,none
PAY-10734,Dr Reddys Laboratories,INV-81638,571559.25,2025-05-06,Sneha Patel,none
PAY-14583,Tata Motors,INV-22346,289381.21,2025-09-22,Rahul Sharma,none
PAY-13275,Godrej Consumer,INV-96462,532189.89,2025-10-30,Rahul Sharma,none
PAY-11621,Tata Consultancy Services,INV-73472,569213.86,2025-01-22,Sneha Patel,none
PAY-13136,Tata Consultancy Services,INV-71669,30495.97,2025-03-15,Ananya Iyer,none
PAY-12690,Tata Motors,INV-80964,380066.82,2025-01-28,Vikram Malhotra,none
PAY-12708,Dr Reddys Laboratories,INV-41224,103245.17,2025-01-08,Vikram Malhotra,none
PAY-10298,ITC Limited,INV-66244,634640.6,2025-11-15,Priya Nair,none
PAY-12340,Cipla Healthcare,INV-94473,701334.91,2025-03-09,Sneha Patel,none
PAY-10654,Dr Reddys Laboratories,INV-74921,414546.01,2025-02-27,Priya Nair,none
PAY-13775,Hero MotoCorp,INV-80098,149656.98,2025-11-20,Vikram Malhotra,none
PAY-11256,Tech Mahindra,INV-68990,356036.78,2025-06-19,Sneha Patel,none
PAY-14521,Sun Pharma Logistics,INV-48657,529598.9,2025-08-16,Ananya Iyer,none
PAY-10231,Sun Pharma Logistics,INV-17355,223558.99,2025-07-11,Ananya Iyer,none
PAY-13277,Blue Dart Express,INV-79119,424432.54,2025-12-26,Priya Nair,none
PAY-13231,Tata Motors,INV-57706,603552.43,2025-05-15,Ananya Iyer,none
PAY-10692,Asian Paints,INV-56030,543211.86,2025-11-18,Sneha Patel,none
PAY-12755,Coal India Logistics,INV-90822,85289.98,2025-01-24,Rahul Sharma,none
PAY-14864,Dr Reddys Laboratories,INV-51488,212916.27,2025-05-19,Ananya Iyer,exact
PAY-10970,Tata Consultancy Services,INV-42943,156299.98,2025-08-15,Sneha Patel,none
PAY-10634,Titan Company,INV-13826,554354.34,2025-04-12,Ananya Iyer,none
PAY-14093,Kotak Services,INV-30173,628598.53,2025-03-08,Vikram Malhotra,none
PAY-14078,Coal India Logistics,INV-81022,220159.05,2025-10-07,Rahul Sharma,none
PAY-11322,HCL Technologies,INV-98092,216863.51,2025-12-05,Priya Nair,none
PAY-11832,ITC Limited,INV-73748,197077.5,2025-06-24,Vikram Malhotra,none
PAY-12179,JSW Steel,INV-88855,445128.11,2025-02-24,Ananya Iyer,none
PAY-11418,ITC Limited,INV-71925,474843.82,2025-12-06,Rahul Sharma,none
PAY-11783,Marico Limited,INV-60867,359947.57,2025-10-16,Priya Nair,none
PAY-14716,Power Grid Corporation,INV-47594,499657.8,2025-04-28,Priya Nair,none
PAY-14702,Larsen & Toubro,INV-31153,690133.77,2025-09-18,Rahul Sharma,none
PAY-14119,Coal India Logistics,INV-73471,127787.09,2025-04-12,Priya Nair,none
PAY-11653,JSW Steel,INV-52854,118788.81,2025-11-15,Priya Nair,none
PAY-11484,Dr Reddys Laboratories,INV-28558,369226.56,2025-01-10,Ananya Iyer,none
PAY-12276,UltraTech Cement,INV-53412,676243.37,2025-03-24,Sneha Patel,none
PAY-10878,BPCL Supplies,INV-33176,238493.48,2025-01-30,Rahul Sharma,none
PAY-13526,BPCL Supplies,INV-22659,713905.18,2025-04-08,Rahul Sharma,none
PAY-12017,Mahindra & Mahindra,INV-94587,61536.89,2025-02-12,Vikram Malhotra,none
PAY-10427,Mahindra & Mahindra,INV-26406,470641.66,2025-11-11,Priya Nair,none
PAY-10627,Godrej Consumer,INV-37114,393230.55,2025-06-28,Ananya Iyer,none
PAY-11590,UltraTech Cement,INV-93729,686235.82,2025-08-01,Sneha Patel,none
PAY-12224,Bharti Airtel,INV-87566,272503.55,2025-03-07,Priya Nair,none
PAY-12218,JSW Steel,INV-10011,190011.13,2025-01-24,Priya Nair,none
PAY-14484,Tata Consultancy Services,INV-73107,54103.76,2025-06-29,Priya Nair,none
PAY-11486,Tata Consultancy Services,INV-32577,476332.78,2025-06-07,Rahul Sharma,none
PAY-11740,Tech Mahindra,INV-74771,289644.77,2025-08-09,Sneha Patel,none
PAY-12481,Blue Dart Express,INV-88105,96399.82,2025-03-14,Vikram Malhotra,none
PAY-12585,Blue Dart Express,INV-99853,114612.66,2025-12-15,Sneha Patel,none
PAY-12894,Tech Mahindra,INV-45882,422616.74,2025-03-02,Vikram Malhotra,none
PAY-10150,Wipro Technologies,INV-76317,487419.72,2025-01-07,Ananya Iyer,none
PAY-10677,Marico Limited,INV-99463,572879.25,2025-01-24,Rahul Sharma,none
PAY-11262,Wipro Technologies,INV-60940,496977.75,2025-12-06,Vikram Malhotra,none
PAY-14918,Dr Reddys Laboratories,INV-32032,356052.88,2025-02-01,Sneha Patel,exact
PAY-10013,Cipla Healthcare,INV-47930,738990.03,2025-04-30,Rahul Sharma,none
PAY-11834,Marico Limited,INV-29815,640789.07,2025-09-21,Priya Nair,none
PAY-13249,Wipro Technologies,INV-79438,313215.02,2025-03-24,Sneha Patel,none
PAY-11492,Hindalco Industries,INV-32734,254950.28,2025-03-03,Vikram Malhotra,none
PAY-12728,Tata Consultancy Services,INV-52800,457190.22,2025-07-04,Vikram Malhotra,none
PAY-13687,UltraTech Cement,INV-84618,149279.87,2025-03-19,Ananya Iyer,none
PAY-11425,Hindalco Industries,INV-32161,431780.7,2025-12-03,Vikram Malhotra,none
PAY-14606,Coal India Logistics,INV-80420,172062.49,2025-02-06,Rahul Sharma,none
PAY-14596,Coal India Logistics,INV-35727,527320.08,2025-12-11,Sneha Patel,none
PAY-10732,Tech Mahindra,INV-83899,589457.88,2025-11-15,Sneha Patel,none
PAY-11232,Hero MotoCorp,INV-85527,615538.87,2025-02-18,Priya Nair,none
PAY-11635,Asian Paints,INV-24459,392197.05,2025-09-11,Vikram Malhotra,none
PAY-13937,JSW Steel,INV-21089,355024.88,2025-06-07,Ananya Iyer,none
PAY-11211,Infosys Limited,INV-19225,626670.09,2025-02-09,Sneha Patel,none
PAY-13269,Hindalco Industries,INV-77959,129702.06,2025-02-21,Ananya Iyer,none
PAY-11935,Bajaj Auto,INV-60692,137004.04,2025-12-23,Rahul Sharma,none
PAY-10554,Dr Reddys Laboratories,INV-29126,17083.83,2025-10-11,Priya Nair,none
PAY-10492,Tech Mahindra,INV-69552,741879.11,2025-10-06,Priya Nair,none
PAY-12963,UltraTech Cement,INV-46004,262312.78,2025-08-23,Priya Nair,none
PAY-12330,NTPC Solutions,INV-37021,613551.04,2025-04-23,Vikram Malhotra,none
PAY-12196,Bajaj Auto,INV-85455,80951.14,2025-03-17,Ananya Iyer,none
PAY-13065,Kotak Services,INV-23489,515136.01,2025-11-09,Sneha Patel,none
PAY-10658,Tech Mahindra,INV-14224,340050.6,2025-06-28,Rahul Sharma,none
PAY-12375,Wipro Technologies,INV-72498,628890.71,2025-03-22,Rahul Sharma,none
PAY-12226,BPCL Supplies,INV-31406,303044.23,2025-02-12,Vikram Malhotra,none
PAY-14265,Tata Consultancy Services,INV-18888,597352.03,2025-01-26,Ananya Iyer,none
PAY-11171,Wipro Technologies,INV-29750,15970.01,2025-04-22,Vikram Malhotra,none
PAY-10133,Hero MotoCorp,INV-71261,690058.51,2025-11-15,Priya Nair,none
PAY-10472,Coal India Logistics,INV-73462,148236.81,2025-05-07,Vikram Malhotra,none
PAY-13226,ITC Limited,INV-39600,333065.15,2025-04-21,Sneha Patel,none
PAY-11406,Larsen & Toubro,INV-47810,748104.75,2025-12-10,Sneha Patel,none
PAY-12877,Power Grid Corporation,INV-11703,457046.94,2025-01-18,Vikram Malhotra,none
PAY-14505,Havells India,INV-29842,318404.26,2025-01-31,Ananya Iyer,none
PAY-14693,Asian Paints,INV-15971,386030.73,2025-07-19,Priya Nair,none
PAY-12827,Bajaj Auto,INV-72495,424549.18,2025-11-26,Vikram Malhotra,none
PAY-10288,Sun Pharma Logistics,INV-69441,302053.99,2025-02-18,Vikram Malhotra,none
PAY-11870,Sun Pharma Logistics,INV-77692,438864.94,2025-07-04,Ananya Iyer,none
PAY-13115,Cipla Healthcare,INV-56575,25335.85,2025-08-14,Rahul Sharma,none
PAY-13626,Marico Limited,INV-98252,371182.27,2025-09-26,Vikram Malhotra,none
PAY-12313,Dr Reddys Laboratories,INV-62100,373794.3,2025-09-30,Priya Nair,none
PAY-14924,Marico Limited,INV-82067,357794.34,2025-07-06,Ananya Iyer,likely
PAY-11619,Tata Motors,INV-39697,234034.1,2025-04-18,Sneha Patel,none
PAY-10995,Tata Consultancy Services,INV-70191,539066.87,2025-01-20,Rahul Sharma,none
PAY-11804,Tata Motors,INV-98316,722540.5,2025-12-12,Ananya Iyer,none
PAY-12643,Blue Dart Express,INV-18437,51135.35,2025-05-09,Rahul Sharma,none
PAY-14803,Hero MotoCorp,INV-83280,459078.95,2025-05-24,Ananya Iyer,none
PAY-13536,Marico Limited,INV-56013,712096.12,2025-12-17,Ananya Iyer,none
PAY-14832,Coal India Logistics,INV-61668,32018.07,2025-07-17,Priya Nair,none
PAY-13912,Larsen & Toubro,INV-63108,286402.27,2025-03-04,Sneha Patel,none
PAY-12108,ITC Limited,INV-49728,217587.9,2025-08-18,Sneha Patel,none
PAY-13045,Tata Motors,INV-95302,643854.34,2025-04-27,Ananya Iyer,none
PAY-10417,Bajaj Auto,INV-82616,431346.67,2025-08-28,Priya Nair,none
PAY-10978,Infosys Limited,INV-91968,463628.46,2025-12-05,Vikram Malhotra,none
PAY-12418,Bajaj Auto,INV-20943,513239.67,2025-09-17,Ananya Iyer,none
PAY-10506,Larsen & Toubro,INV-69634,562062.45,2025-11-07,Vikram Malhotra,none
PAY-14153,Larsen & Toubro,INV-58010,635242.62,2025-12-27,Sneha Patel,none
PAY-14256,NTPC Solutions,INV-79222,508892.77,2025-08-17,Ananya Iyer,none
PAY-13942,Dr Reddys Laboratories,INV-27596,351933.61,2025-12-23,Rahul Sharma,none
PAY-10415,Godrej Consumer,INV-57381,384023.03,2025-03-04,Sneha Patel,none
PAY-14149,Tech Mahindra,INV-78132,395969.96,2025-07-16,Ananya Iyer,none
PAY-11184,Tata Consultancy Services,INV-15504,437902.38,2025-12-20,Ananya Iyer,none
PAY-10486,BPCL Supplies,INV-36143,568153.74,2025-05-28,Vikram Malhotra,none
PAY-10894,JSW Steel,INV-24170,491907.88,2025-01-11,Rahul Sharma,none
PAY-10806,Infosys Limited,INV-61498,430968.51,2025-09-09,Sneha Patel,none
PAY-10556,ITC Limited,INV-59786,429493.19,2025-05-06,Ananya Iyer,none
PAY-13826,Asian Paints,INV-96916,155153.96,2025-11-22,Sneha Patel,none
PAY-11198,Coal India Logistics,INV-57720,583132.34,2025-05-03,Vikram Malhotra,none
PAY-14254,Bharti Airtel,INV-62509,135360.57,2025-12-27,Sneha Patel,none
PAY-14059,Power Grid Corporation,INV-65032,132856.62,2025-10-07,Vikram Malhotra,none
PAY-11294,Titan Company,INV-90151,704658.65,2025-10-20,Priya Nair,none
PAY-12222,JSW Steel,INV-15863,181639.76,2025-04-07,Sneha Patel,none
PAY-13505,Bajaj Auto,INV-21588,450546.56,2025-08-22,Ananya Iyer,none
PAY-13655,Havells India,INV-89818,626538.54,2025-10-21,Vikram Malhotra,none
PAY-14759,UltraTech Cement,INV-49283,179904.2,2025-02-10,Vikram Malhotra,none
PAY-13007,Havells India,INV-31152,346037.83,2025-05-03,Sneha Patel,none
PAY-12094,ITC Limited,INV-66164,569148.08,2025-11-14,Rahul Sharma,none
PAY-12188,Hero MotoCorp,INV-96409,684720.4,2025-03-23,Rahul Sharma,none
PAY-13037,Sun Pharma Logistics,INV-39468,235434.67,2025-04-25,Sneha Patel,none
PAY-13919,Cipla Healthcare,INV-93393,715063.55,2025-09-27,Sneha Patel,none
PAY-11273,Wipro Technologies,INV-60096,392934.79,2025-12-14,Priya Nair,none
PAY-10291,UltraTech Cement,INV-22656,559718.78,2025-07-10,Sneha Patel,none
PAY-14828,BPCL Supplies,INV-98819,119784.2,2025-07-26,Ananya Iyer,none
PAY-10253,Havells India,INV-83048,277502.41,2025-07-22,Rahul Sharma,none
PAY-13246,Larsen & Toubro,INV-80728,735233.02,2025-10-28,Vikram Malhotra,none
PAY-10351,Wipro Technologies,INV-48770,634099.15,2025-02-21,Priya Nair,none
PAY-11188,Tata Motors,INV-80300,594642.35,2025-03-06,Ananya Iyer,none
PAY-11962,Titan Company,INV-51062,668112.38,2025-12-22,Rahul Sharma,none
PAY-10423,UltraTech Cement,INV-75911,683480.64,2025-01-29,Rahul Sharma,none
PAY-10091,Hero MotoCorp,INV-70332,265495.53,2025-04-27,Sneha Patel,none
PAY-13730,Cipla Healthcare,INV-53611,517355.73,2025-10-24,Sneha Patel,none
PAY-12237,Hero MotoCorp,INV-74175,76177.72,2025-06-28,Priya Nair,none
PAY-10671,Power Grid Corporation,INV-46467,522554.19,2025-07-08,Ananya Iyer,none
PAY-13041,JSW Steel,INV-14304,301875.96,2025-02-20,Vikram Malhotra,none
PAY-10027,Wipro Technologies,INV-60432,289306.37,2025-08-28,Priya Nair,none
PAY-10430,Hero MotoCorp,INV-83874,35689.76,2025-01-15,Rahul Sharma,none
PAY-10684,UltraTech Cement,INV-95915,72943.39,2025-02-18,Rahul Sharma,none
PAY-14464,Reliance Industries,INV-70367,367560.13,2025-05-29,Rahul Sharma,none
PAY-13946,Hindalco Industries,INV-51297,663192.79,2025-03-04,Ananya Iyer,none
PAY-13524,Kotak Services,INV-28920,687303.55,2025-12-22,Vikram Malhotra,none
PAY-11542,Blue Dart Express,INV-98428,276172.94,2025-01-27,Rahul Sharma,none
PAY-12032,Dr Reddys Laboratories,INV-11268,377351.16,2025-12-04,Vikram Malhotra,none
PAY-12233,UltraTech Cement,INV-18645,250371.34,2025-02-15,Vikram Malhotra,none
PAY-14121,Wipro Technologies,INV-57739,161588.47,2025-06-07,Rahul Sharma,none
PAY-13236,Reliance Industries,INV-89179,174729.2,2025-06-28,Priya Nair,none
PAY-10255,Hindalco Industries,INV-59941,617700.89,2025-07-10,Rahul Sharma,none
PAY-11030,ITC Limited,INV-87280,551253.99,2025-05-29,Sneha Patel,none
PAY-14393,Dr Reddys Laboratories,INV-21123,340808.84,2025-07-23,Sneha Patel,none
PAY-13801,Reliance Industries,INV-62907,565464.94,2025-01-21,Vikram Malhotra,none
PAY-14311,HCL Technologies,INV-48384,481798.97,2025-11-06,Ananya Iyer,none
PAY-12510,Bharti Airtel,INV-23489,422914.23,2025-11-08,Rahul Sharma,none
PAY-12293,UltraTech Cement,INV-72809,50705.54,2025-08-07,Rahul Sharma,none
PAY-11324,Bajaj Auto,INV-14697,74379.08,2025-06-03,Vikram Malhotra,none
PAY-11551,Asian Paints,INV-91389,279268.66,2025-12-11,Rahul Sharma,none
PAY-14648,Power Grid Corporation,INV-21473,612000.63,2025-04-05,Ananya Iyer,none
PAY-10316,Havells India,INV-15544,329983.6,2025-08-24,Rahul Sharma,none
PAY-11243,Titan Company,INV-44413,68383.85,2025-09-14,Ananya Iyer,none
PAY-12451,Blue Dart Express,INV-33044,346823.56,2025-07-11,Sneha Patel,none
PAY-11579,ITC Limited,INV-46428,150808.18,2025-02-12,Priya Nair,none
PAY-14626,Blue Dart Express,INV-55026,705924.56,2025-10-12,Vikram Malhotra,none
PAY-13117,Infosys Limited,INV-68564,331717.41,2025-04-12,Sneha Patel,none
PAY-10070,NTPC Solutions,INV-37938,381884.1,2025-03-09,Vikram Malhotra,none
PAY-10860,Havells India,INV-46291,199554.45,2025-12-31,Vikram Malhotra,none
PAY-12754,ITC Limited,INV-48455,93677.08,2025-06-22,Priya Nair,none
PAY-11633,HCL Technologies,INV-56507,736069.34,2025-08-06,Sneha Patel,none
PAY-11651,Tata Consultancy Services,INV-23055,554659.78,2025-02-04,Ananya Iyer,none
PAY-13861,Godrej Consumer,INV-88423,404983.86,2025-11-19,Sneha Patel,none
PAY-13107,UltraTech Cement,INV-29725,197845.45,2025-04-25,Priya Nair,none
PAY-11075,Cipla Healthcare,INV-36698,312854.98,2025-10-13,Ananya Iyer,none
PAY-14002,HCL Technologies,INV-39232,224351.58,2025-03-14,Ananya Iyer,none
PAY-10788,Tech Mahindra,INV-48602,99874.53,2025-01-01,Priya Nair,none
PAY-12606,Hindalco Industries,INV-77135,282967.81,2025-11-14,Priya Nair,none
PAY-13631,Titan Company,INV-45932,190330.42,2025-05-29,Sneha Patel,none
PAY-12122,Cipla Healthcare,INV-55688,384658.23,2025-09-08,Vikram Malhotra,none
PAY-11875,Hindalco Industries,INV-75382,479163.56,2025-08-14,Ananya Iyer,none
PAY-10812,BPCL Supplies,INV-81319,293707.7,2025-07-09,Ananya Iyer,none
PAY-10388,Infosys Limited,INV-48462,155185.29,2025-04-13,Rahul Sharma,none
PAY-12883,Marico Limited,INV-30079,530701.48,2025-04-01,Sneha Patel,none
PAY-11176,Cipla Healthcare,INV-42631,291674.43,2025-08-15,Sneha Patel,none
PAY-13198,Power Grid Corporation,INV-97498,290027.48,2025-11-05,Rahul Sharma,none
PAY-12624,Bharti Airtel,INV-72411,362947.52,2025-05-29,Rahul Sharma,none
PAY-11352,Marico Limited,INV-41148,281829.76,2025-06-04,Sneha Patel,none
PAY-10411,Reliance Industries,INV-27790,640355.59,2025-08-20,Sneha Patel,none
PAY-14213,Cipla Healthcare,INV-67361,699639.8,2025-04-12,Priya Nair,none
PAY-10110,Wipro Technologies,INV-40784,506232.77,2025-04-26,Sneha Patel,none
PAY-14996,Godrej Consumer,INV7071,275407.59,2025-02-09,Rahul Sharma,typo
PAY-13430,Blue Dart Express,INV-40005,532538.14,2025-11-09,Sneha Patel,none
PAY-12810,Tech Mahindra,INV-31155,683437.07,2025-06-19,Ananya Iyer,none
PAY-12595,UltraTech Cement,INV-62312,725345.58,2025-02-20,Vikram Malhotra,none
PAY-12837,Havells India,INV-20673,691316.64,2025-08-06,Rahul Sharma,none
PAY-12373,Reliance Industries,INV-28753,286208.28,2025-01-14,Ananya Iyer,none
PAY-11236,Dr Reddys Laboratories,INV-95561,637861.23,2025-01-06,Ananya Iyer,none
PAY-12147,Titan Company,INV-89034,392455.22,2025-05-17,Ananya Iyer,none
PAY-14976,UltraTech Cement,INV-41789,151597.88,2025-08-28,Sneha Patel,likely
PAY-10600,Wipro Technologies,INV-31916,328833.82,2025-08-04,Vikram Malhotra,none
PAY-11435,Bharti Airtel,INV-85727,552099.03,2025-06-26,Rahul Sharma,none
PAY-14997,JSW Steel,INV-6651,218859.12,2025-12-14,Priya Nair,none
PAY-10539,ITC Limited,INV-39536,229048.63,2025-12-29,Sneha Patel,none
PAY-10722,Bajaj Auto,INV-30618,195061.48,2025-02-22,Priya Nair,none
PAY-14411,ITC Limited,INV-94364,448838.53,2025-03-17,Priya Nair,none
PAY-11873,Bharti Airtel,INV-68479,63164.16,2025-12-13,Priya Nair,none
PAY-12846,Power Grid Corporation,INV-89235,192173.33,2025-08-25,Sneha Patel,none
PAY-12054,Bajaj Auto,INV-48987,296362.32,2025-03-31,Ananya Iyer,none
PAY-12908,Bharti Airtel,INV-66866,263456.54,2025-12-16,Vikram Malhotra,none
PAY-12255,Blue Dart Express,INV-10955,537049.25,2025-12-26,Priya Nair,none
PAY-13913,UltraTech Cement,INV-29565,599286.6,2025-09-19,Sneha Patel,none
PAY-10178,Coal India Logistics,INV-91057,173136.92,2025-09-25,Ananya Iyer,none
PAY-12891,Hero MotoCorp,INV-75735,114897.89,2025-05-17,Rahul Sharma,none
PAY-13674,Kotak Services,INV-15311,700813.0,2025-09-03,Rahul Sharma,none
PAY-10081,Tata Consultancy Services,INV-24663,61056.68,2025-12-20,Sneha Patel,none
PAY-12562,HCL Technologies,INV-51302,512674.65,2025-03-27,Sneha Patel,none
PAY-11724,Power Grid Corporation,INV-18698,267132.98,2025-11-05,Priya Nair,none
PAY-11618,Dr Reddys Laboratories,INV-25544,170656.6,2025-12-22,Sneha Patel,none
PAY-11655,Godrej Consumer,INV-71082,155439.16,2025-12-05,Ananya Iyer,none
PAY-12329,BPCL Supplies,INV-43730,653169.21,2025-11-21,Priya Nair,none
PAY-14614,Tata Consultancy Services,INV-75678,46628.43,2025-07-27,Priya Nair,none
PAY-10222,Larsen & Toubro,INV-75836,724188.42,2025-06-19,Rahul Sharma,none
PAY-10094,BPCL Supplies,INV-76768,302760.4,2025-10-02,Vikram Malhotra,none
PAY-12610,Sun Pharma Logistics,INV-87901,77562.3,2025-05-29,Priya Nair,none
PAY-13383,Wipro Technologies,INV-30185,431072.06,2025-05-02,Rahul Sharma,none
PAY-14416,Hindalco Industries,INV-27412,628945.28,2025-02-23,Vikram Malhotra,none
PAY-11398,Wipro Technologies,INV-86379,11048.84,2025-09-19,Ananya Iyer,none
PAY-14687,HCL Technologies,INV-29762,481752.79,2025-08-15,Sneha Patel,none
PAY-11293,Titan Company,INV-15482,457907.82,2025-07-14,Vikram Malhotra,none
PAY-12165,HCL Technologies,INV-96474,526432.21,2025-02-24,Ananya Iyer,none
PAY-12940,BPCL Supplies,INV-40156,107869.53,2025-04-07,Rahul Sharma,none
PAY-13669,Mahindra & Mahindra,INV-73802,302433.19,2025-12-31,Ananya Iyer,none
PAY-10813,Bajaj Auto,INV-34455,337102.58,2025-05-15,Ananya Iyer,none
PAY-11259,Tata Motors,INV-97590,18699.44,2025-10-26,Priya Nair,none
PAY-10890,Blue Dart Express,INV-62873,19247.93,2025-04-25,Sneha Patel,none
PAY-11452,Tata Motors,INV-25725,69357.85,2025-11-06,Sneha Patel,none
PAY-13317,JSW Steel,INV-67523,23855.71,2025-08-14,Rahul Sharma,none
PAY-12560,Reliance Industries,INV-34258,379913.91,2025-12-25,Priya Nair,none
PAY-13575,ITC Limited,INV-44402,307761.64,2025-08-10,Rahul Sharma,none
PAY-12681,Dr Reddys Laboratories,INV-80283,428196.22,2025-01-08,Sneha Patel,none
PAY-14652,ITC Limited,INV-58226,583805.13,2025-10-29,Rahul Sharma,none
PAY-14812,Coal India Logistics,INV-55530,564423.3,2025-06-11,Sneha Patel,none
PAY-14680,Power Grid Corporation,INV-92253,522125.18,2025-09-11,Sneha Patel,none
PAY-12965,Sun Pharma Logistics,INV-58863,33524.1,2025-11-08,Rahul Sharma,none
PAY-12673,Kotak Services,INV-49769,587248.67,2025-04-27,Rahul Sharma,none
PAY-10562,Cipla Healthcare,INV-10836,312232.21,2025-11-19,Sneha Patel,none
PAY-12779,Dr Reddys Laboratories,INV-39155,546884.38,2025-06-17,Sneha Patel,none
PAY-12949,UltraTech Cement,INV-17144,230701.11,2025-05-13,Rahul Sharma,none
PAY-12818,Blue Dart Express,INV-29902,76189.72,2025-10-29,Ananya Iyer,none
PAY-12759,Wipro Technologies,INV-29956,672221.38,2025-10-31,Priya Nair,none
PAY-11757,Marico Limited,INV-44500,461634.02,2025-05-16,Priya Nair,none
PAY-10725,Titan Company,INV-29671,138325.9,2025-01-19,Priya Nair,none
PAY-10220,Sun Pharma Logistics,INV-71993,530394.77,2025-07-15,Ananya Iyer,none
PAY-14140,HCL Technologies,INV-75802,101028.15,2025-11-11,Rahul Sharma,none
PAY-13958,NTPC Solutions,INV-26765,629009.58,2025-09-26,Rahul Sharma,none
PAY-11589,Wipro Technologies,INV-87421,568304.97,2025-02-15,Rahul Sharma,none
PAY-13348,Cipla Healthcare,INV-73790,240579.88,2025-11-10,Priya Nair,none
PAY-13971,Larsen & Toubro,INV-78115,404398.25,2025-01-22,Vikram Malhotra,none
PAY-14708,Bajaj Auto,INV-95994,41735.16,2025-07-19,Sneha Patel,none
PAY-10044,Hindalco Industries,INV-38864,10357.18,2025-12-29,Rahul Sharma,none
PAY-13002,ITC Limited,INV-28162,459231.02,2025-09-15,Rahul Sharma,none
PAY-10211,Hero MotoCorp,INV-73242,735282.25,2025-05-05,Ananya Iyer,none
PAY-10678,BPCL Supplies,INV-70238,17129.61,2025-03-22,Ananya Iyer,none
PAY-10355,Godrej Consumer,INV-31697,542281.33,2025-01-23,Ananya Iyer,none
PAY-11434,ITC Limited,INV-96594,332937.83,2025-11-23,Sneha Patel,none
PAY-10950,Cipla Healthcare,INV-33226,520404.2,2025-03-30,Sneha Patel,none
PAY-12844,Marico Limited,INV-58710,425038.74,2025-03-26,Sneha Patel,none
PAY-10578,Bharti Airtel,INV-84289,359247.71,2025-01-24,Rahul Sharma,none
PAY-13929,BPCL Supplies,INV-97752,501899.33,2025-06-07,Ananya Iyer,none
PAY-10545,Havells India,INV-19539,145181.65,2025-10-28,Priya Nair,none
PAY-10368,Titan Company,INV-20696,284309.94,2025-01-15,Vikram Malhotra,none
PAY-11613,Tata Motors,INV-78898,635321.96,2025-12-31,Priya Nair,none
PAY-13551,Cipla Healthcare,INV-59377,37686.63,2025-04-04,Sneha Patel,none
PAY-13717,Infosys Limited,INV-90525,5158.77,2025-04-09,Sneha Patel,none
PAY-13780,NTPC Solutions,INV-70011,293520.32,2025-11-25,Vikram Malhotra,none
PAY-10136,Infosys Limited,INV-44099,287432.38,2025-04-19,Ananya Iyer,none
PAY-14481,Power Grid Corporation,INV-95452,709263.3,2025-09-22,Sneha Patel,none
PAY-11438,Dr Reddys Laboratories,INV-79798,179077.68,2025-12-16,Ananya Iyer,none
PAY-10048,Kotak Services,INV-41850,589541.47,2025-07-28,Sneha Patel,none
PAY-11361,Marico Limited,INV-16047,81811.61,2025-12-04,Vikram Malhotra,none
PAY-10735,Tata Consultancy Services,INV-63744,22813.14,2025-10-05,Vikram Malhotra,none
PAY-11535,Havells India,INV-84760,561728.59,2025-01-13,Ananya Iyer,none
PAY-12005,Wipro Technologies,INV-31945,383917.29,2025-11-27,Priya Nair,none
PAY-13796,Cipla Healthcare,INV-53749,242142.24,2025-03-05,Sneha Patel,none
PAY-12520,Cipla Healthcare,INV-55327,303256.54,2025-10-12,Vikram Malhotra,none
PAY-11973,Mahindra & Mahindra,INV-56581,318650.22,2025-11-14,Ananya Iyer,none
PAY-10997,Wipro Technologies,INV-85361,617106.39,2025-05-13,Ananya Iyer,none
PAY-10062,HCL Technologies,INV-17455,720780.28,2025-02-11,Sneha Patel,none
PAY-11109,Bharti Airtel,INV-40042,156061.09,2025-05-08,Priya Nair,none
PAY-12406,Godrej Consumer,INV-27196,257570.43,2025-07-04,Priya Nair,none
PAY-10096,Hindalco Industries,INV-44795,33501.61,2025-11-02,Ananya Iyer,none
PAY-10479,Blue Dart Express,INV-67983,493699.18,2025-09-03,Sneha Patel,none
PAY-14360,Sun Pharma Logistics,INV-65520,649557.89,2025-09-08,Ananya Iyer,none
PAY-14113,NTPC Solutions,INV-61277,280077.41,2025-01-14,Ananya Iyer,none
PAY-13708,Bharti Airtel,INV-63125,325428.7,2025-05-01,Vikram Malhotra,none
PAY-11102,Mahindra & Mahindra,INV-18854,290091.57,2025-04-23,Sneha Patel,none
PAY-12747,UltraTech Cement,INV-65184,381244.32,2025-03-17,Priya Nair,none
PAY-12171,BPCL Supplies,INV-54987,285872.69,2025-07-15,Priya Nair,none
PAY-10323,Cipla Healthcare,INV-32037,61902.64,2025-11-21,Rahul Sharma,none
PAY-14255,Tata Consultancy Services,INV-12284,426022.75,2025-04-04,Vikram Malhotra,none
PAY-13143,Sun Pharma Logistics,INV-96032,407289.64,2025-11-11,Rahul Sharma,none
PAY-13538,Kotak Services,INV-43050,410082.54,2025-02-12,Sneha Patel,none
PAY-14926,Hero MotoCorp,INV-32402,333392.53,2025-10-24,Rahul Sharma,likely
PAY-12925,Bharti Airtel,INV-84447,565128.32,2025-03-08,Vikram Malhotra,none
PAY-11150,JSW Steel,INV-56771,645974.77,2025-06-16,Ananya Iyer,none
PAY-13618,Hindalco Industries,INV-90495,734111.01,2025-05-19,Ananya Iyer,none
PAY-10292,NTPC Solutions,INV-17861,441916.49,2025-10-15,Priya Nair,none
PAY-13750,BPCL Supplies,INV-18231,358515.59,2025-08-02,Ananya Iyer,none
PAY-13587,JSW Steel,INV-85233,107264.17,2025-06-22,Rahul Sharma,none
PAY-10534,ITC Limited,INV-64206,228873.21,2025-02-01,Priya Nair,none
PAY-13608,Titan Company,INV-51044,93986.36,2025-04-03,Rahul Sharma,none
PAY-12649,Hero MotoCorp,INV-79275,607460.8,2025-04-09,Rahul Sharma,none
PAY-14811,Asian Paints,INV-65950,110785.87,2025-09-02,Priya Nair,none
PAY-11984,HCL Technologies,INV-23742,343455.06,2025-01-22,Ananya Iyer,none
PAY-12933,Hero MotoCorp,INV-70749,531136.95,2025-02-19,Ananya Iyer,none
PAY-11537,Godrej Consumer,INV-58551,471974.16,2025-12-27,Rahul Sharma,none
PAY-14535,Infosys Limited,INV-11274,737012.54,2025-05-28,Priya Nair,none
PAY-14173,Bharti Airtel,INV-63993,661761.24,2025-02-21,Ananya Iyer,none
PAY-13361,Cipla Healthcare,INV-12615,441700.65,2025-07-05,Ananya Iyer,none
PAY-13666,Bharti Airtel,INV-12102,165599.97,2025-11-23,Sneha Patel,none
PAY-14006,BPCL Supplies,INV-67932,134566.4,2025-04-21,Vikram Malhotra,none
PAY-13627,Sun Pharma Logistics,INV-12715,376778.95,2025-11-12,Ananya Iyer,none
PAY-10587,Kotak Services,INV-39902,270079.34,2025-07-12,Ananya Iyer,none
PAY-13257,BPCL Supplies,INV-92969,65768.46,2025-08-20,Rahul Sharma,none
PAY-12299,Sun Pharma Logistics,INV-49892,88088.82,2025-12-09,Rahul Sharma,none
PAY-13989,Reliance Industries,INV-97428,281069.3,2025-12-20,Rahul Sharma,none
PAY-10585,Hero MotoCorp,INV-19963,258741.6,2025-11-11,Priya Nair,none
PAY-12424,Reliance Industries,INV-21248,139303.65,2025-02-25,Ananya Iyer,none
PAY-11392,Kotak Services,INV-94540,496822.75,2025-02-16,Sneha Patel,none
PAY-14526,Marico Limited,INV-51123,589775.51,2025-10-17,Vikram Malhotra,none
PAY-14921,Tata Consultancy Services,INV-52174,32742.49,2025-04-02,Sneha Patel,none
PAY-14801,Bharti Airtel,INV-51751,48541.79,2025-04-27,Priya Nair,none
PAY-13241,Wipro Technologies,INV-99392,269037.14,2025-05-22,Priya Nair,none
PAY-14282,Blue Dart Express,INV-24934,746774.57,2025-08-17,Rahul Sharma,none
PAY-13339,Bajaj Auto,INV-70735,413413.11,2025-07-29,Vikram Malhotra,none
PAY-13221,Tata Motors,INV-54585,401956.68,2025-07-23,Sneha Patel,none
PAY-12112,Cipla Healthcare,INV-59993,323410.98,2025-02-12,Vikram Malhotra,none
PAY-11175,Bharti Airtel,INV-42778,613851.79,2025-01-07,Rahul Sharma,none
PAY-14863,Dr Reddys Laboratories,INV-51488,212916.27,2025-05-18,Ananya Iyer,none
PAY-13812,Coal India Logistics,INV-97409,294388.65,2025-09-28,Vikram Malhotra,none
PAY-11868,Bajaj Auto,INV-49216,216978.94,2025-10-21,Sneha Patel,none
PAY-12615,BPCL Supplies,INV-50749,540760.82,2025-01-04,Ananya Iyer,none
PAY-13867,NTPC Solutions,INV-31534,25040.03,2025-02-19,Priya Nair,none
PAY-14886,HCL Technologies,INV-29901,56237.0,2025-03-30,Vikram Malhotra,exact
PAY-13779,Dr Reddys Laboratories,INV-18768,732222.26,2025-04-27,Ananya Iyer,none
PAY-13847,Reliance Industries,INV-50152,542056.17,2025-08-06,Vikram Malhotra,none
PAY-12417,Asian Paints,INV-58068,386797.04,2025-11-16,Vikram Malhotra,none
PAY-10071,Marico Limited,INV-19016,660056.33,2025-07-09,Vikram Malhotra,none
PAY-14881,Reliance Industries,INV-35497,110333.73,2025-02-24,Priya Nair,none
PAY-11127,UltraTech Cement,INV-75483,105181.41,2025-11-19,Priya Nair,none
PAY-14025,Bharti Airtel,INV-19837,65504.51,2025-04-09,Priya Nair,none
PAY-13251,Tata Consultancy Services,INV-95119,696975.5,2025-03-03,Vikram Malhotra,none
PAY-13902,Tata Consultancy Services,INV-29631,741360.16,2025-06-10,Ananya Iyer,none
PAY-11096,Tata Consultancy Services,INV-44223,135400.92,2025-09-17,Rahul Sharma,none
PAY-14546,Hindalco Industries,INV-11710,484873.36,2025-07-23,Priya Nair,none
PAY-11213,Titan Company,INV-34832,148873.99,2025-12-03,Sneha Patel,none
PAY-13922,Marico Limited,INV-82848,686850.02,2025-01-03,Vikram Malhotra,none
PAY-11426,Godrej Consumer,INV-91830,25337.08,2025-09-06,Rahul Sharma,none
PAY-13067,Cipla Healthcare,INV-61935,590429.29,2025-03-22,Priya Nair,none
PAY-14520,Reliance Industries,INV-88777,739778.76,2025-01-10,Sneha Patel,none
PAY-12101,Infosys Limited,INV-97163,741340.33,2025-12-18,Sneha Patel,none
PAY-10808,Hero MotoCorp,INV-96772,470692.76,2025-09-03,Sneha Patel,none
PAY-14744,BPCL Supplies,INV-69781,600657.97,2025-05-26,Ananya Iyer,none
PAY-13751,Blue Dart Express,INV-89791,431063.75,2025-06-11,Priya Nair,none
PAY-11363,Sun Pharma Logistics,INV-36287,148446.5,2025-05-22,Priya Nair,none
PAY-12318,Power Grid Corporation,INV-78822,197831.79,2025-04-23,Vikram Malhotra,none
PAY-14582,Dr Reddys Laboratories,INV-70784,519249.2,2025-08-29,Sneha Patel,none
PAY-14742,Reliance Industries,INV-86820,56593.55,2025-01-13,Vikram Malhotra,none
PAY-11026,Dr Reddys Laboratories,INV-19882,669618.36,2025-09-17,Rahul Sharma,none
PAY-13110,Bharti Airtel,INV-29435,158577.41,2025-04-03,Rahul Sharma,none
PAY-12111,Coal India Logistics,INV-66810,571441.73,2025-09-04,Rahul Sharma,none
PAY-11042,Mahindra & Mahindra,INV-59326,729642.21,2025-04-25,Priya Nair,none
PAY-11877,Larsen & Toubro,INV-73539,534807.17,2025-03-08,Priya Nair,none
PAY-10882,Kotak Services,INV-60242,8478.51,2025-10-01,Sneha Patel,none
PAY-14300,Wipro Technologies,INV-49263,448781.89,2025-02-16,Rahul Sharma,none
PAY-11193,Bharti Airtel,INV-84278,144036.91,2025-06-28,Vikram Malhotra,none
PAY-14588,Godrej Consumer,INV-76724,210702.67,2025-06-09,Rahul Sharma,none
PAY-14511,Titan Company,INV-28074,407443.13,2025-06-19,Vikram Malhotra,none
PAY-13671,ITC Limited,INV-29075,673293.96,2025-02-21,Vikram Malhotra,none
PAY-10625,Reliance Industries,INV-48722,314901.69,2025-02-13,Rahul Sharma,none
PAY-12797,Bajaj Auto,INV-62178,530090.01,2025-09-05,Ananya Iyer,none
PAY-14292,Blue Dart Express,INV-96702,383622.04,2025-02-06,Priya Nair,none
PAY-14969,Kotak Services,INV-12830,11885.15,2025-11-01,Vikram Malhotra,none
PAY-10234,JSW Steel,INV-41566,375762.1,2025-10-26,Sneha Patel,none
PAY-14567,Godrej Consumer,INV-81176,341104.97,2025-10-17,Sneha Patel,none
PAY-11663,JSW Steel,INV-80699,431296.62,2025-09-01,Priya Nair,none
PAY-10416,Godrej Consumer,INV-28202,181368.46,2025-09-10,Rahul Sharma,none
PAY-14247,Kotak Services,INV-31217,320734.93,2025-01-22,Priya Nair,none
PAY-12174,Dr Reddys Laboratories,INV-87620,703221.93,2025-03-01,Priya Nair,none
PAY-11457,Mahindra & Mahindra,INV-31229,586644.82,2025-05-22,Rahul Sharma,none
PAY-10747,UltraTech Cement,INV-25825,404263.79,2025-04-17,Ananya Iyer,none
PAY-10018,ITC Limited,INV-99733,246590.64,2025-01-29,Sneha Patel,none
PAY-11201,Coal India Logistics,INV-47110,245337.03,2025-11-25,Vikram Malhotra,none
PAY-11700,Dr Reddys Laboratories,INV-73680,587764.14,2025-01-29,Rahul Sharma,none
PAY-13254,Havells India,INV-54996,141327.25,2025-06-09,Vikram Malhotra,none
PAY-10597,Cipla Healthcare,INV-21101,545008.66,2025-10-14,Sneha Patel,none
PAY-13227,Tata Consultancy Services,INV-48901,186541.75,2025-01-11,Priya Nair,none
PAY-14406,Mahindra & Mahindra,INV-43305,194523.01,2025-12-10,Vikram Malhotra,none
PAY-14720,Bajaj Auto,INV-21334,323948.7,2025-05-18,Rahul Sharma,none
PAY-11506,Mahindra & Mahindra,INV-16955,149320.65,2025-03-18,Ananya Iyer,none
PAY-11413,Kotak Services,INV-41031,535536.85,2025-05-18,Ananya Iyer,none
PAY-11966,Titan Company,INV-22560,464889.97,2025-07-30,Sneha Patel,none
PAY-10372,Coal India Logistics,INV-10688,679863.83,2025-01-10,Vikram Malhotra,none
PAY-11341,Bharti Airtel,INV-53321,626199.85,2025-12-11,Ananya Iyer,none
PAY-10599,Larsen & Toubro,INV-45247,229342.79,2025-09-10,Sneha Patel,none
PAY-10239,Asian Paints,INV-49599,153416.66,2025-07-16,Ananya Iyer,none
PAY-13401,Tech Mahindra,INV-31137,53166.74,2025-02-02,Ananya Iyer,none
PAY-12068,Kotak Services,INV-46587,631964.09,2025-03-29,Rahul Sharma,none
PAY-10811,Kotak Services,INV-74106,671683.73,2025-05-16,Rahul Sharma,none
PAY-11095,Coal India Logistics,INV-35496,343795.46,2025-07-26,Priya Nair,none
PAY-14325,JSW Steel,INV-88602,481872.27,2025-03-25,Sneha Patel,none
PAY-14761,Hero MotoCorp,INV-84700,573770.75,2025-11-10,Ananya Iyer,none
PAY-13677,Mahindra & Mahindra,INV-17849,23389.21,2025-04-22,Priya Nair,none
PAY-13465,Cipla Healthcare,INV-93142,504345.94,2025-01-10,Priya Nair,none
PAY-13104,BPCL Supplies,INV-85395,258158.24,2025-09-28,Ananya Iyer,none
PAY-12750,Mahindra & Mahindra,INV-82689,534979.5,2025-08-29,Rahul Sharma,none
PAY-12296,Infosys Limited,INV-10070,43837.32,2025-06-14,Sneha Patel,none
PAY-14193,Bajaj Auto,INV-99600,161886.37,2025-12-27,Vikram Malhotra,none
PAY-13709,ITC Limited,INV-90028,604374.49,2025-06-22,Sneha Patel,none
PAY-13019,Godrej Consumer,INV-26260,82199.14,2025-05-15,Priya Nair,none
PAY-14253,Bajaj Auto,INV-79559,715646.2,2025-09-09,Vikram Malhotra,none
PAY-10804,Bharti Airtel,INV-34901,309913.5,2025-10-11,Priya Nair,none
PAY-14191,Cipla Healthcare,INV-82641,369264.34,2025-12-18,Ananya Iyer,none
PAY-13706,Sun Pharma Logistics,INV-58546,93078.67,2025-05-01,Ananya Iyer,none
PAY-10752,Infosys Limited,INV-98759,227636.33,2025-03-31,Rahul Sharma,none
PAY-14645,UltraTech Cement,INV-37344,679928.86,2025-03-06,Rahul Sharma,none
PAY-12532,Kotak Services,INV-96673,370127.36,2025-05-24,Vikram Malhotra,none
PAY-10622,NTPC Solutions,INV-86089,517309.98,2025-04-24,Ananya Iyer,none
PAY-12298,UltraTech Cement,INV-34227,192935.97,2025-09-09,Vikram Malhotra,none
PAY-13829,Mahindra & Mahindra,INV-10400,327803.58,2025-03-23,Rahul Sharma,none
PAY-10567,Dr Reddys Laboratories,INV-46010,404124.89,2025-05-27,Rahul Sharma,none
PAY-11136,Marico Limited,INV-20277,288897.89,2025-05-27,Ananya Iyer,none
PAY-11205,BPCL Supplies,INV-60934,495151.34,2025-09-27,Priya Nair,none
PAY-11048,UltraTech Cement,INV-53283,541590.47,2025-09-04,Ananya Iyer,none
PAY-10052,Bharti Airtel,INV-34931,404532.89,2025-03-13,Ananya Iyer,none
PAY-13652,Havells India,INV-32517,575930.47,2025-09-20,Rahul Sharma,none
PAY-11045,Marico Limited,INV-28214,332724.53,2025-04-28,Rahul Sharma,none
PAY-12182,Larsen & Toubro,INV-88835,216127.65,2025-12-07,Rahul Sharma,none
PAY-12689,Havells India,INV-95674,186933.31,2025-05-17,Vikram Malhotra,none
PAY-10535,Hindalco Industries,INV-32955,471364.89,2025-08-07,Priya Nair,none
PAY-13185,Tech Mahindra,INV-26366,408238.31,2025-11-09,Ananya Iyer,none
PAY-13858,UltraTech Cement,INV-25765,743530.11,2025-11-26,Priya Nair,none
PAY-10444,Tata Consultancy Services,INV-21802,709198.44,2025-09-16,Ananya Iyer,none
PAY-13605,Asian Paints,INV-82174,439769.79,2025-05-22,Priya Nair,none
PAY-10196,Power Grid Corporation,INV-95394,334460.91,2025-05-23,Sneha Patel,none
PAY-11116,NTPC Solutions,INV-14268,379344.03,2025-07-21,Sneha Patel,none
PAY-10766,BPCL Supplies,INV-78919,190615.08,2025-10-06,Rahul Sharma,none
PAY-11946,Dr Reddys Laboratories,INV-45956,147929.4,2025-12-14,Rahul Sharma,none
PAY-13248,Hindalco Industries,INV-25687,582092.59,2025-02-06,Priya Nair,none
PAY-13003,Coal India Logistics,INV-84787,550450.26,2025-01-12,Vikram Malhotra,none
PAY-11433,Hero MotoCorp,INV-75004,565807.17,2025-07-31,Ananya Iyer,none
PAY-14201,Dr Reddys Laboratories,INV-55645,499686.23,2025-02-17,Vikram Malhotra,none
PAY-13096,Bajaj Auto,INV-12123,426457.37,2025-01-17,Priya Nair,none
PAY-12923,Titan Company,INV-87735,26273.6,2025-09-20,Sneha Patel,none
PAY-10645,Titan Company,INV-65448,143386.51,2025-11-22,Priya Nair,none
PAY-11050,Tata Consultancy Services,INV-41938,37142.53,2025-10-21,Priya Nair,none
PAY-13746,Mahindra & Mahindra,INV-79582,296064.19,2025-09-28,Priya Nair,none
PAY-14094,Power Grid Corporation,INV-85602,151134.42,2025-01-20,Priya Nair,none
PAY-14404,Tata Motors,INV-61948,333203.49,2025-09-16,Vikram Malhotra,none
PAY-10121,Cipla Healthcare,INV-78327,366024.78,2025-05-03,Vikram Malhotra,none
PAY-12053,Hindalco Industries,INV-15122,554281.58,2025-05-28,Ananya Iyer,none
PAY-14259,JSW Steel,INV-36262,457187.2,2025-03-22,Ananya Iyer,none
PAY-14889,Havells India,INV-67074,276285.54,2025-10-02,Ananya Iyer,none
PAY-14335,Cipla Healthcare,INV-77605,99449.07,2025-05-13,Priya Nair,none
PAY-14692,Infosys Limited,INV-71543,300836.53,2025-01-26,Priya Nair,none
PAY-10135,Wipro Technologies,INV-94246,324316.51,2025-08-25,Sneha Patel,none
PAY-12461,UltraTech Cement,INV-94523,529357.04,2025-07-22,Rahul Sharma,none
PAY-11955,Blue Dart Express,INV-42765,151673.23,2025-06-18,Vikram Malhotra,none
PAY-12464,Infosys Limited,INV-12035,24553.88,2025-07-11,Priya Nair,none
PAY-10185,Tata Motors,INV-69510,58028.92,2025-04-30,Vikram Malhotra,none
PAY-11393,Hero MotoCorp,INV-28208,666009.84,2025-11-22,Rahul Sharma,none
PAY-12277,Kotak Services,INV-97194,737281.88,2025-03-02,Ananya Iyer,none
PAY-10512,Havells India,INV-78202,334171.21,2025-12-15,Sneha Patel,none
PAY-14730,Titan Company,INV-70654,401325.33,2025-11-28,Ananya Iyer,none
PAY-14055,Dr Reddys Laboratories,INV-75491,502120.89,2025-03-29,Sneha Patel,none
PAY-13138,HCL Technologies,INV-30731,79585.86,2025-06-28,Sneha Patel,none
PAY-12670,Coal India Logistics,INV-90272,697375.87,2025-10-10,Ananya Iyer,none
PAY-14774,Tata Consultancy Services,INV-84843,336929.58,2025-02-01,Sneha Patel,none
PAY-14862,Coal India Logistics,INV-33810,204657.87,2025-11-22,Priya Nair,exact
PAY-12118,Titan Company,INV-64502,705512.31,2025-07-11,Ananya Iyer,none
PAY-10252,Asian Paints,INV-19869,109863.98,2025-04-26,Ananya Iyer,none
PAY-13527,Tata Consultancy Services,INV-14076,225359.13,2025-04-17,Sneha Patel,none
PAY-13560,Blue Dart Express,INV-41880,680429.1,2025-03-12,Rahul Sharma,none
PAY-14012,Coal India Logistics,INV-66904,259298.1,2025-10-09,Sneha Patel,none
PAY-11508,BPCL Supplies,INV-57735,217373.07,2025-08-11,Vikram Malhotra,none
PAY-10123,Sun Pharma Logistics,INV-51904,670304.99,2025-02-11,Sneha Patel,none
PAY-14260,Blue Dart Express,INV-43321,629556.38,2025-07-21,Ananya Iyer,none
PAY-13334,Hero MotoCorp,INV-92116,267941.32,2025-07-27,Ananya Iyer,none
PAY-11872,Wipro Technologies,INV-18151,321540.62,2025-03-08,Ananya Iyer,none
PAY-13693,NTPC Solutions,INV-81817,667431.88,2025-06-19,Vikram Malhotra,none
PAY-10568,Power Grid Corporation,INV-98346,325777.04,2025-04-02,Rahul Sharma,none
PAY-11372,Tata Motors,INV-88134,669000.54,2025-11-19,Ananya Iyer,none
PAY-13186,Larsen & Toubro,INV-19227,660769.03,2025-06-24,Vikram Malhotra,none
PAY-13956,Tata Consultancy Services,INV-34225,160484.15,2025-01-14,Rahul Sharma,none
PAY-11057,Coal India Logistics,INV-96461,385549.66,2025-03-27,Vikram Malhotra,none
PAY-10857,Power Grid Corporation,INV-96816,725031.66,2025-07-11,Priya Nair,none
PAY-13839,Mahindra & Mahindra,INV-58605,393911.03,2025-12-20,Rahul Sharma,none
PAY-12861,Bharti Airtel,INV-32033,6989.74,2025-04-29,Sneha Patel,none
PAY-14770,HCL Technologies,INV-29150,172273.94,2025-10-31,Vikram Malhotra,none
PAY-10777,NTPC Solutions,INV-50508,135789.79,2025-01-20,Rahul Sharma,none
PAY-10721,Power Grid Corporation,INV-57202,46302.14,2025-10-18,Sneha Patel,none
PAY-12711,Infosys Limited,INV-90681,209331.06,2025-05-18,Vikram Malhotra,none
PAY-12655,Power Grid Corporation,INV-56151,270581.47,2025-10-14,Sneha Patel,none
PAY-14878,Dr Reddys Laboratories,INV-48883,335399.35,2025-04-03,Ananya Iyer,exact
PAY-10603,Tech Mahindra,INV-10887,711873.48,2025-06-20,Priya Nair,none
PAY-13823,Reliance Industries,INV-54742,158718.42,2025-03-15,Sneha Patel,none
PAY-11245,Bharti Airtel,INV-73944,299512.51,2025-10-20,Sneha Patel,none
PAY-14846,Dr Reddys Laboratories,INV-28625,180006.17,2025-02-18,Ananya Iyer,none
PAY-14842,Asian Paints,INV-88415,174635.11,2025-06-01,Sneha Patel,none
PAY-10319,Tata Consultancy Services,INV-52568,133045.52,2025-11-13,Ananya Iyer,none
PAY-10829,Hindalco Industries,INV-87061,439094.43,2025-02-21,Rahul Sharma,none
PAY-13264,Havells India,INV-99545,684897.9,2025-11-04,Vikram Malhotra,none
PAY-10275,Tata Consultancy Services,INV-56955,593538.57,2025-05-02,Priya Nair,none
PAY-12665,Infosys Limited,INV-54308,318947.24,2025-04-13,Vikram Malhotra,none
PAY-10550,Sun Pharma Logistics,INV-47101,288593.0,2025-10-01,Vikram Malhotra,none
PAY-13642,Blue Dart Express,INV-43442,342560.12,2025-05-31,Sneha Patel,none
PAY-14054,Kotak Services,INV-80016,85670.55,2025-03-14,Ananya Iyer,none
PAY-14893,Mahindra & Mahindra,INV-82911,273244.53,2025-07-19,Vikram Malhotra,none
PAY-12935,Cipla Healthcare,INV-52875,674025.86,2025-12-12,Ananya Iyer,none
PAY-10606,Kotak Services,INV-51180,137339.77,2025-07-23,Vikram Malhotra,none
PAY-10897,Tata Motors,INV-99881,474581.95,2025-06-04,Ananya Iyer,none
PAY-10528,Bharti Airtel,INV-18819,80168.05,2025-01-18,Ananya Iyer,none
PAY-14608,JSW Steel,INV-99887,733818.75,2025-02-07,Ananya Iyer,none
PAY-12348,Power Grid Corporation,INV-64432,110667.09,2025-04-25,Rahul Sharma,none
PAY-13440,Reliance Industries,INV-48747,551397.84,2025-04-10,Priya Nair,none
PAY-14999,Bajaj Auto,INV-4330,15013.34,2025-07-03,Vikram Malhotra,none
PAY-14827,BPCL Supplies,INV-67764,119784.2,2025-05-28,Sneha Patel,none
PAY-13923,BPCL Supplies,INV-43903,721803.28,2025-11-26,Sneha Patel,none
PAY-10299,JSW Steel,INV-94239,419771.12,2025-11-08,Vikram Malhotra,none
PAY-12120,UltraTech Cement,INV-15089,744391.99,2025-03-05,Ananya Iyer,none
PAY-12537,Bharti Airtel,INV-73916,82878.36,2025-04-17,Priya Nair,none
PAY-14204,UltraTech Cement,INV-71616,66572.62,2025-12-18,Priya Nair,none
PAY-13255,HCL Technologies,INV-66408,659903.08,2025-09-13,Rahul Sharma,none
PAY-13726,Godrej Consumer,INV-40818,596721.84,2025-06-08,Vikram Malhotra,none
PAY-11261,Godrej Consumer,INV-90997,207104.68,2025-08-27,Rahul Sharma,none
PAY-11559,UltraTech Cement,INV-85851,260380.4,2025-11-27,Vikram Malhotra,none
PAY-13270,Bharti Airtel,INV-89102,120663.2,2025-11-10,Vikram Malhotra,none
PAY-14047,Asian Paints,INV-74978,411854.03,2025-06-26,Ananya Iyer,none
PAY-10757,Hindalco Industries,INV-86823,197821.39,2025-02-08,Rahul Sharma,none
PAY-11011,HCL Technologies,INV-38939,464579.27,2025-05-10,Sneha Patel,none
PAY-12795,UltraTech Cement,INV-68611,247420.8,2025-12-06,Ananya Iyer,none
PAY-12906,Asian Paints,INV-92709,516844.71,2025-03-29,Rahul Sharma,none
PAY-11871,Reliance Industries,INV-29209,535172.11,2025-07-30,Rahul Sharma,none
PAY-12230,Coal India Logistics,INV-31501,317666.42,2025-03-20,Vikram Malhotra,none
PAY-11174,Mahindra & Mahindra,INV-61435,58181.6,2025-08-29,Sneha Patel,none
PAY-11833,Cipla Healthcare,INV-16117,578720.7,2025-10-13,Vikram Malhotra,none
PAY-10377,NTPC Solutions,INV-12154,475806.43,2025-10-22,Sneha Patel,none
PAY-13854,UltraTech Cement,INV-15751,157694.72,2025-07-31,Priya Nair,none
PAY-13617,NTPC Solutions,INV-90779,17993.23,2025-03-24,Rahul Sharma,none
PAY-10799,Tata Consultancy Services,INV-51774,199540.14,2025-02-23,Rahul Sharma,none
PAY-10379,Bajaj Auto,INV-41531,430144.47,2025-04-06,Rahul Sharma,none
PAY-11159,Cipla Healthcare,INV-72530,228209.84,2025-08-09,Vikram Malhotra,none
PAY-13820,Dr Reddys Laboratories,INV-19463,514630.79,2025-03-10,Sneha Patel,none
PAY-12793,Kotak Services,INV-92578,297196.49,2025-07-02,Priya Nair,none
PAY-12241,Coal India Logistics,INV-62776,360262.09,2025-03-07,Vikram Malhotra,none
PAY-14036,NTPC Solutions,INV-22067,560667.95,2025-09-09,Ananya Iyer,none
PAY-12663,Tech Mahindra,INV-62326,465890.46,2025-10-07,Rahul Sharma,none
PAY-14013,Titan Company,INV-87399,573513.43,2025-10-06,Sneha Patel,none
PAY-12958,Cipla Healthcare,INV-13084,409347.63,2025-04-02,Vikram Malhotra,none
PAY-13928,JSW Steel,INV-48686,545862.26,2025-09-25,Priya Nair,none
PAY-11039,BPCL Supplies,INV-45847,626979.84,2025-05-15,Priya Nair,none
PAY-13260,Tata Consultancy Services,INV-79352,14370.97,2025-06-17,Ananya Iyer,none
PAY-11345,Tech Mahindra,INV-84048,545098.29,2025-06-11,Priya Nair,none
PAY-12506,JSW Steel,INV-58714,282113.39,2025-06-10,Rahul Sharma,none
PAY-11722,Dr Reddys Laboratories,INV-64127,695240.43,2025-06-20,Ananya Iyer,none
PAY-14664,Marico Limited,INV-76255,599145.31,2025-05-13,Vikram Malhotra,none
PAY-10176,Larsen & Toubro,INV-29555,609300.85,2025-06-05,Rahul Sharma,none
PAY-14894,Mahindra & Mahindra,INV-82911,273244.53,2025-07-21,Sneha Patel,exact
PAY-11910,Hindalco Industries,INV-40997,372269.68,2025-09-16,Ananya Iyer,none
PAY-10046,Power Grid Corporation,INV-41195,212465.56,2025-09-06,Sneha Patel,none
PAY-13410,Havells India,INV-70868,341871.42,2025-03-14,Ananya Iyer,none
PAY-14675,Infosys Limited,INV-13318,690977.27,2025-09-05,Sneha Patel,none
PAY-11076,HCL Technologies,INV-58524,421524.9,2025-09-05,Vikram Malhotra,none
PAY-12830,ITC Limited,INV-20995,110291.27,2025-11-12,Ananya Iyer,none
PAY-11505,ITC Limited,INV-70845,578896.81,2025-12-04,Sneha Patel,none
PAY-12310,Wipro Technologies,INV-73284,317158.1,2025-09-15,Rahul Sharma,none
PAY-11437,HCL Technologies,INV-70819,302064.88,2025-06-04,Ananya Iyer,none
PAY-12419,Mahindra & Mahindra,INV-99463,36793.3,2025-11-26,Rahul Sharma,none
PAY-13987,Dr Reddys Laboratories,INV-79285,106688.98,2025-01-24,Sneha Patel,none
PAY-13099,Wipro Technologies,INV-83176,586538.22,2025-09-30,Sneha Patel,none
PAY-14589,JSW Steel,INV-22579,746594.55,2025-03-12,Sneha Patel,none
PAY-10284,BPCL Supplies,INV-86724,413525.54,2025-06-16,Ananya Iyer,none
PAY-14919,Dr Reddys Laboratories,INV-31141,274228.27,2025-04-10,Sneha Patel,none
PAY-10843,Tata Consultancy Services,INV-32772,148608.77,2025-04-13,Rahul Sharma,none
PAY-11514,ITC Limited,INV-24435,247968.51,2025-02-20,Sneha Patel,none
PAY-11169,NTPC Solutions,INV-12900,143523.51,2025-02-22,Vikram Malhotra,none
PAY-11593,Hero MotoCorp,INV-49582,626765.98,2025-06-05,Ananya Iyer,none
PAY-13461,ITC Limited,INV-17407,485345.14,2025-10-13,Rahul Sharma,none
PAY-13166,Larsen & Toubro,INV-99204,170283.53,2025-01-09,Sneha Patel,none
PAY-12285,Larsen & Toubro,INV-77009,144210.88,2025-05-24,Rahul Sharma,none
PAY-13576,Havells India,INV-52006,586570.84,2025-01-15,Sneha Patel,none
PAY-14871,Larsen & Toubro,INV-87663,150060.39,2025-02-06,Ananya Iyer,none
PAY-12306,Coal India Logistics,INV-54944,229599.93,2025-08-31,Sneha Patel,none
PAY-10953,Mahindra & Mahindra,INV-62149,722877.19,2025-05-31,Ananya Iyer,none
PAY-14943,Tata Motors,INV-12593,476807.12,2025-09-04,Ananya Iyer,none
PAY-13054,Havells India,INV-24617,541386.18,2025-08-15,Sneha Patel,none
PAY-14560,Tata Consultancy Services,INV-14187,430631.67,2025-11-26,Ananya Iyer,none
PAY-12686,Wipro Technologies,INV-42794,704085.76,2025-04-16,Ananya Iyer,none
PAY-11490,Godrej Consumer,INV-98918,304496.41,2025-03-03,Priya Nair,none
PAY-10928,Havells India,INV-74990,652714.65,2025-02-08,Ananya Iyer,none
PAY-11210,Godrej Consumer,INV-17641,618614.01,2025-05-17,Priya Nair,none
PAY-13974,Tata Motors,INV-22580,91801.92,2025-03-07,Ananya Iyer,none
PAY-13546,Hindalco Industries,INV-25423,525171.34,2025-09-09,Sneha Patel,none
PAY-14362,Godrej Consumer,INV-50438,577164.01,2025-04-24,Sneha Patel,none
PAY-11922,Infosys Limited,INV-31157,555691.29,2025-10-16,Rahul Sharma,none
PAY-10352,Cipla Healthcare,INV-80748,627164.27,2025-09-27,Rahul Sharma,none
PAY-14899,Power Grid Corporation,INV-52898,390209.81,2025-07-18,Vikram Malhotra,none
PAY-13394,Wipro Technologies,INV-33049,730771.82,2025-05-15,Sneha Patel,none
PAY-12722,Hindalco Industries,INV-51593,36256.91,2025-04-27,Rahul Sharma,none
PAY-14982,JSW Steel,INV9433,243799.03,2025-01-31,Rahul Sharma,typo
PAY-10719,Godrej Consumer,INV-66272,207625.54,2025-02-02,Vikram Malhotra,none
PAY-12703,Cipla Healthcare,INV-13584,259003.57,2025-11-15,Ananya Iyer,none
PAY-12723,Tata Motors,INV-43954,731585.33,2025-01-09,Vikram Malhotra,none
PAY-14562,BPCL Supplies,INV-80911,419060.47,2025-07-31,Priya Nair,none
PAY-10309,Bajaj Auto,INV-66349,87612.88,2025-12-14,Priya Nair,none
PAY-11676,Reliance Industries,INV-98488,158401.7,2025-09-12,Priya Nair,none
PAY-10834,Infosys Limited,INV-61877,667732.79,2025-06-19,Sneha Patel,none
PAY-10367,UltraTech Cement,INV-16980,300358.2,2025-07-11,Sneha Patel,none
PAY-14507,Dr Reddys Laboratories,INV-66264,338614.47,2025-10-29,Priya Nair,none
PAY-12079,Dr Reddys Laboratories,INV-31895,37789.32,2025-09-20,Rahul Sharma,none
PAY-14039,Titan Company,INV-78679,507601.15,2025-05-15,Rahul Sharma,none
PAY-14847,Titan Company,INV-69559,155976.7,2025-02-08,Sneha Patel,none
PAY-14480,Marico Limited,INV-46699,8767.37,2025-02-15,Ananya Iyer,none
PAY-11747,Dr Reddys Laboratories,INV-88275,195888.07,2025-02-18,Priya Nair,none
PAY-10020,Wipro Technologies,INV-37653,685286.41,2025-10-18,Vikram Malhotra,none
PAY-11323,Hindalco Industries,INV-83685,137177.35,2025-08-22,Priya Nair,none
PAY-13568,Tech Mahindra,INV-27964,243049.25,2025-05-05,Ananya Iyer,none
PAY-12522,Kotak Services,INV-94029,725528.63,2025-03-04,Vikram Malhotra,none
PAY-10219,Hindalco Industries,INV-60196,179004.02,2025-07-30,Rahul Sharma,none
PAY-11488,Hero MotoCorp,INV-23937,90063.86,2025-11-01,Priya Nair,none
PAY-10439,Reliance Industries,INV-51827,185094.71,2025-03-04,Vikram Malhotra,none
PAY-14175,BPCL Supplies,INV-49740,181022.69,2025-10-09,Sneha Patel,none
PAY-12751,Larsen & Toubro,INV-14466,626224.63,2025-01-13,Sneha Patel,none
PAY-13289,Bajaj Auto,INV-99277,525891.42,2025-04-20,Rahul Sharma,none
PAY-13434,Coal India Logistics,INV-44866,54859.46,2025-07-19,Sneha Patel,none
PAY-12526,Tata Consultancy Services,INV-16880,198467.33,2025-01-23,Rahul Sharma,none
PAY-14651,Reliance Industries,INV-41395,15091.95,2025-05-22,Sneha Patel,none
PAY-13689,Wipro Technologies,INV-31416,644836.29,2025-05-16,Ananya Iyer,none
PAY-12764,Power Grid Corporation,INV-65927,217516.61,2025-07-16,Vikram Malhotra,none
PAY-10803,Coal India Logistics,INV-66911,122042.31,2025-02-21,Vikram Malhotra,none
PAY-12998,Blue Dart Express,INV-33281,303040.5,2025-01-02,Priya Nair,none
PAY-12229,Tata Motors,INV-58777,424913.41,2025-11-28,Priya Nair,none
PAY-14786,Coal India Logistics,INV-38626,708564.47,2025-05-14,Vikram Malhotra,none
PAY-12078,ITC Limited,INV-22661,598708.5,2025-12-07,Sneha Patel,none
PAY-10583,Sun Pharma Logistics,INV-60311,567928.9,2025-03-13,Rahul Sharma,none
PAY-10204,Coal India Logistics,INV-75338,470929.51,2025-01-27,Sneha Patel,none
PAY-14347,Infosys Limited,INV-72620,746039.6,2025-05-07,Ananya Iyer,none
PAY-13479,Marico Limited,INV-87759,614305.92,2025-07-04,Ananya Iyer,none
PAY-12930,Wipro Technologies,INV-42077,119832.76,2025-10-12,Vikram Malhotra,none
PAY-13086,Tech Mahindra,INV-85246,153995.76,2025-02-15,Ananya Iyer,none
PAY-11019,Larsen & Toubro,INV-84128,427312.11,2025-06-11,Ananya Iyer,none
PAY-11584,Tech Mahindra,INV-55209,266759.5,2025-08-17,Priya Nair,none
PAY-11033,Cipla Healthcare,INV-77388,109576.17,2025-03-23,Sneha Patel,none
PAY-11719,Bharti Airtel,INV-31001,687338.65,2025-11-20,Vikram Malhotra,none
PAY-11282,UltraTech Cement,INV-49760,335038.34,2025-11-23,Vikram Malhotra,none
PAY-12499,Marico Limited,INV-68478,320684.3,2025-05-20,Vikram Malhotra,none
PAY-13351,Sun Pharma Logistics,INV-21789,238403.94,2025-07-02,Sneha Patel,none
PAY-10518,NTPC Solutions,INV-17897,701264.19,2025-02-05,Ananya Iyer,none
PAY-11748,Infosys Limited,INV-16830,252982.59,2025-05-01,Ananya Iyer,none
PAY-14653,Mahindra & Mahindra,INV-33801,291680.44,2025-05-27,Rahul Sharma,none
PAY-13733,Marico Limited,INV-72026,493855.34,2025-07-06,Sneha Patel,none
PAY-10669,Kotak Services,INV-28634,435182.02,2025-05-18,Ananya Iyer,none
PAY-14060,Dr Reddys Laboratories,INV-74396,589373.94,2025-12-18,Priya Nair,none
PAY-13027,Bajaj Auto,INV-48170,233463.73,2025-03-23,Priya Nair,none
PAY-14933,Marico Limited,INV-20918,174749.02,2025-02-28,Priya Nair,none
PAY-13287,Bajaj Auto,INV-80485,44064.27,2025-12-17,Ananya Iyer,none
PAY-12651,Bharti Airtel,INV-14356,608456.59,2025-01-03,Vikram Malhotra,none
PAY-14454,JSW Steel,INV-96561,482424.84,2025-11-11,Rahul Sharma,none
PAY-13193,Marico Limited,INV-42986,481997.74,2025-06-18,Ananya Iyer,none
PAY-12125,Tata Motors,INV-97251,485773.49,2025-05-14,Priya Nair,none
PAY-13376,Titan Company,INV-14716,522989.77,2025-05-19,Ananya Iyer,none
PAY-13393,Havells India,INV-18030,334674.66,2025-09-17,Rahul Sharma,none
PAY-13486,Wipro Technologies,INV-90788,84909.88,2025-01-01,Rahul Sharma,none
PAY-10760,HCL Technologies,INV-85220,327701.5,2025-07-22,Ananya Iyer,none
PAY-13380,Blue Dart Express,INV-68965,689488.21,2025-02-13,Vikram Malhotra,none
PAY-14441,Dr Reddys Laboratories,INV-87113,287496.11,2025-02-08,Vikram Malhotra,none
PAY-12527,Infosys Limited,INV-49883,60906.42,2025-06-18,Priya Nair,none
PAY-14859,Wipro Technologies,INV-99374,132113.55,2025-03-07,Ananya Iyer,none
PAY-10908,Mahindra & Mahindra,INV-70853,42309.75,2025-03-31,Rahul Sharma,none
PAY-12684,BPCL Supplies,INV-42013,748576.16,2025-03-08,Priya Nair,none
PAY-10215,Dr Reddys Laboratories,INV-49132,628919.56,2025-10-24,Ananya Iyer,none
PAY-13332,Godrej Consumer,INV-49302,112267.91,2025-08-24,Ananya Iyer,none
PAY-14459,Marico Limited,INV-56990,343641.34,2025-11-20,Priya Nair,none
PAY-10694,Wipro Technologies,INV-23168,109309.79,2025-03-05,Priya Nair,none
PAY-11504,Coal India Logistics,INV-57435,647734.64,2025-10-04,Priya Nair,none
PAY-12415,Reliance Industries,INV-84545,368752.95,2025-07-06,Vikram Malhotra,none
PAY-12119,Kotak Services,INV-50345,482581.3,2025-10-29,Rahul Sharma,none
PAY-13859,Marico Limited,INV-68961,670361.54,2025-02-17,Vikram Malhotra,none
PAY-12463,Tech Mahindra,INV-64357,506609.1,2025-01-03,Ananya Iyer,none
PAY-13636,UltraTech Cement,INV-43413,264431.39,2025-05-18,Vikram Malhotra,none
PAY-14106,NTPC Solutions,INV-85051,701229.56,2025-06-24,Ananya Iyer,none
PAY-14479,Power Grid Corporation,INV-31358,690059.08,2025-11-09,Vikram Malhotra,none
PAY-10197,Hindalco Industries,INV-67132,477914.62,2025-09-09,Rahul Sharma,none
PAY-14668,Tata Motors,INV-79341,311136.99,2025-06-24,Sneha Patel,none
PAY-11544,Bajaj Auto,INV-32972,487888.63,2025-12-27,Rahul Sharma,none
PAY-11331,Hindalco Industries,INV-91689,268620.74,2025-03-08,Priya Nair,none
PAY-10880,Cipla Healthcare,INV-30766,369734.93,2025-02-15,Sneha Patel,none
PAY-14503,Marico Limited,INV-48898,163935.14,2025-07-04,Ananya Iyer,none
PAY-13502,ITC Limited,INV-68718,608713.68,2025-11-29,Rahul Sharma,none
PAY-13895,Larsen & Toubro,INV-91899,334549.0,2025-08-05,Priya Nair,none
PAY-14991,Tech Mahindra,INV-9861,169808.92,2025-11-13,Vikram Malhotra,none
PAY-10888,Power Grid Corporation,INV-54280,328080.6,2025-12-18,Sneha Patel,none
PAY-11346,NTPC Solutions,INV-12453,160155.54,2025-12-17,Vikram Malhotra,none
PAY-10069,Asian Paints,INV-91416,748848.56,2025-02-21,Rahul Sharma,none
PAY-14211,Blue Dart Express,INV-33685,36179.08,2025-11-13,Rahul Sharma,none
PAY-11816,Titan Company,INV-73714,387450.01,2025-11-10,Ananya Iyer,none
PAY-10569,Blue Dart Express,INV-22624,395667.12,2025-05-04,Sneha Patel,none
PAY-12168,Marico Limited,INV-97897,96708.09,2025-03-11,Priya Nair,none
PAY-10097,Bajaj Auto,INV-51114,330113.44,2025-09-19,Rahul Sharma,none
PAY-14182,Godrej Consumer,INV-75289,460353.57,2025-03-01,Sneha Patel,none
PAY-13354,Kotak Services,INV-54383,529184.4,2025-05-29,Vikram Malhotra,none
PAY-10140,BPCL Supplies,INV-18993,587018.62,2025-11-30,Rahul Sharma,none
PAY-14955,Dr Reddys Laboratories,INV-98546,495431.12,2025-03-19,Ananya Iyer,none
PAY-12603,Asian Paints,INV-56424,323613.53,2025-08-04,Ananya Iyer,none
PAY-14024,Infosys Limited,INV-25307,626114.16,2025-07-18,Priya Nair,none
PAY-14773,Hindalco Industries,INV-45338,79320.43,2025-03-22,Rahul Sharma,none
PAY-11607,Cipla Healthcare,INV-31906,410065.69,2025-06-11,Vikram Malhotra,none
PAY-11630,HCL Technologies,INV-80402,8225.05,2025-02-20,Sneha Patel,none
PAY-11540,NTPC Solutions,INV-85396,596886.67,2025-12-17,Rahul Sharma,none
PAY-11695,ITC Limited,INV-63197,182670.15,2025-03-18,Sneha Patel,none
PAY-12060,Reliance Industries,INV-58330,62017.56,2025-02-23,Priya Nair,none
PAY-10464,HCL Technologies,INV-78712,473623.8,2025-11-14,Ananya Iyer,none
PAY-12331,Mahindra & Mahindra,INV-36728,438339.53,2025-07-22,Sneha Patel,none
PAY-13044,Hindalco Industries,INV-78543,189739.1,2025-05-12,Sneha Patel,none
PAY-14735,Sun Pharma Logistics,INV-85599,723056.87,2025-10-01,Priya Nair,none
PAY-10595,Bajaj Auto,INV-82642,74332.87,2025-11-03,Vikram Malhotra,none
PAY-13815,Havells India,INV-26337,531643.75,2025-05-11,Priya Nair,none
PAY-10626,Hero MotoCorp,INV-28569,264504.85,2025-06-25,Ananya Iyer,none
PAY-10451,Asian Paints,INV-82070,213391.9,2025-11-16,Priya Nair,none
PAY-11500,UltraTech Cement,INV-41359,703876.76,2025-11-09,Rahul Sharma,none
PAY-12457,Reliance Industries,INV-93037,335857.0,2025-10-25,Rahul Sharma,none
PAY-14723,Hindalco Industries,INV-59279,446356.68,2025-04-19,Priya Nair,none
PAY-12985,Bharti Airtel,INV-79414,280047.63,2025-05-30,Vikram Malhotra,none
PAY-11570,Tech Mahindra,INV-25923,690723.31,2025-07-27,Ananya Iyer,none
PAY-11035,Bajaj Auto,INV-15297,168020.24,2025-09-07,Sneha Patel,none
PAY-13519,JSW Steel,INV-53895,369439.09,2025-06-16,Vikram Malhotra,none
PAY-11558,Tata Consultancy Services,INV-40451,627035.9,2025-09-24,Vikram Malhotra,none
PAY-13625,Cipla Healthcare,INV-59828,22154.81,2025-05-20,Sneha Patel,none
PAY-14665,Havells India,INV-99165,489612.7,2025-12-14,Ananya Iyer,none
PAY-10151,Hero MotoCorp,INV-74251,83626.46,2025-07-05,Ananya Iyer,none
PAY-11421,Kotak Services,INV-69511,386934.02,2025-08-29,Priya Nair,none
PAY-12012,NTPC Solutions,INV-21109,105076.09,2025-02-13,Vikram Malhotra,none
PAY-12687,Tata Motors,INV-56787,673741.93,2025-04-23,Ananya Iyer,none
PAY-11787,BPCL Supplies,INV-99946,536658.43,2025-09-11,Priya Nair,none
PAY-10089,Mahindra & Mahindra,INV-30866,591594.01,2025-02-25,Ananya Iyer,none
PAY-10458,Dr Reddys Laboratories,INV-49221,447324.87,2025-09-17,Priya Nair,none
PAY-11306,Tata Motors,INV-26193,72937.47,2025-12-28,Ananya Iyer,none
PAY-12926,Godrej Consumer,INV-17051,727892.22,2025-06-08,Sneha Patel,none
PAY-13271,Asian Paints,INV-96309,413245.42,2025-07-19,Ananya Iyer,none
PAY-13228,Kotak Services,INV-67534,313821.75,2025-10-10,Priya Nair,none
PAY-11989,Reliance Industries,INV-28664,221479.28,2025-04-10,Priya Nair,none
PAY-13755,ITC Limited,INV-68884,183040.08,2025-01-02,Ananya Iyer,none
PAY-13647,ITC Limited,INV-12252,606757.9,2025-04-11,Priya Nair,none
PAY-10832,Hindalco Industries,INV-89817,357419.73,2025-03-30,Vikram Malhotra,none
PAY-10240,Reliance Industries,INV-41091,289116.4,2025-07-03,Priya Nair,none
PAY-14682,Coal India Logistics,INV-55332,266543.0,2025-03-20,Priya Nair,none
PAY-13023,Asian Paints,INV-74431,565614.34,2025-05-14,Vikram Malhotra,none
PAY-13149,JSW Steel,INV-87435,392338.11,2025-10-23,Vikram Malhotra,none
PAY-11947,Tata Motors,INV-98832,402041.43,2025-05-10,Priya Nair,none
PAY-12776,Blue Dart Express,INV-24367,538606.93,2025-03-03,Ananya Iyer,none
PAY-10193,Tata Consultancy Services,INV-21970,175548.69,2025-12-12,Priya Nair,none
PAY-14850,Bajaj Auto,INV-59398,175002.13,2025-03-10,Vikram Malhotra,none
PAY-14940,Marico Limited,INV-89793,84653.74,2025-12-16,Sneha Patel,likely
PAY-10945,Bharti Airtel,INV-69905,619292.84,2025-04-08,Vikram Malhotra,none
PAY-11269,Bajaj Auto,INV-99694,267175.25,2025-11-17,Vikram Malhotra,none
PAY-14232,ITC Limited,INV-83076,373668.53,2025-01-31,Sneha Patel,none
PAY-12308,NTPC Solutions,INV-43099,669232.06,2025-10-14,Vikram Malhotra,none
PAY-14425,Tata Motors,INV-85769,419999.16,2025-04-19,Sneha Patel,none
PAY-14712,Hero MotoCorp,INV-40974,9703.12,2025-12-09,Vikram Malhotra,none
PAY-12314,Wipro Technologies,INV-31694,331119.98,2025-09-18,Ananya Iyer,none
PAY-13215,Mahindra & Mahindra,INV-73627,266192.46,2025-08-13,Vikram Malhotra,none
PAY-12733,Tata Motors,INV-55095,705255.18,2025-07-13,Priya Nair,none
PAY-11927,Mahindra & Mahindra,INV-42234,498396.39,2025-06-14,Vikram Malhotra,none
PAY-14228,NTPC Solutions,INV-52813,407031.3,2025-07-18,Vikram Malhotra,none
PAY-14677,Asian Paints,INV-96844,635778.0,2025-04-10,Rahul Sharma,none
PAY-10801,NTPC Solutions,INV-22203,256773.19,2025-11-11,Ananya Iyer,none
PAY-13672,Bajaj Auto,INV-16962,266163.56,2025-07-17,Ananya Iyer,none
PAY-14194,JSW Steel,INV-77414,271236.38,2025-05-02,Priya Nair,none
PAY-12969,Hero MotoCorp,INV-66811,724044.24,2025-04-09,Priya Nair,none
PAY-14794,ITC Limited,INV-96938,340817.87,2025-10-24,Ananya Iyer,none
PAY-14369,HCL Technologies,INV-34476,93218.64,2025-03-19,Vikram Malhotra,none
PAY-12777,Marico Limited,INV-66657,372475.38,2025-02-14,Sneha Patel,none
PAY-12971,Tata Motors,INV-16400,283806.11,2025-08-31,Sneha Patel,none
PAY-13868,Tata Consultancy Services,INV-97464,210067.16,2025-03-30,Sneha Patel,none
PAY-11744,Bajaj Auto,INV-86402,514778.98,2025-08-23,Rahul Sharma,none
PAY-13949,NTPC Solutions,INV-16334,456810.09,2025-04-12,Sneha Patel,none
PAY-13803,Dr Reddys Laboratories,INV-16822,106984.27,2025-02-18,Priya Nair,none
PAY-12025,BPCL Supplies,INV-77193,742009.6,2025-03-18,Ananya Iyer,none
PAY-12275,Reliance Industries,INV-34846,217250.32,2025-03-10,Ananya Iyer,none
PAY-10100,Bajaj Auto,INV-66531,57130.49,2025-12-07,Vikram Malhotra,none
PAY-14922,Tata Consultancy Services,INV-92812,32742.49,2025-04-05,Priya Nair,likely
PAY-13408,Hindalco Industries,INV-32354,36811.12,2025-06-30,Ananya Iyer,none
PAY-14246,ITC Limited,INV-23156,339747.7,2025-05-22,Rahul Sharma,none
PAY-14620,UltraTech Cement,INV-61316,734873.94,2025-12-17,Vikram Malhotra,none
PAY-14917,Dr Reddys Laboratories,INV-32032,356052.88,2025-02-01,Vikram Malhotra,none
PAY-10192,Marico Limited,INV-66626,552227.77,2025-11-06,Vikram Malhotra,none
PAY-14697,ITC Limited,INV-83174,509939.33,2025-11-20,Sneha Patel,none
PAY-11785,HCL Technologies,INV-66899,474861.26,2025-02-17,Rahul Sharma,none
PAY-11533,Tech Mahindra,INV-41334,487491.95,2025-02-16,Rahul Sharma,none
PAY-12835,Godrej Consumer,INV-74058,411463.61,2025-06-10,Sneha Patel,none
PAY-14445,Tata Motors,INV-39464,740152.26,2025-01-01,Ananya Iyer,none
PAY-14916,Tata Consultancy Services,INV-17472,117476.68,2025-08-13,Rahul Sharma,exact
PAY-11599,Coal India Logistics,INV-57416,437894.0,2025-10-17,Ananya Iyer,none
PAY-11780,Reliance Industries,INV-49131,370679.6,2025-08-10,Vikram Malhotra,none
PAY-14901,Dr Reddys Laboratories,INV-50736,389784.69,2025-03-02,Sneha Patel,none
PAY-12575,Larsen & Toubro,INV-63781,642917.82,2025-12-04,Sneha Patel,none
PAY-13399,UltraTech Cement,INV-42892,619229.09,2025-05-04,Priya Nair,none
PAY-13976,Power Grid Corporation,INV-36631,274184.96,2025-07-23,Priya Nair,none
PAY-13771,JSW Steel,INV-90526,212333.92,2025-02-12,Vikram Malhotra,none
PAY-10167,Bharti Airtel,INV-38361,555260.47,2025-05-22,Priya Nair,none
PAY-11752,Larsen & Toubro,INV-83342,35638.12,2025-04-02,Vikram Malhotra,none
PAY-11480,Infosys Limited,INV-54470,46760.57,2025-01-22,Ananya Iyer,none
PAY-11025,Bharti Airtel,INV-44502,551490.74,2025-11-17,Rahul Sharma,none
PAY-11789,UltraTech Cement,INV-20378,680869.74,2025-09-02,Vikram Malhotra,none
PAY-12265,Marico Limited,INV-90969,637022.08,2025-01-30,Vikram Malhotra,none
PAY-12474,Larsen & Toubro,INV-13646,465484.23,2025-10-06,Rahul Sharma,none
PAY-11823,Larsen & Toubro,INV-48455,543631.28,2025-07-19,Ananya Iyer,none
PAY-11221,Hero MotoCorp,INV-52395,458267.96,2025-10-16,Priya Nair,none
PAY-11667,Infosys Limited,INV-26803,628515.94,2025-06-28,Priya Nair,none
PAY-12961,NTPC Solutions,INV-61932,190226.9,2025-02-13,Priya Nair,none
PAY-10153,Coal India Logistics,INV-80539,582107.88,2025-08-27,Ananya Iyer,none
PAY-12535,Tata Motors,INV-20225,60982.58,2025-09-11,Rahul Sharma,none
PAY-14689,Coal India Logistics,INV-32846,6061.01,2025-07-06,Ananya Iyer,none
PAY-11979,Infosys Limited,INV-41114,382795.36,2025-10-14,Rahul Sharma,none
PAY-11470,Reliance Industries,INV-84349,403801.54,2025-07-03,Vikram Malhotra,none
PAY-12808,BPCL Supplies,INV-16450,391393.5,2025-07-05,Priya Nair,none
PAY-12513,Kotak Services,INV-16133,742743.49,2025-08-04,Rahul Sharma,none
PAY-12944,UltraTech Cement,INV-33529,126839.44,2025-12-16,Priya Nair,none
PAY-12981,Sun Pharma Logistics,INV-54642,243133.89,2025-08-16,Sneha Patel,none
PAY-14823,Hero MotoCorp,INV-74905,185535.25,2025-06-21,Vikram Malhotra,none
PAY-13018,Titan Company,INV-77051,473804.81,2025-08-14,Ananya Iyer,none
PAY-11567,Larsen & Toubro,INV-67788,199003.36,2025-04-05,Sneha Patel,none
PAY-10032,Blue Dart Express,INV-23947,653536.33,2025-06-02,Priya Nair,none
PAY-10938,Sun Pharma Logistics,INV-83420,576725.22,2025-11-04,Ananya Iyer,none
PAY-11216,JSW Steel,INV-70125,528400.06,2025-08-07,Rahul Sharma,none
PAY-11938,Bharti Airtel,INV-21792,613129.21,2025-11-17,Vikram Malhotra,none
PAY-11130,Infosys Limited,INV-38241,611294.46,2025-09-01,Rahul Sharma,none
PAY-10310,Kotak Services,INV-79066,502013.76,2025-01-24,Sneha Patel,none
PAY-14902,Dr Reddys Laboratories,INV-50736,389784.69,2025-03-05,Sneha Patel,exact
PAY-12169,BPCL Supplies,INV-74482,72379.11,2025-12-21,Vikram Malhotra,none
PAY-13114,HCL Technologies,INV-65611,743297.7,2025-04-30,Sneha Patel,none
PAY-10496,Hindalco Industries,INV-98395,569175.65,2025-03-31,Priya Nair,none
PAY-10206,Marico Limited,INV-73532,95462.43,2025-11-19,Priya Nair,none
PAY-12674,Blue Dart Express,INV-17255,24633.6,2025-04-11,Priya Nair,none
PAY-13358,Tata Motors,INV-42688,732212.92,2025-12-06,Sneha Patel,none
PAY-13831,Bharti Airtel,INV-64185,87260.28,2025-05-28,Sneha Patel,none
PAY-10306,Cipla Healthcare,INV-90981,42073.06,2025-02-11,Vikram Malhotra,none
PAY-13794,Tata Motors,INV-22199,652781.14,2025-09-26,Priya Nair,none
PAY-12202,BPCL Supplies,INV-59200,583008.11,2025-12-10,Rahul Sharma,none
PAY-11062,Infosys Limited,INV-79655,379980.26,2025-03-02,Rahul Sharma,none
PAY-10844,ITC Limited,INV-14334,345054.26,2025-07-04,Sneha Patel,none
PAY-13873,Larsen & Toubro,INV-18292,626046.65,2025-03-23,Ananya Iyer,none
PAY-12252,JSW Steel,INV-76674,699668.86,2025-03-11,Ananya Iyer,none
PAY-10212,NTPC Solutions,INV-28958,290771.58,2025-11-03,Priya Nair,none
PAY-13998,Hindalco Industries,INV-60344,479398.87,2025-10-19,Sneha Patel,none
PAY-10680,Tata Motors,INV-27290,662200.08,2025-06-04,Sneha Patel,none
PAY-10566,NTPC Solutions,INV-82305,311447.19,2025-01-09,Priya Nair,none
PAY-13291,Wipro Technologies,INV-36687,373980.03,2025-10-20,Priya Nair,none
PAY-14355,Godrej Consumer,INV-27810,227541.46,2025-10-25,Vikram Malhotra,none
PAY-10681,Havells India,INV-45916,74538.29,2025-07-04,Vikram Malhotra,none
PAY-10181,Cipla Healthcare,INV-37235,471008.7,2025-05-16,Rahul Sharma,none
PAY-14280,Cipla Healthcare,INV-52247,330485.81,2025-04-18,Priya Nair,none
PAY-12496,Mahindra & Mahindra,INV-32670,152417.95,2025-05-24,Ananya Iyer,none
PAY-12317,Tata Motors,INV-11161,659970.49,2025-09-20,Ananya Iyer,none
PAY-14274,Power Grid Corporation,INV-74595,480966.79,2025-11-28,Rahul Sharma,none
PAY-10279,Power Grid Corporation,INV-39038,709334.65,2025-01-23,Priya Nair,none
PAY-13684,Larsen & Toubro,INV-28639,572771.03,2025-04-11,Rahul Sharma,none
PAY-14763,Tech Mahindra,INV-53307,566520.84,2025-05-30,Sneha Patel,none
PAY-10433,Kotak Services,INV-92203,411455.23,2025-11-25,Vikram Malhotra,none
PAY-10290,JSW Steel,INV-72163,55014.31,2025-02-13,Rahul Sharma,none
PAY-11028,Blue Dart Express,INV-14804,415937.53,2025-10-06,Priya Nair,none
PAY-10536,Kotak Services,INV-16145,729356.23,2025-11-26,Ananya Iyer,none
PAY-13632,Titan Company,INV-88700,658909.27,2025-01-13,Priya Nair,none
PAY-10189,Coal India Logistics,INV-84607,691288.43,2025-08-13,Rahul Sharma,none
PAY-12175,Bajaj Auto,INV-26700,640731.08,2025-07-14,Priya Nair,none
PAY-13916,NTPC Solutions,INV-15161,470637.6,2025-01-28,Ananya Iyer,none
PAY-11863,Power Grid Corporation,INV-24475,550329.69,2025-07-10,Vikram Malhotra,none
PAY-10271,Hindalco Industries,INV-38305,610724.47,2025-04-30,Vikram Malhotra,none
PAY-11729,Tata Motors,INV-95089,573556.21,2025-11-01,Ananya Iyer,none
PAY-14076,Cipla Healthcare,INV-87879,716393.95,2025-10-13,Priya Nair,none
PAY-12158,Dr Reddys Laboratories,INV-90293,596500.48,2025-06-28,Ananya Iyer,none
PAY-13932,Cipla Healthcare,INV-43010,66215.37,2025-01-21,Ananya Iyer,none
PAY-10112,Havells India,INV-19545,344285.05,2025-11-19,Priya Nair,none
PAY-12385,Tata Motors,INV-39794,320634.34,2025-03-22,Vikram Malhotra,none
PAY-10221,JSW Steel,INV-95461,735709.51,2025-09-11,Rahul Sharma,none
PAY-10628,Reliance Industries,INV-67431,542885.49,2025-08-20,Vikram Malhotra,none
PAY-11182,Reliance Industries,INV-40928,476517.18,2025-06-16,Rahul Sharma,none
PAY-13382,Godrej Consumer,INV-24031,186005.97,2025-04-01,Vikram Malhotra,none
PAY-12423,Bajaj Auto,INV-71063,354024.08,2025-10-01,Ananya Iyer,none
PAY-10791,Blue Dart Express,INV-75035,109779.31,2025-02-09,Sneha Patel,none
PAY-14276,Hero MotoCorp,INV-64339,289754.83,2025-10-12,Vikram Malhotra,none
PAY-10462,Coal India Logistics,INV-72205,202820.18,2025-12-02,Priya Nair,none
PAY-14403,Havells India,INV-93148,556528.2,2025-09-21,Rahul Sharma,none
PAY-10552,Reliance Industries,INV-71537,572413.58,2025-06-13,Sneha Patel,none
PAY-13130,Infosys Limited,INV-88145,602773.3,2025-12-05,Vikram Malhotra,none
PAY-11445,Dr Reddys Laboratories,INV-98065,443599.6,2025-04-10,Priya Nair,none
PAY-10199,Havells India,INV-31079,250703.73,2025-12-22,Ananya Iyer,none
PAY-12590,JSW Steel,INV-10084,42177.02,2025-03-12,Vikram Malhotra,none
PAY-10403,Infosys Limited,INV-26545,55088.86,2025-11-27,Vikram Malhotra,none
PAY-13960,Mahindra & Mahindra,INV-47178,618165.49,2025-11-02,Rahul Sharma,none
PAY-14190,Bharti Airtel,INV-32710,33054.55,2025-01-23,Vikram Malhotra,none
PAY-14764,Tech Mahindra,INV-43737,590245.62,2025-06-06,Priya Nair,none
PAY-12096,Larsen & Toubro,INV-59250,157267.07,2025-01-20,Sneha Patel,none
PAY-12901,Tech Mahindra,INV-16990,287586.29,2025-05-27,Sneha Patel,none
PAY-14463,Godrej Consumer,INV-70422,274099.15,2025-09-19,Vikram Malhotra,none
PAY-10651,UltraTech Cement,INV-68176,369081.14,2025-02-12,Priya Nair,none
PAY-10709,Coal India Logistics,INV-30012,211713.46,2025-06-08,Rahul Sharma,none
PAY-11481,Reliance Industries,INV-37745,606292.26,2025-12-08,Priya Nair,none
PAY-14415,Infosys Limited,INV-50117,744939.71,2025-06-11,Ananya Iyer,none
PAY-13066,Hindalco Industries,INV-98065,120175.25,2025-03-22,Sneha Patel,none
PAY-12396,Infosys Limited,INV-83890,739938.01,2025-09-05,Rahul Sharma,none
PAY-11770,Tech Mahindra,INV-99300,736094.18,2025-03-04,Ananya Iyer,none
PAY-10315,NTPC Solutions,INV-97562,605619.14,2025-02-06,Ananya Iyer,none
PAY-13762,Tata Consultancy Services,INV-99795,324977.86,2025-06-18,Sneha Patel,none
PAY-14910,Dr Reddys Laboratories,INV-73648,469453.84,2025-10-18,Ananya Iyer,exact
PAY-10114,BPCL Supplies,INV-10726,670031.57,2025-02-24,Ananya Iyer,none
PAY-10961,Marico Limited,INV-65363,607187.06,2025-09-25,Rahul Sharma,none
PAY-12911,Bharti Airtel,INV-71300,199330.21,2025-03-01,Priya Nair,none
PAY-13406,Bajaj Auto,INV-72973,280980.33,2025-06-03,Ananya Iyer,none
PAY-11624,Wipro Technologies,INV-49537,502351.89,2025-02-19,Rahul Sharma,none
PAY-13323,Tata Consultancy Services,INV-59966,7548.61,2025-01-30,Ananya Iyer,none
PAY-15000,Bajaj Auto,INV4330,15013.34,2025-07-30,Rahul Sharma,typo
PAY-11819,Marico Limited,INV-72041,92120.85,2025-11-15,Vikram Malhotra,none
PAY-13195,Reliance Industries,INV-73641,185844.44,2025-09-11,Sneha Patel,none
PAY-13008,Kotak Services,INV-36186,245429.53,2025-05-31,Rahul Sharma,none
PAY-13415,Larsen & Toubro,INV-45506,256299.84,2025-01-12,Ananya Iyer,none
PAY-14529,Blue Dart Express,INV-55485,725126.25,2025-12-02,Priya Nair,none
PAY-11898,Reliance Industries,INV-96278,702455.45,2025-04-03,Rahul Sharma,none
PAY-11919,BPCL Supplies,INV-31939,5404.48,2025-09-04,Vikram Malhotra,none
PAY-11271,Marico Limited,INV-60747,668349.55,2025-01-16,Priya Nair,none
PAY-14177,Godrej Consumer,INV-85707,642495.74,2025-10-04,Sneha Patel,none
PAY-14963,BPCL Supplies,INV-93422,384358.18,2025-06-02,Priya Nair,none
PAY-14884,Infosys Limited,INV-45731,291209.35,2025-04-26,Rahul Sharma,exact
PAY-14095,Sun Pharma Logistics,INV-99333,395668.14,2025-07-24,Sneha Patel,none
PAY-13160,JSW Steel,INV-54875,573635.65,2025-05-15,Rahul Sharma,none
PAY-11814,BPCL Supplies,INV-66595,734717.77,2025-09-11,Priya Nair,none
PAY-12427,Tata Motors,INV-72419,90173.19,2025-08-21,Rahul Sharma,none
PAY-13951,Bharti Airtel,INV-27656,306720.91,2025-06-15,Sneha Patel,none
PAY-14429,Reliance Industries,INV-15938,682980.36,2025-09-18,Priya Nair,none
PAY-12143,Titan Company,INV-26342,211187.84,2025-06-25,Rahul Sharma,none
PAY-11627,Hindalco Industries,INV-55591,267391.44,2025-09-14,Priya Nair,none
PAY-10790,Blue Dart Express,INV-90134,169566.96,2025-10-17,Rahul Sharma,none
PAY-13787,Reliance Industries,INV-91912,609067.83,2025-11-23,Vikram Malhotra,none
PAY-11865,Asian Paints,INV-49054,431464.28,2025-01-03,Ananya Iyer,none
PAY-12866,Titan Company,INV-59454,581570.12,2025-12-28,Ananya Iyer,none
PAY-10872,Asian Paints,INV-25437,355549.74,2025-11-21,Priya Nair,none
PAY-13272,Reliance Industries,INV-97648,418074.07,2025-06-23,Sneha Patel,none
PAY-13834,Tech Mahindra,INV-94443,172115.22,2025-04-13,Vikram Malhotra,none
PAY-10074,Tech Mahindra,INV-96951,82171.94,2025-03-10,Vikram Malhotra,none
PAY-11753,HCL Technologies,INV-76027,372165.67,2025-06-23,Ananya Iyer,none
PAY-11422,Dr Reddys Laboratories,INV-53452,318657.0,2025-05-31,Vikram Malhotra,none
PAY-14222,Bharti Airtel,INV-58067,745952.48,2025-06-29,Ananya Iyer,none
PAY-14694,Kotak Services,INV-25832,574545.97,2025-03-23,Sneha Patel,none
PAY-14370,HCL Technologies,INV-69234,323995.58,2025-09-02,Ananya Iyer,none
PAY-14576,Reliance Industries,INV-94808,597469.96,2025-12-05,Sneha Patel,none
PAY-13810,JSW Steel,INV-78547,656929.19,2025-10-23,Sneha Patel,none
PAY-12245,JSW Steel,INV-89783,316591.59,2025-08-23,Sneha Patel,none
PAY-13048,Power Grid Corporation,INV-49683,50344.51,2025-04-27,Sneha Patel,none
PAY-12446,Bharti Airtel,INV-55624,161273.49,2025-04-08,Priya Nair,none
PAY-10495,Tata Motors,INV-34405,15492.73,2025-06-22,Vikram Malhotra,none
PAY-13131,Bajaj Auto,INV-90944,314082.9,2025-03-22,Ananya Iyer,none
PAY-14322,Asian Paints,INV-88897,433933.93,2025-08-06,Rahul Sharma,none
PAY-14398,Coal India Logistics,INV-60728,721925.56,2025-01-22,Vikram Malhotra,none
PAY-11165,Tech Mahindra,INV-94994,558480.53,2025-05-18,Ananya Iyer,none
PAY-13735,Hero MotoCorp,INV-43053,295221.51,2025-09-12,Ananya Iyer,none
PAY-11731,HCL Technologies,INV-87728,620942.61,2025-05-25,Sneha Patel,none
PAY-14813,Marico Limited,INV-17427,134302.78,2025-11-25,Vikram Malhotra,none
PAY-12403,Wipro Technologies,INV-92044,74501.69,2025-04-29,Sneha Patel,none
PAY-13404,Sun Pharma Logistics,INV-87088,579682.65,2025-07-05,Priya Nair,none
PAY-10619,Infosys Limited,INV-83822,737788.11,2025-12-13,Ananya Iyer,none
PAY-11698,Bharti Airtel,INV-30887,208170.41,2025-01-15,Vikram Malhotra,none
PAY-13594,Mahindra & Mahindra,INV-88349,320766.84,2025-12-04,Sneha Patel,none
PAY-11958,Hero MotoCorp,INV-42821,189129.41,2025-08-31,Sneha Patel,none
PAY-11222,Bharti Airtel,INV-59160,575452.62,2025-05-11,Vikram Malhotra,none
PAY-12074,Titan Company,INV-50412,335770.08,2025-11-03,Rahul Sharma,none
PAY-13411,UltraTech Cement,INV-13208,655654.51,2025-06-12,Ananya Iyer,none
PAY-10870,BPCL Supplies,INV-21704,170578.87,2025-04-25,Vikram Malhotra,none
PAY-12719,Havells India,INV-74871,99780.75,2025-11-19,Sneha Patel,none
PAY-11043,Titan Company,INV-56255,613841.39,2025-06-26,Ananya Iyer,none
PAY-11362,Tata Consultancy Services,INV-85701,570077.9,2025-11-24,Sneha Patel,none
PAY-10357,Tech Mahindra,INV-68841,179332.19,2025-05-03,Vikram Malhotra,none
PAY-11163,Hero MotoCorp,INV-59592,169341.36,2025-02-10,Ananya Iyer,none
PAY-12766,UltraTech Cement,INV-78044,212300.89,2025-11-12,Vikram Malhotra,none
PAY-13253,Godrej Consumer,INV-63421,289061.58,2025-08-31,Sneha Patel,none
PAY-11439,Kotak Services,INV-44422,113136.62,2025-08-11,Rahul Sharma,none
PAY-13604,Tata Consultancy Services,INV-18722,145751.43,2025-05-11,Ananya Iyer,none
PAY-14941,Bajaj Auto,INV-34488,371214.83,2025-02-02,Ananya Iyer,none
PAY-14594,BPCL Supplies,INV-37711,549700.99,2025-09-26,Rahul Sharma,none
PAY-13640,Infosys Limited,INV-39960,72029.51,2025-03-23,Rahul Sharma,none
PAY-11254,Dr Reddys Laboratories,INV-17148,186070.99,2025-11-14,Sneha Patel,none
PAY-13366,Blue Dart Express,INV-97674,151863.21,2025-11-21,Vikram Malhotra,none
PAY-10333,Bajaj Auto,INV-47627,62164.6,2025-02-16,Priya Nair,none
PAY-13695,JSW Steel,INV-46564,605610.78,2025-05-06,Sneha Patel,none
PAY-13569,Godrej Consumer,INV-37991,145556.92,2025-09-01,Ananya Iyer,none
PAY-12729,UltraTech Cement,INV-95456,284163.13,2025-05-31,Priya Nair,none
PAY-13668,Titan Company,INV-42046,111024.92,2025-04-27,Ananya Iyer,none
PAY-11631,Blue Dart Express,INV-76085,639216.12,2025-09-01,Vikram Malhotra,none
PAY-11117,Asian Paints,INV-25776,525192.2,2025-08-24,Vikram Malhotra,none
PAY-11850,Infosys Limited,INV-61546,570598.33,2025-12-05,Sneha Patel,none
PAY-13555,Tata Consultancy Services,INV-67422,374628.52,2025-12-24,Ananya Iyer,none
PAY-13154,Titan Company,INV-52274,13725.82,2025-09-04,Ananya Iyer,none
PAY-13266,Power Grid Corporation,INV-29510,611699.3,2025-08-16,Rahul Sharma,none
PAY-11666,Cipla Healthcare,INV-47281,243759.67,2025-01-15,Priya Nair,none
PAY-10446,Tech Mahindra,INV-74866,450151.48,2025-12-01,Ananya Iyer,none
PAY-12246,Asian Paints,INV-56399,599859.33,2025-09-15,Vikram Malhotra,none
PAY-10453,Godrej Consumer,INV-54444,420584.72,2025-07-07,Sneha Patel,none
PAY-11552,Bharti Airtel,INV-70014,70045.02,2025-07-20,Sneha Patel,none
PAY-14435,Hindalco Industries,INV-76890,567562.28,2025-09-05,Vikram Malhotra,none
PAY-12955,UltraTech Cement,INV-16362,351248.56,2025-01-21,Rahul Sharma,none
PAY-10015,Bajaj Auto,INV-56566,161082.74,2025-05-17,Rahul Sharma,none
PAY-13629,Tata Motors,INV-20139,452710.39,2025-12-24,Ananya Iyer,none
PAY-10946,Reliance Industries,INV-64325,39642.77,2025-11-21,Priya Nair,none
PAY-10248,Wipro Technologies,INV-48680,248405.75,2025-08-01,Sneha Patel,none
PAY-14698,Tata Motors,INV-21749,722924.84,2025-09-10,Ananya Iyer,none
PAY-10361,Hero MotoCorp,INV-36174,601938.12,2025-03-12,Vikram Malhotra,none
PAY-14657,Asian Paints,INV-84261,312423.69,2025-12-03,Ananya Iyer,none
PAY-11615,Hero MotoCorp,INV-27200,692940.27,2025-09-03,Vikram Malhotra,none
PAY-12304,BPCL Supplies,INV-88883,94663.99,2025-10-28,Sneha Patel,none
PAY-14142,Blue Dart Express,INV-10820,662455.05,2025-01-22,Sneha Patel,none
PAY-13169,NTPC Solutions,INV-40202,521802.59,2025-09-29,Sneha Patel,none
PAY-12479,Mahindra & Mahindra,INV-20874,701557.04,2025-11-18,Rahul Sharma,none
PAY-14215,UltraTech Cement,INV-59844,256298.32,2025-10-02,Rahul Sharma,none
PAY-14181,Tata Consultancy Services,INV-84847,252805.01,2025-05-10,Priya Nair,none
PAY-14885,HCL Technologies,INV-29901,56237.0,2025-03-30,Vikram Malhotra,none
PAY-13164,Tech Mahindra,INV-69318,329942.26,2025-02-12,Priya Nair,none
PAY-10491,Tata Consultancy Services,INV-49110,428131.59,2025-02-24,Vikram Malhotra,none
PAY-10863,Dr Reddys Laboratories,INV-13336,493273.42,2025-06-01,Vikram Malhotra,none
PAY-11741,Coal India Logistics,INV-38254,746429.55,2025-05-25,Sneha Patel,none
PAY-14100,HCL Technologies,INV-46647,675326.23,2025-04-01,Vikram Malhotra,none
PAY-14386,HCL Technologies,INV-50601,100297.94,2025-12-10,Priya Nair,none
PAY-12448,Marico Limited,INV-50234,379053.47,2025-03-05,Ananya Iyer,none
PAY-14231,UltraTech Cement,INV-26136,274557.82,2025-03-24,Ananya Iyer,none
PAY-10507,UltraTech Cement,INV-81989,685033.68,2025-10-03,Sneha Patel,none
PAY-12678,Reliance Industries,INV-90694,736988.24,2025-07-08,Vikram Malhotra,none
PAY-12996,NTPC Solutions,INV-79796,297169.16,2025-07-26,Ananya Iyer,none
PAY-11943,NTPC Solutions,INV-35397,496579.62,2025-10-17,Priya Nair,none
PAY-11223,Asian Paints,INV-68654,720069.2,2025-01-01,Rahul Sharma,none
PAY-11114,Cipla Healthcare,INV-76995,213798.63,2025-04-24,Priya Nair,none
PAY-11906,Infosys Limited,INV-90540,721036.88,2025-04-03,Rahul Sharma,none
PAY-13424,Tech Mahindra,INV-54708,544943.78,2025-12-19,Sneha Patel,none
PAY-11878,Havells India,INV-79355,92953.33,2025-04-19,Ananya Iyer,none
PAY-14673,Hero MotoCorp,INV-29988,611185.19,2025-10-02,Rahul Sharma,none
PAY-10434,Kotak Services,INV-42096,604492.67,2025-12-17,Ananya Iyer,none
PAY-12365,Kotak Services,INV-79792,404478.36,2025-04-28,Ananya Iyer,none
PAY-13155,Havells India,INV-55075,144872.46,2025-10-23,Ananya Iyer,none
PAY-12836,Sun Pharma Logistics,INV-70472,533106.79,2025-09-21,Priya Nair,none
PAY-12093,Tata Consultancy Services,INV-90786,570411.07,2025-03-05,Vikram Malhotra,none
PAY-13011,Asian Paints,INV-75564,482827.55,2025-11-06,Vikram Malhotra,none
PAY-13163,Reliance Industries,INV-82150,535958.04,2025-03-06,Vikram Malhotra,none
PAY-12946,JSW Steel,INV-23291,493622.11,2025-07-27,Rahul Sharma,none
PAY-13917,Bharti Airtel,INV-41508,310586.68,2025-11-11,Priya Nair,none
PAY-12917,Tech Mahindra,INV-31331,352796.72,2025-04-06,Rahul Sharma,none
PAY-11103,Godrej Consumer,INV-51383,312257.35,2025-06-30,Priya Nair,none
PAY-11449,Bajaj Auto,INV-38759,545311.74,2025-05-09,Sneha Patel,none
PAY-11721,Havells India,INV-20498,618282.35,2025-09-09,Ananya Iyer,none
PAY-14519,Wipro Technologies,INV-23122,349711.29,2025-09-17,Ananya Iyer,none
PAY-13843,Havells India,INV-90425,432938.18,2025-09-29,Sneha Patel,none
PAY-10157,Havells India,INV-52600,140470.69,2025-04-19,Vikram Malhotra,none
PAY-12979,Hero MotoCorp,INV-70377,442996.05,2025-11-22,Priya Nair,none
PAY-11774,Sun Pharma Logistics,INV-15747,493848.7,2025-08-20,Vikram Malhotra,none
PAY-10616,NTPC Solutions,INV-14818,594087.08,2025-07-04,Priya Nair,none
PAY-10644,Power Grid Corporation,INV-60916,316588.13,2025-03-12,Priya Nair,none
PAY-11936,Reliance Industries,INV-70646,281008.08,2025-04-09,Ananya Iyer,none
PAY-14278,Bharti Airtel,INV-73564,218558.0,2025-01-26,Ananya Iyer,none
PAY-11069,Blue Dart Express,INV-20986,216033.67,2025-10-06,Ananya Iyer,none
PAY-14455,Bajaj Auto,INV-14015,281391.83,2025-10-30,Ananya Iyer,none
PAY-14155,Bharti Airtel,INV-32658,532136.52,2025-02-24,Sneha Patel,none
PAY-14240,Coal India Logistics,INV-18504,281311.56,2025-10-30,Vikram Malhotra,none
PAY-14869,Larsen & Toubro,INV-89244,75572.4,2025-12-01,Priya Nair,none
PAY-10331,Godrej Consumer,INV-46002,445607.72,2025-06-30,Priya Nair,none
PAY-12058,Marico Limited,INV-92324,405614.47,2025-12-08,Rahul Sharma,none
PAY-12647,NTPC Solutions,INV-36179,150809.87,2025-09-09,Ananya Iyer,none
PAY-12192,Reliance Industries,INV-27157,245946.85,2025-10-25,Rahul Sharma,none
PAY-10623,Bajaj Auto,INV-61266,349982.09,2025-12-14,Priya Nair,none
PAY-11596,Reliance Industries,INV-95696,501105.53,2025-05-28,Ananya Iyer,none
PAY-12916,Sun Pharma Logistics,INV-94919,677720.01,2025-04-06,Vikram Malhotra,none
PAY-14822,Hero MotoCorp,INV-70629,178767.96,2025-06-04,Rahul Sharma,none
PAY-13899,Sun Pharma Logistics,INV-31616,569381.1,2025-11-23,Priya Nair,none
PAY-11920,Coal India Logistics,INV-42884,630418.35,2025-07-14,Vikram Malhotra,none
PAY-14174,Godrej Consumer,INV-52854,494649.09,2025-10-27,Rahul Sharma,none
PAY-14478,Bharti Airtel,INV-27827,212442.37,2025-08-29,Sneha Patel,none
PAY-10756,Bharti Airtel,INV-62505,282318.61,2025-11-19,Rahul Sharma,none
PAY-10519,Infosys Limited,INV-47629,309605.87,2025-03-11,Ananya Iyer,none
PAY-13804,Tata Consultancy Services,INV-24002,669094.77,2025-01-22,Ananya Iyer,none
PAY-10033,Coal India Logistics,INV-36071,118865.26,2025-03-24,Priya Nair,none
PAY-12938,Cipla Healthcare,INV-40822,280003.76,2025-06-24,Priya Nair,none
PAY-11158,Tech Mahindra,INV-71498,403648.67,2025-12-19,Ananya Iyer,none
PAY-10745,Wipro Technologies,INV-36569,106403.33,2025-10-27,Rahul Sharma,none
PAY-11498,Marico Limited,INV-47189,315085.57,2025-09-01,Sneha Patel,none
PAY-13460,Asian Paints,INV-30848,90860.62,2025-05-14,Sneha Patel,none
PAY-13756,Infosys Limited,INV-19975,602781.43,2025-05-21,Priya Nair,none
PAY-12592,Larsen & Toubro,INV-21272,536331.84,2025-03-15,Sneha Patel,none
PAY-10784,Tech Mahindra,INV-52284,106656.49,2025-03-22,Ananya Iyer,none
PAY-13494,Marico Limited,INV-72456,135063.06,2025-02-27,Rahul Sharma,none
PAY-12950,Coal India Logistics,INV-69017,379035.88,2025-08-31,Vikram Malhotra,none
PAY-10230,Asian Paints,INV-31805,522030.87,2025-01-15,Rahul Sharma,none
PAY-10858,BPCL Supplies,INV-87826,458742.33,2025-06-02,Rahul Sharma,none
PAY-12267,Reliance Industries,INV-10675,265542.67,2025-04-06,Ananya Iyer,none
PAY-14275,Bharti Airtel,INV-70718,444786.28,2025-12-17,Rahul Sharma,none
PAY-10409,Reliance Industries,INV-44311,582348.54,2025-12-27,Ananya Iyer,none
PAY-10171,NTPC Solutions,INV-48290,524575.96,2025-03-06,Ananya Iyer,none
PAY-10541,UltraTech Cement,INV-83044,399843.9,2025-07-18,Sneha Patel,none
PAY-12211,Kotak Services,INV-18379,391581.33,2025-10-27,Priya Nair,none
PAY-12305,Bharti Airtel,INV-68427,694497.98,2025-02-08,Priya Nair,none
PAY-12568,JSW Steel,INV-48097,627342.48,2025-09-26,Priya Nair,none
PAY-10614,Wipro Technologies,INV-68860,743071.96,2025-09-03,Priya Nair,none
PAY-12102,Coal India Logistics,INV-60002,393496.59,2025-04-04,Ananya Iyer,none
PAY-11809,Bharti Airtel,INV-21284,229183.81,2025-08-26,Sneha Patel,none
PAY-13439,Bharti Airtel,INV-94651,145205.32,2025-11-02,Priya Nair,none
PAY-11162,ITC Limited,INV-31400,537628.8,2025-11-27,Ananya Iyer,none
PAY-14226,Hero MotoCorp,INV-12239,583390.42,2025-04-28,Ananya Iyer,none
PAY-13120,HCL Technologies,INV-37477,94666.95,2025-09-08,Priya Nair,none
PAY-13653,Power Grid Corporation,INV-76127,671654.45,2025-07-21,Sneha Patel,none
PAY-11611,Sun Pharma Logistics,INV-31368,81301.3,2025-03-21,Priya Nair,none
PAY-11933,NTPC Solutions,INV-14056,669966.28,2025-12-10,Ananya Iyer,none
PAY-13028,BPCL Supplies,INV-49943,359087.21,2025-08-14,Vikram Malhotra,none
PAY-10565,Blue Dart Express,INV-73334,496166.83,2025-01-09,Rahul Sharma,none
PAY-13572,JSW Steel,INV-26640,644094.99,2025-03-16,Rahul Sharma,none
PAY-14248,Tata Consultancy Services,INV-77744,77584.1,2025-12-10,Vikram Malhotra,none
PAY-12389,Kotak Services,INV-51050,491261.46,2025-07-27,Ananya Iyer,none
PAY-11472,Bajaj Auto,INV-80074,640739.85,2025-06-24,Rahul Sharma,none
PAY-12631,Power Grid Corporation,INV-75956,162031.2,2025-12-28,Priya Nair,none
PAY-11836,Hero MotoCorp,INV-24539,731121.52,2025-11-09,Priya Nair,none
PAY-14929,Blue Dart Express,INV-41990,96882.1,2025-10-12,Priya Nair,none
PAY-13476,Cipla Healthcare,INV-63174,157419.6,2025-02-27,Rahul Sharma,none
PAY-11534,Kotak Services,INV-97691,232103.27,2025-12-27,Ananya Iyer,none
PAY-14328,ITC Limited,INV-15739,689171.23,2025-06-14,Priya Nair,none
PAY-12485,Bharti Airtel,INV-65038,284564.51,2025-06-10,Ananya Iyer,none
PAY-14208,UltraTech Cement,INV-71152,565731.59,2025-03-13,Rahul Sharma,none
PAY-11173,Asian Paints,INV-14159,251035.24,2025-03-16,Rahul Sharma,none
PAY-11428,Larsen & Toubro,INV-90713,214324.09,2025-05-12,Rahul Sharma,none
PAY-10326,Larsen & Toubro,INV-43550,151967.49,2025-11-05,Sneha Patel,none
PAY-11052,Larsen & Toubro,INV-17328,128924.32,2025-04-03,Priya Nair,none
PAY-13320,Reliance Industries,INV-99753,53522.85,2025-09-23,Priya Nair,none
PAY-14722,Sun Pharma Logistics,INV-66133,207356.29,2025-10-19,Rahul Sharma,none
PAY-13865,Power Grid Corporation,INV-86399,175850.27,2025-10-22,Vikram Malhotra,none
PAY-12604,Asian Paints,INV-13627,684855.93,2025-01-14,Ananya Iyer,none
PAY-11739,Reliance Industries,INV-39423,536604.97,2025-04-08,Vikram Malhotra,none
PAY-11197,Cipla Healthcare,INV-93627,381938.51,2025-04-05,Rahul Sharma,none
PAY-10621,Tata Consultancy Services,INV-22924,197760.09,2025-09-19,Priya Nair,none
PAY-11375,Reliance Industries,INV-69714,236241.8,2025-11-26,Ananya Iyer,none
PAY-12880,Havells India,INV-71709,747937.53,2025-11-20,Ananya Iyer,none
PAY-11190,Godrej Consumer,INV-67503,551225.68,2025-01-11,Ananya Iyer,none
PAY-10329,BPCL Supplies,INV-93269,739966.3,2025-06-15,Vikram Malhotra,none
PAY-10649,Kotak Services,INV-27895,150370.73,2025-07-16,Priya Nair,none
PAY-10898,JSW Steel,INV-23235,498549.81,2025-05-19,Priya Nair,none
PAY-13883,Sun Pharma Logistics,INV-44108,456679.58,2025-01-11,Sneha Patel,none
PAY-11124,Larsen & Toubro,INV-85483,516078.87,2025-02-21,Vikram Malhotra,none
PAY-11892,ITC Limited,INV-61825,257553.42,2025-01-24,Ananya Iyer,none
PAY-14644,Titan Company,INV-87941,583805.96,2025-07-15,Rahul Sharma,none
PAY-14792,Bharti Airtel,INV-50635,345851.87,2025-04-04,Vikram Malhotra,none
PAY-14530,Mahindra & Mahindra,INV-67691,477118.8,2025-11-13,Vikram Malhotra,none
PAY-14235,Larsen & Toubro,INV-46883,400630.16,2025-02-24,Vikram Malhotra,none
PAY-11594,NTPC Solutions,INV-70745,172267.57,2025-01-02,Sneha Patel,none
PAY-13313,Tata Consultancy Services,INV-30016,259303.88,2025-05-09,Sneha Patel,none
PAY-12548,Larsen & Toubro,INV-62026,379131.84,2025-09-18,Vikram Malhotra,none
PAY-11546,NTPC Solutions,INV-24884,488533.61,2025-10-25,Sneha Patel,none
PAY-14337,NTPC Solutions,INV-80915,717537.45,2025-01-02,Ananya Iyer,none
PAY-11024,Hero MotoCorp,INV-46780,644741.67,2025-03-13,Priya Nair,none
PAY-11972,Godrej Consumer,INV-35377,678755.64,2025-03-06,Priya Nair,none
PAY-14989,NTPC Solutions,INV-9841,176208.98,2025-04-08,Vikram Malhotra,none
PAY-11715,Mahindra & Mahindra,INV-82447,291594.21,2025-11-24,Vikram Malhotra,none
PAY-11718,Tech Mahindra,INV-21829,702560.19,2025-05-01,Vikram Malhotra,none
PAY-11478,Kotak Services,INV-60956,51929.51,2025-10-04,Vikram Malhotra,none
PAY-10810,Wipro Technologies,INV-72071,633607.96,2025-06-07,Ananya Iyer,none
PAY-12851,Asian Paints,INV-53389,75562.35,2025-11-16,Ananya Iyer,none
PAY-10979,Kotak Services,INV-85061,414869.33,2025-02-07,Vikram Malhotra,none
PAY-14688,Tata Motors,INV-90733,146627.56,2025-09-25,Priya Nair,none
PAY-14896,Hero MotoCorp,INV-98305,10470.4,2025-07-19,Priya Nair,exact
PAY-11685,Bharti Airtel,INV-64304,304714.21,2025-11-16,Priya Nair,none
PAY-14661,Wipro Technologies,INV-58281,548767.65,2025-08-17,Rahul Sharma,none
PAY-11515,Dr Reddys Laboratories,INV-64079,653065.3,2025-07-12,Sneha Patel,none
PAY-12405,Power Grid Corporation,INV-89788,490289.21,2025-06-24,Ananya Iyer,none
PAY-12022,Bharti Airtel,INV-89171,748506.8,2025-10-06,Vikram Malhotra,none
PAY-14554,HCL Technologies,INV-92953,264214.44,2025-01-06,Rahul Sharma,none
PAY-11768,Power Grid Corporation,INV-84814,139523.79,2025-02-09,Sneha Patel,none
PAY-10175,Kotak Services,INV-19710,434880.76,2025-12-18,Rahul Sharma,none
PAY-11555,BPCL Supplies,INV-12974,223411.23,2025-12-16,Priya Nair,none
PAY-14216,JSW Steel,INV-33440,344230.72,2025-12-07,Vikram Malhotra,none
PAY-11483,Dr Reddys Laboratories,INV-85936,178574.32,2025-02-06,Rahul Sharma,none
PAY-14462,Cipla Healthcare,INV-84925,279565.11,2025-03-13,Rahul Sharma,none
PAY-10218,Blue Dart Express,INV-52176,652853.25,2025-12-24,Sneha Patel,none
PAY-13915,Hero MotoCorp,INV-32313,589929.23,2025-07-12,Rahul Sharma,none
PAY-13721,Coal India Logistics,INV-44076,122258.56,2025-12-25,Priya Nair,none
PAY-10691,Wipro Technologies,INV-79534,424651.95,2025-11-09,Sneha Patel,none
PAY-12578,BPCL Supplies,INV-24146,724262.53,2025-11-17,Priya Nair,none
PAY-12234,Blue Dart Express,INV-53714,584662.86,2025-03-16,Sneha Patel,none
PAY-12239,Marico Limited,INV-16286,132206.83,2025-07-19,Sneha Patel,none
PAY-11107,Marico Limited,INV-85197,205461.46,2025-12-16,Sneha Patel,none
PAY-11790,Larsen & Toubro,INV-26749,514813.88,2025-06-03,Sneha Patel,none
PAY-13189,Cipla Healthcare,INV-48155,172351.89,2025-02-22,Rahul Sharma,none
PAY-12437,Kotak Services,INV-72324,403952.19,2025-03-24,Ananya Iyer,none
PAY-10612,JSW Steel,INV-75444,108688.45,2025-06-05,Sneha Patel,none
PAY-13661,Bajaj Auto,INV-89366,435216.55,2025-07-27,Vikram Malhotra,none
PAY-13712,NTPC Solutions,INV-66169,372023.11,2025-02-17,Sneha Patel,none
PAY-10577,Havells India,INV-22499,671619.45,2025-01-22,Sneha Patel,none
PAY-12064,Dr Reddys Laboratories,INV-62342,642550.99,2025-07-23,Rahul Sharma,none
PAY-14436,UltraTech Cement,INV-82133,482928.32,2025-04-10,Vikram Malhotra,none
PAY-11181,Bharti Airtel,INV-57241,666202.08,2025-12-08,Sneha Patel,none
PAY-10889,Sun Pharma Logistics,INV-74248,272641.91,2025-04-07,Sneha Patel,none
PAY-13129,Power Grid Corporation,INV-30415,109464.17,2025-08-29,Rahul Sharma,none
PAY-11733,Hero MotoCorp,INV-84762,172242.91,2025-01-12,Priya Nair,none
PAY-12664,Hindalco Industries,INV-71732,703010.53,2025-05-15,Rahul Sharma,none
PAY-10818,Hero MotoCorp,INV-78495,316880.9,2025-10-02,Ananya Iyer,none
PAY-13278,Power Grid Corporation,INV-61666,568907.99,2025-11-26,Sneha Patel,none
PAY-11860,NTPC Solutions,INV-50927,393395.22,2025-11-22,Sneha Patel,none
PAY-10209,Asian Paints,INV-25396,487543.72,2025-03-20,Ananya Iyer,none
PAY-10294,Havells India,INV-16743,726456.98,2025-11-04,Vikram Malhotra,none
PAY-11120,HCL Technologies,INV-81901,200822.53,2025-05-18,Ananya Iyer,none
PAY-12214,Asian Paints,INV-51195,96668.75,2025-03-07,Priya Nair,none
PAY-11610,Larsen & Toubro,INV-77917,214656.23,2025-09-06,Ananya Iyer,none
PAY-11265,Marico Limited,INV-51347,366073.3,2025-11-02,Priya Nair,none
PAY-10991,Reliance Industries,INV-31940,728863.43,2025-10-03,Priya Nair,none
PAY-14198,Reliance Industries,INV-70321,54474.28,2025-03-25,Sneha Patel,none
PAY-11617,Power Grid Corporation,INV-54832,133294.33,2025-06-05,Rahul Sharma,none
PAY-10354,Coal India Logistics,INV-59377,119918.31,2025-04-03,Priya Nair,none
PAY-14558,JSW Steel,INV-85062,528330.06,2025-03-18,Sneha Patel,none
PAY-12023,Tata Consultancy Services,INV-49252,214974.73,2025-06-27,Ananya Iyer,none
PAY-13691,Reliance Industries,INV-20481,503715.77,2025-06-25,Priya Nair,none
PAY-12556,Marico Limited,INV-91293,526136.65,2025-07-27,Ananya Iyer,none
PAY-13049,Hindalco Industries,INV-86188,360575.32,2025-02-20,Priya Nair,none
PAY-11229,ITC Limited,INV-40539,195901.66,2025-06-03,Rahul Sharma,none
PAY-10260,Reliance Industries,INV-40775,666008.18,2025-03-11,Ananya Iyer,none
PAY-11520,Infosys Limited,INV-46779,106693.62,2025-08-27,Ananya Iyer,none
PAY-11778,Cipla Healthcare,INV-62286,71445.29,2025-04-17,Sneha Patel,none
PAY-14740,Power Grid Corporation,INV-98095,545185.5,2025-10-24,Vikram Malhotra,none
PAY-11771,Bajaj Auto,INV-87376,697215.59,2025-02-24,Vikram Malhotra,none
PAY-14354,Tata Consultancy Services,INV-87872,493767.68,2025-10-21,Vikram Malhotra,none
PAY-10053,HCL Technologies,INV-46509,349657.91,2025-02-08,Ananya Iyer,none
PAY-13474,Marico Limited,INV-44123,297511.17,2025-11-30,Vikram Malhotra,none
PAY-14684,BPCL Supplies,INV-34443,433832.04,2025-11-20,Ananya Iyer,none
PAY-14412,Asian Paints,INV-75842,386806.79,2025-05-11,Priya Nair,none
PAY-12410,Godrej Consumer,INV-11958,111253.78,2025-06-08,Priya Nair,none
PAY-12788,Havells India,INV-38074,7382.29,2025-02-04,Ananya Iyer,none
PAY-12345,Tech Mahindra,INV-53483,361786.75,2025-05-05,Rahul Sharma,none
PAY-11034,Hindalco Industries,INV-84162,496262.91,2025-03-16,Ananya Iyer,none
PAY-11098,Godrej Consumer,INV-77277,717748.47,2025-10-03,Priya Nair,none
PAY-10544,Mahindra & Mahindra,INV-59436,506885.58,2025-11-05,Rahul Sharma,none
PAY-11047,HCL Technologies,INV-57477,453505.11,2025-03-02,Sneha Patel,none
PAY-11895,NTPC Solutions,INV-94562,97217.3,2025-10-14,Rahul Sharma,none
PAY-14377,Larsen & Toubro,INV-35674,656591.01,2025-03-30,Priya Nair,none
PAY-10031,Dr Reddys Laboratories,INV-44522,729056.63,2025-04-02,Priya Nair,none
PAY-10726,Godrej Consumer,INV-95944,317430.13,2025-06-14,Sneha Patel,none
PAY-14962,Hindalco Industries,INV-31300,178280.01,2025-04-30,Ananya Iyer,likely
PAY-14719,Sun Pharma Logistics,INV-42955,428664.34,2025-03-31,Rahul Sharma,none
PAY-13904,Cipla Healthcare,INV-48291,199299.03,2025-02-13,Priya Nair,none
PAY-11427,Larsen & Toubro,INV-76269,62262.38,2025-05-23,Vikram Malhotra,none
PAY-12498,HCL Technologies,INV-36978,715552.75,2025-09-07,Ananya Iyer,none
PAY-10437,Coal India Logistics,INV-28830,237873.96,2025-06-13,Vikram Malhotra,none
PAY-12471,Godrej Consumer,INV-61381,633057.89,2025-11-18,Vikram Malhotra,none
PAY-10913,Bajaj Auto,INV-54921,141237.72,2025-07-25,Ananya Iyer,none
PAY-14223,Hero MotoCorp,INV-18653,608796.14,2025-12-02,Rahul Sharma,none
PAY-14353,Coal India Logistics,INV-17315,287342.28,2025-01-04,Rahul Sharma,none
PAY-14513,Titan Company,INV-57199,339494.3,2025-06-21,Vikram Malhotra,none
PAY-14444,Blue Dart Express,INV-58623,227822.66,2025-02-14,Rahul Sharma,none
PAY-12288,Coal India Logistics,INV-33748,145558.4,2025-10-30,Sneha Patel,none
PAY-14598,BPCL Supplies,INV-37244,734113.27,2025-05-22,Sneha Patel,none
PAY-11239,Larsen & Toubro,INV-16621,506858.26,2025-07-21,Ananya Iyer,none
PAY-10904,Sun Pharma Logistics,INV-40737,7039.81,2025-12-10,Rahul Sharma,none
PAY-13621,Mahindra & Mahindra,INV-24075,7360.43,2025-12-10,Vikram Malhotra,none
PAY-13232,Bajaj Auto,INV-57777,675539.38,2025-05-01,Vikram Malhotra,none
PAY-12860,Cipla Healthcare,INV-87616,455557.53,2025-11-12,Ananya Iyer,none
PAY-10508,Cipla Healthcare,INV-42435,511854.73,2025-11-02,Rahul Sharma,none
PAY-13222,Blue Dart Express,INV-60494,82201.39,2025-05-31,Priya Nair,none
PAY-10184,Tech Mahindra,INV-14278,177449.79,2025-12-28,Vikram Malhotra,none
PAY-11565,Tech Mahindra,INV-33891,730038.54,2025-12-29,Sneha Patel,none
PAY-12705,NTPC Solutions,INV-60870,714592.83,2025-12-14,Vikram Malhotra,none
PAY-10322,Havells India,INV-50668,560624.6,2025-04-24,Vikram Malhotra,none
PAY-13564,Hindalco Industries,INV-64166,91308.12,2025-01-21,Sneha Patel,none
PAY-11539,Power Grid Corporation,INV-14287,225959.54,2025-05-19,Priya Nair,none
PAY-11838,Reliance Industries,INV-31895,474294.96,2025-04-16,Vikram Malhotra,none
PAY-12381,Larsen & Toubro,INV-17864,661462.07,2025-01-17,Priya Nair,none
PAY-11913,Blue Dart Express,INV-12440,205524.01,2025-10-28,Rahul Sharma,none
PAY-11841,Hero MotoCorp,INV-28058,96622.68,2025-04-14,Ananya Iyer,none
PAY-12116,Tata Motors,INV-71506,150808.23,2025-04-08,Rahul Sharma,none
PAY-14438,Hero MotoCorp,INV-98641,593628.59,2025-01-18,Rahul Sharma,none
PAY-11147,Wipro Technologies,INV-95830,699034.24,2025-07-19,Vikram Malhotra,none
PAY-12487,JSW Steel,INV-84356,475253.98,2025-01-17,Rahul Sharma,none
PAY-10045,ITC Limited,INV-18834,679537.91,2025-06-19,Rahul Sharma,none
PAY-12155,Power Grid Corporation,INV-64149,496870.17,2025-01-02,Vikram Malhotra,none
PAY-11527,Sun Pharma Logistics,INV-66917,436702.94,2025-10-30,Sneha Patel,none
PAY-14856,Hero MotoCorp,INV-45515,115748.86,2025-07-07,Ananya Iyer,none
PAY-11379,Kotak Services,INV-24796,266823.41,2025-08-25,Sneha Patel,none
PAY-11766,Hero MotoCorp,INV-32058,563702.81,2025-05-20,Priya Nair,none
PAY-13013,Dr Reddys Laboratories,INV-14236,513107.58,2025-07-28,Priya Nair,none
PAY-10414,Tech Mahindra,INV-49315,639264.73,2025-12-31,Sneha Patel,none
PAY-14285,Hero MotoCorp,INV-80851,633966.91,2025-02-24,Rahul Sharma,none
PAY-11408,Dr Reddys Laboratories,INV-73792,495155.39,2025-03-11,Rahul Sharma,none
PAY-11659,Asian Paints,INV-70248,31805.93,2025-04-01,Priya Nair,none
PAY-10802,Tata Motors,INV-14062,326335.88,2025-12-01,Sneha Patel,none
PAY-11289,Bharti Airtel,INV-39658,29011.02,2025-01-08,Vikram Malhotra,none
PAY-12183,Coal India Logistics,INV-51961,235124.11,2025-12-19,Rahul Sharma,none
PAY-12589,Infosys Limited,INV-74011,232837.02,2025-08-09,Vikram Malhotra,none
PAY-12616,Coal India Logistics,INV-36306,90458.1,2025-01-01,Sneha Patel,none
PAY-12319,Tata Motors,INV-45194,416352.44,2025-03-29,Sneha Patel,none
PAY-10257,Sun Pharma Logistics,INV-89964,169918.56,2025-02-02,Ananya Iyer,none
PAY-14542,Marico Limited,INV-32840,720084.04,2025-07-03,Vikram Malhotra,none
PAY-11730,Godrej Consumer,INV-51864,341359.97,2025-03-10,Vikram Malhotra,none
PAY-11152,Larsen & Toubro,INV-80685,136892.3,2025-11-02,Ananya Iyer,none
PAY-14145,BPCL Supplies,INV-25169,600487.52,2025-06-12,Rahul Sharma,none
PAY-10648,Hero MotoCorp,INV-69113,466460.43,2025-07-03,Rahul Sharma,none
PAY-12909,Bharti Airtel,INV-54850,526242.1,2025-09-15,Priya Nair,none
PAY-11703,Hero MotoCorp,INV-28423,180850.66,2025-10-20,Priya Nair,none
PAY-11882,Larsen & Toubro,INV-25432,281743.18,2025-07-11,Vikram Malhotra,none
PAY-13769,HCL Technologies,INV-24859,574850.72,2025-06-22,Rahul Sharma,none
PAY-11316,Asian Paints,INV-63759,334197.14,2025-11-04,Priya Nair,none
PAY-12270,Reliance Industries,INV-73886,10148.29,2025-12-03,Vikram Malhotra,none
PAY-11967,Havells India,INV-88587,591668.73,2025-11-16,Rahul Sharma,none
PAY-12466,UltraTech Cement,INV-41697,419025.99,2025-07-20,Sneha Patel,none
PAY-13856,Tata Motors,INV-27789,169445.46,2025-04-20,Sneha Patel,none
PAY-11351,Tata Motors,INV-14145,207265.58,2025-02-14,Ananya Iyer,none
PAY-13297,Tata Motors,INV-92076,235755.74,2025-12-01,Vikram Malhotra,none
PAY-10113,Bharti Airtel,INV-60328,373310.99,2025-05-05,Sneha Patel,none
PAY-13134,Bharti Airtel,INV-50116,305722.45,2025-07-11,Vikram Malhotra,none
PAY-10264,Mahindra & Mahindra,INV-14288,519259.09,2025-04-22,Ananya Iyer,none
PAY-11394,Cipla Healthcare,INV-29231,497356.64,2025-08-20,Priya Nair,none
PAY-11879,Kotak Services,INV-14273,561139.75,2025-10-14,Vikram Malhotra,none
PAY-11187,Blue Dart Express,INV-91937,49738.99,2025-07-02,Sneha Patel,none
PAY-13072,Asian Paints,INV-50372,321846.94,2025-07-21,Ananya Iyer,none
PAY-10057,HCL Technologies,INV-59672,6605.76,2025-07-19,Vikram Malhotra,none
PAY-11310,Hindalco Industries,INV-96445,647691.0,2025-03-25,Sneha Patel,none
PAY-10696,Godrej Consumer,INV-28327,189600.85,2025-11-27,Rahul Sharma,none
PAY-12953,Larsen & Toubro,INV-10911,256151.19,2025-12-29,Priya Nair,none
PAY-11727,Tata Consultancy Services,INV-62515,154056.11,2025-06-06,Vikram Malhotra,none
PAY-12092,Power Grid Corporation,INV-87000,529948.7,2025-01-07,Sneha Patel,none
PAY-13870,Bharti Airtel,INV-27383,224774.98,2025-02-01,Ananya Iyer,none
PAY-10320,Hero MotoCorp,INV-57428,70656.76,2025-02-24,Sneha Patel,none
PAY-14321,Larsen & Toubro,INV-43886,299415.45,2025-03-19,Priya Nair,none
PAY-10683,Infosys Limited,INV-61949,471075.18,2025-12-25,Sneha Patel,none
PAY-13842,Marico Limited,INV-47068,192813.58,2025-05-06,Priya Nair,none
PAY-13214,Kotak Services,INV-93817,143713.15,2025-07-15,Sneha Patel,none
PAY-12003,Havells India,INV-76619,726446.31,2025-09-08,Sneha Patel,none
PAY-14783,Sun Pharma Logistics,INV-61574,648917.77,2025-09-28,Priya Nair,none
PAY-14151,Kotak Services,INV-39109,320188.89,2025-11-23,Ananya Iyer,none
PAY-10287,Dr Reddys Laboratories,INV-38183,325402.11,2025-04-27,Ananya Iyer,none
PAY-11889,Cipla Healthcare,INV-28156,381049.08,2025-08-24,Ananya Iyer,none
PAY-12338,Reliance Industries,INV-79045,107282.01,2025-01-07,Priya Nair,none
PAY-12521,Kotak Services,INV-90258,40069.21,2025-06-02,Ananya Iyer,none
PAY-12278,Kotak Services,INV-82105,374197.86,2025-12-16,Sneha Patel,none
PAY-12128,Cipla Healthcare,INV-22098,485076.06,2025-07-16,Ananya Iyer,none
PAY-13500,Cipla Healthcare,INV-46808,533876.8,2025-09-03,Sneha Patel,none
PAY-14212,Asian Paints,INV-27824,543634.52,2025-12-05,Priya Nair,none
PAY-12084,Titan Company,INV-37887,346788.07,2025-02-03,Vikram Malhotra,none
PAY-10737,Havells India,INV-50306,82442.02,2025-09-29,Sneha Patel,none
PAY-14802,Godrej Consumer,INV-58052,710700.64,2025-03-25,Sneha Patel,none
PAY-10337,Asian Paints,INV-23566,609170.27,2025-06-25,Rahul Sharma,none
PAY-12597,UltraTech Cement,INV-98987,657569.64,2025-10-24,Sneha Patel,none
PAY-12772,Marico Limited,INV-15209,720093.24,2025-10-04,Priya Nair,none
PAY-13705,Titan Company,INV-66645,119764.23,2025-08-31,Rahul Sharma,none
PAY-14405,Power Grid Corporation,INV-18776,632707.33,2025-06-26,Sneha Patel,none
PAY-11072,Tata Motors,INV-51405,309589.58,2025-02-24,Sneha Patel,none
PAY-12291,Wipro Technologies,INV-16678,288362.72,2025-09-26,Vikram Malhotra,none
PAY-11673,JSW Steel,INV-65374,428196.81,2025-08-04,Vikram Malhotra,none
PAY-14084,BPCL Supplies,INV-21011,216256.62,2025-08-20,Priya Nair,none
PAY-14251,Infosys Limited,INV-63554,342457.53,2025-05-07,Rahul Sharma,none
PAY-14114,Power Grid Corporation,INV-44452,717412.94,2025-10-14,Vikram Malhotra,none
PAY-14409,Kotak Services,INV-89005,466558.1,2025-08-19,Priya Nair,none
PAY-13367,Tech Mahindra,INV-20888,269260.33,2025-09-11,Rahul Sharma,none
PAY-11489,ITC Limited,INV-18271,604317.88,2025-08-07,Vikram Malhotra,none
PAY-10499,Larsen & Toubro,INV-72580,246083.24,2025-05-08,Rahul Sharma,none
PAY-14383,ITC Limited,INV-66371,262560.83,2025-10-29,Ananya Iyer,none
PAY-13480,Infosys Limited,INV-94912,471457.64,2025-10-18,Vikram Malhotra,none
PAY-12582,Bharti Airtel,INV-15387,436740.04,2025-12-26,Vikram Malhotra,none
PAY-13124,Titan Company,INV-23115,269237.42,2025-06-08,Rahul Sharma,none
PAY-12922,Reliance Industries,INV-65179,322291.2,2025-05-18,Priya Nair,none
PAY-14378,Coal India Logistics,INV-56971,335845.81,2025-01-07,Vikram Malhotra,none
PAY-12645,BPCL Supplies,INV-13861,693045.38,2025-06-14,Rahul Sharma,none
PAY-14287,BPCL Supplies,INV-96565,472688.7,2025-02-18,Priya Nair,none
PAY-14041,Blue Dart Express,INV-27388,715873.97,2025-06-10,Vikram Malhotra,none
PAY-12035,Hindalco Industries,INV-14221,691997.42,2025-03-20,Vikram Malhotra,none
PAY-11023,NTPC Solutions,INV-24264,135948.77,2025-11-07,Rahul Sharma,none
PAY-12283,Dr Reddys Laboratories,INV-11052,328574.74,2025-05-29,Vikram Malhotra,none
PAY-14887,Power Grid Corporation,INV-96867,456731.3,2025-02-27,Priya Nair,none
PAY-14220,Hindalco Industries,INV-97152,248346.26,2025-03-10,Sneha Patel,none
PAY-13064,Bharti Airtel,INV-50265,378825.85,2025-06-13,Priya Nair,none
PAY-14366,Cipla Healthcare,INV-64884,255697.96,2025-05-29,Rahul Sharma,none
PAY-10666,Blue Dart Express,INV-17770,744402.24,2025-12-02,Sneha Patel,none
PAY-13933,Tech Mahindra,INV-92789,295461.23,2025-07-01,Vikram Malhotra,none
PAY-12639,Hindalco Industries,INV-90933,623265.27,2025-02-04,Rahul Sharma,none
PAY-13177,Cipla Healthcare,INV-63788,109525.94,2025-09-04,Sneha Patel,none
PAY-14266,Hindalco Industries,INV-73655,501569.71,2025-03-05,Vikram Malhotra,none
PAY-13122,Godrej Consumer,INV-76441,273094.57,2025-05-11,Priya Nair,none
PAY-11018,Asian Paints,INV-53036,464175.11,2025-06-06,Priya Nair,none
PAY-10558,Cipla Healthcare,INV-74044,725048.66,2025-11-25,Ananya Iyer,none
PAY-12400,Sun Pharma Logistics,INV-63383,672900.83,2025-09-15,Rahul Sharma,none
PAY-11208,Blue Dart Express,INV-20480,353704.06,2025-11-24,Rahul Sharma,none
PAY-12006,Bajaj Auto,INV-75350,391574.81,2025-04-02,Vikram Malhotra,none
PAY-12657,Havells India,INV-19288,429018.56,2025-03-07,Priya Nair,none
PAY-12136,Wipro Technologies,INV-64767,396096.68,2025-12-02,Vikram Malhotra,none
PAY-11511,Godrej Consumer,INV-13809,366370.74,2025-03-01,Rahul Sharma,none
PAY-11737,Wipro Technologies,INV-58224,131741.55,2025-10-18,Rahul Sharma,none
PAY-10246,BPCL Supplies,INV-22735,678035.76,2025-11-27,Rahul Sharma,none
PAY-11164,BPCL Supplies,INV-41399,389874.5,2025-11-10,Vikram Malhotra,none
PAY-13363,JSW Steel,INV-84289,261152.47,2025-06-23,Rahul Sharma,none
PAY-10267,Bharti Airtel,INV-26011,712013.04,2025-08-21,Rahul Sharma,none
PAY-12367,Cipla Healthcare,INV-38748,528804.52,2025-05-01,Vikram Malhotra,none
PAY-11115,Larsen & Toubro,INV-17097,396672.91,2025-08-05,Ananya Iyer,none
PAY-10064,Reliance Industries,INV-84668,188430.43,2025-11-01,Rahul Sharma,none
PAY-12593,UltraTech Cement,INV-86706,689103.58,2025-05-29,Sneha Patel,none
PAY-12789,NTPC Solutions,INV-90113,160367.49,2025-04-02,Rahul Sharma,none
PAY-12758,Dr Reddys Laboratories,INV-34045,544162.06,2025-10-29,Priya Nair,none
PAY-13012,Havells India,INV-30875,187423.27,2025-02-05,Rahul Sharma,none
PAY-13077,Sun Pharma Logistics,INV-83147,422179.34,2025-04-13,Sneha Patel,none
PAY-12999,Hero MotoCorp,INV-53785,573386.5,2025-12-02,Sneha Patel,none
PAY-12816,Larsen & Toubro,INV-45389,647177.85,2025-02-09,Rahul Sharma,none
PAY-12260,Kotak Services,INV-59688,132010.55,2025-02-27,Vikram Malhotra,none
PAY-14959,Hero MotoCorp,INV-22347,168599.66,2025-04-15,Priya Nair,none
PAY-13205,BPCL Supplies,INV-53117,78609.13,2025-07-31,Rahul Sharma,none
PAY-11238,Hindalco Industries,INV-29605,248489.56,2025-12-24,Sneha Patel,none
PAY-10104,JSW Steel,INV-59695,509601.87,2025-03-31,Priya Nair,none
PAY-12644,Infosys Limited,INV-19552,333938.7,2025-07-11,Priya Nair,none
PAY-10273,Mahindra & Mahindra,INV-28964,740707.84,2025-10-04,Vikram Malhotra,none
PAY-10509,Power Grid Corporation,INV-68556,398488.98,2025-07-05,Rahul Sharma,none
PAY-12227,JSW Steel,INV-65750,705448.5,2025-03-15,Priya Nair,none
PAY-14934,Marico Limited,INV-76277,174749.02,2025-03-06,Ananya Iyer,likely
PAY-12442,Reliance Industries,INV-98335,307758.05,2025-09-24,Rahul Sharma,none
PAY-10866,JSW Steel,INV-80075,480543.62,2025-09-01,Vikram Malhotra,none
PAY-13327,Titan Company,INV-68939,683129.6,2025-05-02,Ananya Iyer,none
PAY-10909,Havells India,INV-48085,273359.92,2025-12-13,Vikram Malhotra,none
PAY-12115,NTPC Solutions,INV-89432,363229.03,2025-06-20,Sneha Patel,none
PAY-13897,Havells India,INV-54260,27320.29,2025-01-06,Rahul Sharma,none
PAY-11628,ITC Limited,INV-76179,429825.34,2025-02-20,Priya Nair,none
PAY-12874,Bajaj Auto,INV-33462,700228.37,2025-01-06,Sneha Patel,none
PAY-11523,Marico Limited,INV-32273,435700.48,2025-10-11,Sneha Patel,none
PAY-10836,Sun Pharma Logistics,INV-49722,236657.23,2025-09-09,Rahul Sharma,none
PAY-10359,JSW Steel,INV-84766,738407.65,2025-08-25,Vikram Malhotra,none
PAY-10139,Tata Consultancy Services,INV-80702,43803.78,2025-06-29,Sneha Patel,none
PAY-10300,Tata Consultancy Services,INV-33647,208586.44,2025-06-08,Vikram Malhotra,none
PAY-11557,Dr Reddys Laboratories,INV-94500,21004.31,2025-04-07,Rahul Sharma,none
PAY-11004,Kotak Services,INV-30489,402433.48,2025-03-11,Ananya Iyer,none
PAY-10383,Dr Reddys Laboratories,INV-12128,271034.94,2025-02-04,Vikram Malhotra,none
PAY-10942,Power Grid Corporation,INV-59006,528061.56,2025-01-24,Sneha Patel,none
PAY-14447,Mahindra & Mahindra,INV-91082,354728.16,2025-09-25,Priya Nair,none
PAY-14855,Hero MotoCorp,INV-53331,115748.86,2025-05-20,Rahul Sharma,none
PAY-10762,Bharti Airtel,INV-34530,209861.42,2025-08-17,Sneha Patel,none
PAY-11706,Reliance Industries,INV-51079,250318.0,2025-10-27,Ananya Iyer,none
PAY-11874,Titan Company,INV-87101,421431.5,2025-07-22,Vikram Malhotra,none
PAY-12551,Tech Mahindra,INV-34831,305005.62,2025-11-01,Vikram Malhotra,none
PAY-12087,Tata Motors,INV-80278,594488.53,2025-10-19,Sneha Patel,none
PAY-12198,Bajaj Auto,INV-72111,138826.5,2025-01-27,Rahul Sharma,none
PAY-10899,Coal India Logistics,INV-27978,317025.19,2025-02-23,Priya Nair,none
PAY-14000,Cipla Healthcare,INV-75593,666067.12,2025-10-19,Priya Nair,none
PAY-13616,Sun Pharma Logistics,INV-38819,133022.54,2025-07-16,Sneha Patel,none
PAY-11403,Tata Motors,INV-60173,307494.33,2025-08-11,Priya Nair,none
PAY-13874,Titan Company,INV-10999,132674.49,2025-01-18,Priya Nair,none
PAY-13786,Kotak Services,INV-74794,417420.88,2025-10-10,Vikram Malhotra,none
PAY-14387,Tata Motors,INV-40482,380079.7,2025-05-10,Vikram Malhotra,none
PAY-12956,Havells India,INV-74175,347886.78,2025-01-26,Priya Nair,none
PAY-11513,Sun Pharma Logistics,INV-64927,153069.79,2025-12-13,Vikram Malhotra,none
PAY-11189,ITC Limited,INV-51515,736348.4,2025-11-27,Vikram Malhotra,none
PAY-12990,Larsen & Toubro,INV-59601,457305.7,2025-03-05,Rahul Sharma,none
PAY-12081,Coal India Logistics,INV-37147,701073.89,2025-07-22,Ananya Iyer,none
PAY-14984,Hero MotoCorp,INV1514,57567.66,2025-04-11,Ananya Iyer,typo
PAY-13438,Sun Pharma Logistics,INV-73530,739037.0,2025-11-06,Priya Nair,none
PAY-10109,Tech Mahindra,INV-77561,499571.11,2025-11-14,Vikram Malhotra,none
PAY-14699,Blue Dart Express,INV-44359,402928.61,2025-05-13,Ananya Iyer,none
PAY-12828,Sun Pharma Logistics,INV-28844,608212.19,2025-02-12,Rahul Sharma,none
PAY-14748,Asian Paints,INV-50568,664186.07,2025-02-15,Ananya Iyer,none
PAY-10059,JSW Steel,INV-73788,120323.63,2025-06-01,Sneha Patel,none
PAY-10077,JSW Steel,INV-93130,640420.05,2025-09-16,Ananya Iyer,none
PAY-10797,Hero MotoCorp,INV-72847,592603.85,2025-10-23,Sneha Patel,none
PAY-10369,Blue Dart Express,INV-22987,630186.33,2025-11-29,Vikram Malhotra,none
PAY-14906,HCL Technologies,INV-19843,104720.89,2025-01-11,Rahul Sharma,exact
PAY-10786,HCL Technologies,INV-83659,521702.5,2025-11-11,Vikram Malhotra,none
PAY-12089,JSW Steel,INV-27423,252374.68,2025-11-22,Vikram Malhotra,none
PAY-12315,NTPC Solutions,INV-61150,303632.47,2025-05-20,Sneha Patel,none
PAY-13385,Havells India,INV-90931,57435.17,2025-10-26,Ananya Iyer,none
PAY-13606,Hindalco Industries,INV-65114,153396.56,2025-01-27,Ananya Iyer,none
PAY-14112,Reliance Industries,INV-39301,646035.4,2025-09-16,Rahul Sharma,none
PAY-11903,Titan Company,INV-43708,72813.69,2025-02-20,Priya Nair,none
PAY-11704,Blue Dart Express,INV-25812,393858.38,2025-10-25,Priya Nair,none
PAY-10122,Asian Paints,INV-20155,536590.92,2025-05-01,Vikram Malhotra,none
PAY-11845,Larsen & Toubro,INV-79422,319183.05,2025-04-27,Sneha Patel,none
PAY-12370,Blue Dart Express,INV-55789,273839.61,2025-03-13,Vikram Malhotra,none
PAY-13729,Reliance Industries,INV-68840,98951.76,2025-02-07,Vikram Malhotra,none
PAY-10911,Havells India,INV-28139,499199.5,2025-03-29,Vikram Malhotra,none
PAY-10125,Wipro Technologies,INV-64377,308661.53,2025-10-05,Ananya Iyer,none
PAY-12573,Cipla Healthcare,INV-97023,643432.34,2025-11-02,Ananya Iyer,none
PAY-11587,Larsen & Toubro,INV-86962,450462.1,2025-03-15,Sneha Patel,none
PAY-11258,Cipla Healthcare,INV-43902,413856.04,2025-11-15,Sneha Patel,none
PAY-13442,Tata Motors,INV-11430,227141.87,2025-04-15,Sneha Patel,none
PAY-13481,Bharti Airtel,INV-76990,22740.33,2025-01-07,Sneha Patel,none
PAY-14109,Blue Dart Express,INV-55003,294862.02,2025-10-22,Sneha Patel,none
PAY-11179,Blue Dart Express,INV-52344,123165.52,2025-01-22,Priya Nair,none
PAY-13464,Havells India,INV-28045,377934.99,2025-06-15,Ananya Iyer,none
PAY-13470,Marico Limited,INV-31519,300900.21,2025-03-19,Priya Nair,none
PAY-13468,Bharti Airtel,INV-40081,439140.69,2025-01-04,Vikram Malhotra,none
PAY-12104,Bharti Airtel,INV-16829,477603.38,2025-03-14,Sneha Patel,none
PAY-10443,Kotak Services,INV-77466,352777.26,2025-06-07,Ananya Iyer,none
PAY-12228,Bharti Airtel,INV-19248,474028.31,2025-05-18,Sneha Patel,none
PAY-14417,Hero MotoCorp,INV-68905,512362.69,2025-05-10,Ananya Iyer,none
PAY-10926,Larsen & Toubro,INV-83183,669586.1,2025-11-10,Rahul Sharma,none
PAY-14021,Mahindra & Mahindra,INV-92056,674750.46,2025-01-16,Sneha Patel,none
PAY-12146,Godrej Consumer,INV-15486,77147.18,2025-09-25,Rahul Sharma,none
PAY-14771,Power Grid Corporation,INV-65067,100586.26,2025-09-02,Sneha Patel,none
PAY-11412,ITC Limited,INV-34352,321455.03,2025-01-04,Priya Nair,none
PAY-13467,NTPC Solutions,INV-18907,34896.87,2025-10-29,Rahul Sharma,none
PAY-12073,Asian Paints,INV-16259,628193.35,2025-09-25,Rahul Sharma,none
PAY-11510,Reliance Industries,INV-16875,694021.7,2025-04-01,Sneha Patel,none
PAY-11228,Bajaj Auto,INV-30461,108114.1,2025-07-07,Priya Nair,none
PAY-14073,JSW Steel,INV-44722,306676.34,2025-03-18,Rahul Sharma,none
PAY-12586,Power Grid Corporation,INV-47982,469727.37,2025-12-07,Sneha Patel,none
PAY-14451,Titan Company,INV-30880,294368.64,2025-08-24,Rahul Sharma,none
PAY-12952,UltraTech Cement,INV-79692,570910.03,2025-12-12,Rahul Sharma,none
PAY-13886,Marico Limited,INV-17050,176154.68,2025-12-25,Priya Nair,none
PAY-10325,Dr Reddys Laboratories,INV-94599,612202.57,2025-05-01,Rahul Sharma,none
PAY-13978,Wipro Technologies,INV-51992,705530.38,2025-04-19,Rahul Sharma,none
PAY-13577,JSW Steel,INV-58979,296128.29,2025-11-07,Sneha Patel,none
PAY-12212,Tata Motors,INV-95419,97446.55,2025-04-17,Rahul Sharma,none
PAY-13299,Mahindra & Mahindra,INV-34837,613459.86,2025-09-07,Vikram Malhotra,none
PAY-13036,HCL Technologies,INV-73438,673364.54,2025-01-08,Rahul Sharma,none
PAY-11499,Bharti Airtel,INV-28754,481670.15,2025-09-25,Ananya Iyer,none
PAY-11503,ITC Limited,INV-35153,92543.33,2025-09-29,Rahul Sharma,none
PAY-11007,Tata Consultancy Services,INV-82551,656701.36,2025-03-14,Rahul Sharma,none
PAY-14180,ITC Limited,INV-31176,607140.16,2025-05-29,Sneha Patel,none
PAY-13014,Kotak Services,INV-60504,57422.38,2025-08-02,Vikram Malhotra,none
PAY-13517,Infosys Limited,INV-78100,82342.41,2025-01-03,Vikram Malhotra,none
PAY-11468,UltraTech Cement,INV-62941,633816.62,2025-02-05,Priya Nair,none
PAY-11226,Tata Consultancy Services,INV-46170,689738.5,2025-09-19,Priya Nair,none
PAY-13168,Havells India,INV-79541,396158.69,2025-09-30,Vikram Malhotra,none
PAY-12268,Bajaj Auto,INV-11161,80496.65,2025-09-09,Sneha Patel,none
PAY-13809,HCL Technologies,INV-99449,384714.92,2025-07-28,Rahul Sharma,none
PAY-11217,HCL Technologies,INV-33644,414724.27,2025-09-16,Vikram Malhotra,none
PAY-13977,Wipro Technologies,INV-13574,292781.67,2025-12-17,Ananya Iyer,none
PAY-14585,Kotak Services,INV-80120,575362.97,2025-12-25,Priya Nair,none
PAY-10421,Asian Paints,INV-71057,511681.2,2025-06-26,Sneha Patel,none
PAY-13423,UltraTech Cement,INV-90167,95776.3,2025-03-08,Priya Nair,none
PAY-10007,Tata Motors,INV-65392,258486.63,2025-03-21,Sneha Patel,none
PAY-10933,Reliance Industries,INV-75191,560203.03,2025-01-10,Rahul Sharma,none
PAY-11692,Dr Reddys Laboratories,INV-99824,575319.91,2025-08-11,Ananya Iyer,none
PAY-10440,Asian Paints,INV-42495,109953.84,2025-01-26,Vikram Malhotra,none
PAY-11314,Kotak Services,INV-75358,409908.36,2025-01-03,Priya Nair,none
PAY-10679,Asian Paints,INV-10088,743919.49,2025-08-08,Sneha Patel,none
PAY-11944,Hindalco Industries,INV-33006,53693.67,2025-03-07,Rahul Sharma,none
PAY-14611,ITC Limited,INV-80937,616777.58,2025-02-04,Priya Nair,none
PAY-13304,JSW Steel,INV-62193,217181.05,2025-05-27,Vikram Malhotra,none
PAY-12269,Wipro Technologies,INV-79349,388167.36,2025-03-20,Ananya Iyer,none
PAY-14634,Dr Reddys Laboratories,INV-46927,710689.85,2025-04-06,Vikram Malhotra,none
PAY-14081,JSW Steel,INV-81078,327697.4,2025-11-03,Vikram Malhotra,none
PAY-12519,Reliance Industries,INV-64405,543823.98,2025-05-21,Vikram Malhotra,none
PAY-12440,Coal India Logistics,INV-28955,246180.77,2025-06-12,Rahul Sharma,none
PAY-14038,Tata Motors,INV-88878,54761.61,2025-05-15,Rahul Sharma,none
PAY-11894,Hindalco Industries,INV-92589,598138.29,2025-12-29,Vikram Malhotra,none
PAY-14245,Infosys Limited,INV-37160,24850.83,2025-07-31,Priya Nair,none
PAY-14830,BPCL Supplies,INV-30388,50959.14,2025-07-26,Vikram Malhotra,none
PAY-12641,Kotak Services,INV-99040,359927.69,2025-04-29,Sneha Patel,none
PAY-10195,Hindalco Industries,INV-15273,573516.21,2025-03-31,Ananya Iyer,none
PAY-11475,Tech Mahindra,INV-61131,672863.22,2025-11-19,Vikram Malhotra,none
PAY-14617,Blue Dart Express,INV-30050,67663.94,2025-09-20,Ananya Iyer,none
PAY-11212,Power Grid Corporation,INV-22729,80412.71,2025-04-29,Priya Nair,none
PAY-12439,Godrej Consumer,INV-88266,152927.18,2025-12-08,Priya Nair,none
PAY-11658,Marico Limited,INV-25615,290804.26,2025-06-11,Ananya Iyer,none
PAY-12701,Cipla Healthcare,INV-55587,703231.8,2025-11-08,Vikram Malhotra,none
PAY-13083,NTPC Solutions,INV-58424,331402.66,2025-05-26,Rahul Sharma,none
PAY-12706,Havells India,INV-80092,350309.39,2025-10-21,Priya Nair,none
PAY-14227,Reliance Industries,INV-28596,210219.14,2025-08-06,Vikram Malhotra,none
PAY-12843,Dr Reddys Laboratories,INV-98694,206975.19,2025-06-15,Priya Nair,none
PAY-12303,Hindalco Industries,INV-60338,69987.22,2025-02-24,Sneha Patel,none
PAY-11131,Asian Paints,INV-53864,198528.0,2025-07-04,Priya Nair,none
PAY-11462,Coal India Logistics,INV-94323,84156.04,2025-08-15,Vikram Malhotra,none
PAY-10277,Dr Reddys Laboratories,INV-65176,396933.72,2025-02-02,Ananya Iyer,none
PAY-12223,Tech Mahindra,INV-38208,718280.08,2025-11-05,Priya Nair,none
PAY-12332,Asian Paints,INV-40372,548709.87,2025-08-11,Vikram Malhotra,none
PAY-14323,Coal India Logistics,INV-18311,71440.48,2025-02-07,Sneha Patel,none
PAY-11303,Larsen & Toubro,INV-61520,313101.68,2025-08-19,Rahul Sharma,none
PAY-12518,Infosys Limited,INV-54222,485357.87,2025-02-05,Ananya Iyer,none
PAY-10223,Havells India,INV-67711,79285.21,2025-08-22,Rahul Sharma,none
PAY-12037,Havells India,INV-61234,735228.23,2025-04-15,Ananya Iyer,none
PAY-11925,Coal India Logistics,INV-76167,718275.79,2025-06-12,Vikram Malhotra,none
PAY-10574,Wipro Technologies,INV-63120,287551.7,2025-10-10,Ananya Iyer,none
PAY-11237,Infosys Limited,INV-49948,395665.6,2025-06-13,Priya Nair,none
PAY-13545,Titan Company,INV-80210,492008.23,2025-01-25,Vikram Malhotra,none
PAY-12134,Mahindra & Mahindra,INV-37462,697862.57,2025-07-23,Vikram Malhotra,none
PAY-11335,Dr Reddys Laboratories,INV-37175,600675.44,2025-08-01,Ananya Iyer,none
PAY-12458,JSW Steel,INV-47998,639520.42,2025-04-19,Sneha Patel,none
PAY-10419,Titan Company,INV-72739,396643.26,2025-07-29,Priya Nair,none
PAY-14915,Tata Consultancy Services,INV-17472,117476.68,2025-08-10,Ananya Iyer,none
PAY-11105,Tech Mahindra,INV-22190,302203.32,2025-06-25,Rahul Sharma,none
PAY-10258,Blue Dart Express,INV-49608,488683.39,2025-03-01,Sneha Patel,none
PAY-10296,JSW Steel,INV-73201,172062.43,2025-02-25,Vikram Malhotra,none
PAY-12362,Bajaj Auto,INV-51853,373183.82,2025-09-04,Ananya Iyer,none
PAY-10387,BPCL Supplies,INV-33891,609565.77,2025-02-02,Ananya Iyer,none
PAY-13309,HCL Technologies,INV-20958,573093.35,2025-02-04,Sneha Patel,none
PAY-14014,UltraTech Cement,INV-96627,203198.72,2025-10-09,Ananya Iyer,none
PAY-12232,Wipro Technologies,INV-45405,97842.81,2025-02-26,Priya Nair,none
PAY-12555,ITC Limited,INV-18630,401438.13,2025-05-22,Sneha Patel,none
PAY-14336,NTPC Solutions,INV-85135,565991.08,2025-11-19,Rahul Sharma,none
PAY-13516,Hero MotoCorp,INV-64916,661138.65,2025-09-14,Priya Nair,none
PAY-11840,Dr Reddys Laboratories,INV-23014,119950.32,2025-07-06,Vikram Malhotra,none
PAY-14385,Hero MotoCorp,INV-93303,130758.7,2025-05-16,Priya Nair,none
PAY-11564,HCL Technologies,INV-91085,693478.07,2025-12-31,Priya Nair,none
PAY-12016,Mahindra & Mahindra,INV-60118,23415.06,2025-08-15,Sneha Patel,none
PAY-11401,Hero MotoCorp,INV-57086,86725.25,2025-05-25,Rahul Sharma,none
PAY-10713,ITC Limited,INV-21300,693847.68,2025-03-01,Ananya Iyer,none
PAY-12421,Larsen & Toubro,INV-23801,221542.15,2025-03-23,Priya Nair,none
PAY-12620,Kotak Services,INV-34123,616101.86,2025-10-07,Vikram Malhotra,none
PAY-10210,Blue Dart Express,INV-48254,384109.65,2025-05-20,Ananya Iyer,none
PAY-14945,BPCL Supplies,INV-15694,380203.65,2025-07-09,Priya Nair,none
PAY-11290,UltraTech Cement,INV-39170,558063.16,2025-04-14,Sneha Patel,none
PAY-10450,Bajaj Auto,INV-82512,220008.26,2025-07-17,Priya Nair,none
PAY-14092,Havells India,INV-91741,433071.68,2025-08-12,Priya Nair,none
PAY-12570,Godrej Consumer,INV-53997,342199.18,2025-06-29,Priya Nair,none
PAY-11821,Kotak Services,INV-55068,331392.46,2025-09-17,Sneha Patel,none
PAY-10959,Cipla Healthcare,INV-56168,423898.76,2025-10-26,Priya Nair,none
PAY-11794,Bajaj Auto,INV-43405,441248.07,2025-09-15,Rahul Sharma,none
PAY-14787,NTPC Solutions,INV-49104,145918.67,2025-12-23,Vikram Malhotra,none
PAY-10655,Reliance Industries,INV-45112,582459.21,2025-07-07,Priya Nair,none
PAY-12408,ITC Limited,INV-37370,747772.08,2025-11-07,Rahul Sharma,none
PAY-13853,Tata Motors,INV-19996,81878.35,2025-03-12,Sneha Patel,none
PAY-11996,Godrej Consumer,INV-58804,497376.99,2025-09-27,Priya Nair,none
PAY-11761,Infosys Limited,INV-71636,198866.85,2025-12-28,Ananya Iyer,none
PAY-12355,Larsen & Toubro,INV-97460,516934.73,2025-11-16,Vikram Malhotra,none
PAY-12742,Power Grid Corporation,INV-20019,686403.46,2025-12-01,Ananya Iyer,none
PAY-12618,Reliance Industries,INV-72094,23369.01,2025-09-16,Ananya Iyer,none
PAY-10412,Marico Limited,INV-68341,747960.49,2025-12-16,Vikram Malhotra,none
PAY-11775,Dr Reddys Laboratories,INV-84600,101343.55,2025-01-25,Vikram Malhotra,none
PAY-13979,HCL Technologies,INV-38652,194250.05,2025-06-24,Vikram Malhotra,none
PAY-12187,Blue Dart Express,INV-33464,643300.2,2025-07-20,Vikram Malhotra,none
PAY-12380,Godrej Consumer,INV-94521,522959.03,2025-05-27,Rahul Sharma,none
PAY-13964,Godrej Consumer,INV-26144,653776.99,2025-11-24,Priya Nair,none
PAY-14312,Tata Motors,INV-93840,215864.79,2025-11-09,Ananya Iyer,none
PAY-14775,Reliance Industries,INV-72749,572454.37,2025-09-03,Vikram Malhotra,none
PAY-13703,Coal India Logistics,INV-73068,711626.26,2025-12-06,Rahul Sharma,none
PAY-13973,Kotak Services,INV-61838,324358.79,2025-01-24,Priya Nair,none
PAY-14766,ITC Limited,INV-89621,185631.25,2025-12-28,Vikram Malhotra,none
PAY-13559,Marico Limited,INV-97123,271443.73,2025-07-25,Priya Nair,none
PAY-14111,Sun Pharma Logistics,INV-79434,457913.49,2025-12-18,Vikram Malhotra,none
PAY-13498,Tata Consultancy Services,INV-14870,375580.46,2025-08-27,Ananya Iyer,none
PAY-13766,Reliance Industries,INV-47850,235571.86,2025-10-05,Priya Nair,none
PAY-10431,Infosys Limited,INV-94076,579411.66,2025-05-16,Sneha Patel,none
PAY-14485,BPCL Supplies,INV-17733,73142.78,2025-10-22,Vikram Malhotra,none
PAY-12322,BPCL Supplies,INV-42637,742204.52,2025-04-18,Priya Nair,none
PAY-11367,Sun Pharma Logistics,INV-45527,110459.84,2025-12-27,Vikram Malhotra,none
PAY-11993,HCL Technologies,INV-44313,683433.47,2025-01-11,Sneha Patel,none
PAY-12852,Coal India Logistics,INV-30506,54745.14,2025-11-22,Priya Nair,none
PAY-11177,Dr Reddys Laboratories,INV-14392,153389.01,2025-02-18,Priya Nair,none
PAY-13529,Reliance Industries,INV-65301,708931.58,2025-12-05,Ananya Iyer,none
PAY-11477,Larsen & Toubro,INV-14679,148854.08,2025-10-31,Sneha Patel,none
PAY-13741,Power Grid Corporation,INV-89157,374041.45,2025-05-23,Sneha Patel,none
PAY-12046,Dr Reddys Laboratories,INV-19012,294799.71,2025-04-16,Sneha Patel,none
PAY-10103,Tata Motors,INV-48752,418037.3,2025-04-09,Ananya Iyer,none
PAY-14332,UltraTech Cement,INV-51665,489462.88,2025-04-09,Vikram Malhotra,none
PAY-12993,UltraTech Cement,INV-56140,564704.29,2025-08-03,Priya Nair,none
PAY-11264,ITC Limited,INV-59899,383862.55,2025-12-30,Rahul Sharma,none
PAY-12882,Godrej Consumer,INV-23616,33454.23,2025-01-15,Priya Nair,none
PAY-13139,Wipro Technologies,INV-65034,741202.67,2025-02-27,Ananya Iyer,none
PAY-13623,Bharti Airtel,INV-40432,79773.13,2025-02-11,Ananya Iyer,none
PAY-13204,JSW Steel,INV-13360,165949.45,2025-04-03,Rahul Sharma,none
PAY-14279,Kotak Services,INV-84844,203299.72,2025-04-30,Sneha Patel,none
PAY-13300,Coal India Logistics,INV-11367,471770.14,2025-07-22,Rahul Sharma,none
PAY-14994,NTPC Solutions,INV6695,130638.27,2025-05-17,Ananya Iyer,typo
PAY-13634,Titan Company,INV-84928,262162.19,2025-07-15,Rahul Sharma,none
PAY-11644,Reliance Industries,INV-32114,53209.26,2025-04-12,Vikram Malhotra,none
PAY-14506,Havells India,INV-45783,734365.13,2025-08-11,Rahul Sharma,none
PAY-10001,BPCL Supplies,INV-24592,23633.01,2025-05-21,Sneha Patel,none
PAY-11581,Titan Company,INV-35486,370396.69,2025-11-05,Priya Nair,none
PAY-14423,Kotak Services,INV-13943,296963.39,2025-03-22,Priya Nair,none
PAY-14117,BPCL Supplies,INV-91681,94383.45,2025-12-12,Priya Nair,none
PAY-11357,Cipla Healthcare,INV-52904,111754.81,2025-02-20,Priya Nair,none
PAY-14202,Bharti Airtel,INV-72648,211502.22,2025-09-19,Sneha Patel,none
PAY-14575,Tata Consultancy Services,INV-33715,145838.62,2025-12-25,Sneha Patel,none
PAY-13734,Titan Company,INV-35098,262088.8,2025-01-26,Rahul Sharma,none
PAY-12026,ITC Limited,INV-39743,543885.24,2025-04-18,Ananya Iyer,none
PAY-12219,Marico Limited,INV-48456,496072.4,2025-08-16,Sneha Patel,none
PAY-10397,Wipro Technologies,INV-52981,497384.82,2025-06-06,Ananya Iyer,none
PAY-14942,Bajaj Auto,INV-70435,371214.83,2025-02-07,Vikram Malhotra,likely
PAY-11065,Power Grid Corporation,INV-65139,280931.2,2025-01-23,Priya Nair,none
PAY-13081,ITC Limited,INV-46718,740262.25,2025-10-28,Ananya Iyer,none
PAY-12154,Bajaj Auto,INV-69233,465672.01,2025-12-04,Ananya Iyer,none
PAY-10819,Hindalco Industries,INV-40886,359815.4,2025-02-10,Ananya Iyer,none
PAY-11813,Hindalco Industries,INV-61345,42937.02,2025-01-05,Rahul Sharma,none
PAY-12553,JSW Steel,INV-16536,486526.92,2025-02-26,Sneha Patel,none
PAY-11553,Tech Mahindra,INV-20085,86476.87,2025-05-22,Rahul Sharma,none
PAY-14048,Reliance Industries,INV-34954,167599.02,2025-02-08,Priya Nair,none
PAY-10817,Cipla Healthcare,INV-87296,174497.01,2025-02-01,Ananya Iyer,none
PAY-11573,Kotak Services,INV-47988,727356.14,2025-10-21,Sneha Patel,none
PAY-14553,Cipla Healthcare,INV-30601,253959.84,2025-01-05,Sneha Patel,none
PAY-11801,Tata Consultancy Services,INV-61764,91925.3,2025-03-29,Ananya Iyer,none
PAY-14288,Godrej Consumer,INV-20969,180232.0,2025-12-17,Priya Nair,none
PAY-10382,Infosys Limited,INV-93318,293226.58,2025-07-11,Vikram Malhotra,none
PAY-12875,Asian Paints,INV-57315,396871.93,2025-01-03,Priya Nair,none
PAY-14348,Marico Limited,INV-15831,266689.48,2025-02-06,Ananya Iyer,none
PAY-14627,Mahindra & Mahindra,INV-98277,117722.66,2025-12-14,Priya Nair,none
PAY-13504,Tata Motors,INV-74032,595013.01,2025-01-25,Vikram Malhotra,none
PAY-12312,Infosys Limited,INV-84209,50291.08,2025-12-22,Sneha Patel,none
PAY-11781,Marico Limited,INV-99779,454617.64,2025-07-03,Rahul Sharma,none
PAY-12727,Wipro Technologies,INV-94133,322724.12,2025-05-25,Sneha Patel,none
PAY-12438,Bajaj Auto,INV-84752,294907.79,2025-01-06,Priya Nair,none
PAY-12334,HCL Technologies,INV-33083,145700.64,2025-09-09,Sneha Patel,none
PAY-10865,Tata Motors,INV-84978,612930.95,2025-06-25,Sneha Patel,none
PAY-13639,Godrej Consumer,INV-35652,635197.4,2025-07-15,Vikram Malhotra,none
PAY-13165,HCL Technologies,INV-62108,615919.83,2025-09-19,Sneha Patel,none
PAY-10555,Hindalco Industries,INV-64732,224918.25,2025-04-11,Vikram Malhotra,none
PAY-11160,Coal India Logistics,INV-40305,598591.7,2025-10-08,Vikram Malhotra,none
PAY-11214,Hindalco Industries,INV-91962,710889.99,2025-10-13,Priya Nair,none
PAY-13761,Dr Reddys Laboratories,INV-53068,137041.35,2025-12-02,Sneha Patel,none
PAY-14214,Dr Reddys Laboratories,INV-38061,32582.15,2025-10-20,Sneha Patel,none
PAY-10049,Reliance Industries,INV-22704,495942.15,2025-07-01,Ananya Iyer,none
PAY-12368,Tata Consultancy Services,INV-36644,745459.46,2025-01-09,Vikram Malhotra,none
PAY-10701,Titan Company,INV-24777,184605.91,2025-11-23,Priya Nair,none
PAY-10653,NTPC Solutions,INV-47836,130315.69,2025-08-23,Priya Nair,none
PAY-13934,Cipla Healthcare,INV-48091,650373.72,2025-01-22,Sneha Patel,none
PAY-14410,Reliance Industries,INV-12040,483131.3,2025-11-30,Vikram Malhotra,none
PAY-13312,Cipla Healthcare,INV-37581,545058.07,2025-01-23,Priya Nair,none
PAY-10749,HCL Technologies,INV-99922,231640.16,2025-12-27,Priya Nair,none
PAY-11456,Blue Dart Express,INV-46226,578172.55,2025-12-21,Vikram Malhotra,none
PAY-14196,Tata Consultancy Services,INV-46455,733602.44,2025-05-01,Ananya Iyer,none
PAY-12390,HCL Technologies,INV-17165,603487.75,2025-11-28,Ananya Iyer,none
PAY-13495,Dr Reddys Laboratories,INV-40776,344157.21,2025-10-24,Priya Nair,none
PAY-10867,Power Grid Corporation,INV-49347,634837.34,2025-12-03,Priya Nair,none
PAY-10753,Titan Company,INV-69270,419185.55,2025-10-09,Sneha Patel,none
PAY-11645,Bharti Airtel,INV-87982,633801.98,2025-07-26,Rahul Sharma,none
PAY-10093,Havells India,INV-19099,725332.38,2025-05-23,Vikram Malhotra,none
PAY-14825,Reliance Industries,INV-44564,133902.25,2025-05-28,Rahul Sharma,none
PAY-13102,Cipla Healthcare,INV-99647,326055.31,2025-05-22,Ananya Iyer,none
PAY-12433,Wipro Technologies,INV-45901,306776.02,2025-06-02,Ananya Iyer,none
PAY-12630,Asian Paints,INV-70076,211293.51,2025-03-23,Vikram Malhotra,none
PAY-11491,NTPC Solutions,INV-28000,244584.47,2025-04-20,Rahul Sharma,none
PAY-12896,Blue Dart Express,INV-70687,70680.66,2025-02-16,Sneha Patel,none
PAY-12178,Godrej Consumer,INV-99037,700774.25,2025-03-06,Priya Nair,none
PAY-10730,Marico Limited,INV-70960,650194.01,2025-06-09,Vikram Malhotra,none
PAY-14760,Coal India Logistics,INV-48008,687543.03,2025-11-14,Priya Nair,none
PAY-12472,Hero MotoCorp,INV-82470,123494.61,2025-06-15,Sneha Patel,none
PAY-12243,Larsen & Toubro,INV-59650,427832.78,2025-05-17,Rahul Sharma,none
PAY-11937,Tata Consultancy Services,INV-39035,558642.61,2025-05-24,Vikram Malhotra,none
PAY-11746,JSW Steel,INV-37815,536435.28,2025-12-29,Ananya Iyer,none
PAY-14747,Kotak Services,INV-62548,226819.19,2025-08-18,Priya Nair,none
PAY-14374,NTPC Solutions,INV-77773,481366.32,2025-01-31,Rahul Sharma,none
PAY-13492,Mahindra & Mahindra,INV-69890,697943.68,2025-04-15,Rahul Sharma,none
PAY-11111,JSW Steel,INV-96956,372035.32,2025-01-04,Priya Nair,none
PAY-13338,Hindalco Industries,INV-35506,711263.73,2025-12-04,Priya Nair,none
PAY-14033,Asian Paints,INV-88490,214718.21,2025-03-25,Rahul Sharma,none
PAY-14472,Hero MotoCorp,INV-82555,263225.53,2025-05-31,Vikram Malhotra,none
PAY-14158,Wipro Technologies,INV-17731,285981.47,2025-01-05,Rahul Sharma,none
PAY-10347,Hero MotoCorp,INV-26750,504236.72,2025-12-17,Priya Nair,none
PAY-11186,HCL Technologies,INV-75525,73094.16,2025-11-13,Vikram Malhotra,none
PAY-14007,NTPC Solutions,INV-39898,392395.37,2025-04-23,Vikram Malhotra,none
PAY-11516,Wipro Technologies,INV-71733,440893.73,2025-01-28,Ananya Iyer,none
PAY-14670,UltraTech Cement,INV-62468,513066.59,2025-07-28,Sneha Patel,none
PAY-10579,JSW Steel,INV-46749,674987.18,2025-10-16,Rahul Sharma,none
PAY-11965,JSW Steel,INV-17312,421647.25,2025-05-31,Ananya Iyer,none
PAY-10076,Tech Mahindra,INV-89276,161919.09,2025-06-25,Sneha Patel,none
PAY-11430,JSW Steel,INV-68543,280476.29,2025-03-31,Vikram Malhotra,none
PAY-13713,Infosys Limited,INV-10273,356050.07,2025-01-17,Sneha Patel,none
PAY-14431,Tata Motors,INV-60624,95668.52,2025-10-08,Rahul Sharma,none
PAY-12752,Wipro Technologies,INV-27351,388598.33,2025-09-29,Ananya Iyer,none
PAY-14953,BPCL Supplies,INV-42368,349461.76,2025-06-29,Ananya Iyer,none
PAY-11847,Havells India,INV-77653,596982.47,2025-07-05,Rahul Sharma,none
PAY-10132,Sun Pharma Logistics,INV-97670,510960.7,2025-07-27,Sneha Patel,none
PAY-10179,Asian Paints,INV-68028,226528.08,2025-10-29,Ananya Iyer,none
PAY-12900,Hero MotoCorp,INV-99245,483526.46,2025-04-08,Sneha Patel,none
PAY-14467,Larsen & Toubro,INV-46743,73467.03,2025-12-31,Priya Nair,none
PAY-14195,Titan Company,INV-17979,600025.58,2025-01-21,Sneha Patel,none
PAY-12523,Coal India Logistics,INV-23466,26819.7,2025-01-25,Rahul Sharma,none
PAY-11843,Tech Mahindra,INV-76194,132590.04,2025-05-17,Vikram Malhotra,none
PAY-12099,Godrej Consumer,INV-64380,487794.59,2025-05-28,Rahul Sharma,none
PAY-13950,Hindalco Industries,INV-21982,475000.83,2025-04-12,Ananya Iyer,none
PAY-12374,Bajaj Auto,INV-17088,527544.31,2025-12-06,Priya Nair,none
PAY-10605,Larsen & Toubro,INV-49378,243895.54,2025-12-22,Sneha Patel,none
PAY-12628,Tata Consultancy Services,INV-86092,230557.37,2025-11-27,Priya Nair,none
PAY-10026,BPCL Supplies,INV-30969,595099.13,2025-08-05,Priya Nair,none
PAY-10659,Asian Paints,INV-25386,582845.58,2025-05-02,Sneha Patel,none
PAY-14978,Titan Company,INV-80311,406129.36,2025-02-28,Priya Nair,likely
PAY-13318,Hero MotoCorp,INV-42214,453236.74,2025-05-28,Priya Nair,none
PAY-13869,ITC Limited,INV-15925,550667.97,2025-04-11,Sneha Patel,none
PAY-10174,Havells India,INV-72616,89994.92,2025-02-03,Ananya Iyer,none
PAY-11612,ITC Limited,INV-34696,597354.52,2025-10-14,Priya Nair,none
PAY-10438,Titan Company,INV-27139,571695.42,2025-09-21,Priya Nair,none
PAY-10332,Wipro Technologies,INV-50685,348998.15,2025-01-20,Rahul Sharma,none
PAY-13101,Blue Dart Express,INV-71400,459473.45,2025-04-08,Rahul Sharma,none
PAY-11455,Mahindra & Mahindra,INV-48609,352881.91,2025-02-08,Ananya Iyer,none
PAY-10343,Dr Reddys Laboratories,INV-96057,723485.47,2025-11-05,Sneha Patel,none
PAY-13210,Dr Reddys Laboratories,INV-62601,566222.77,2025-03-30,Ananya Iyer,none
PAY-14577,Wipro Technologies,INV-56212,680643.75,2025-09-26,Rahul Sharma,none
PAY-11089,Power Grid Corporation,INV-40365,463316.54,2025-12-12,Rahul Sharma,none
PAY-10480,Bharti Airtel,INV-80592,206993.88,2025-10-15,Vikram Malhotra,none
PAY-10728,Bajaj Auto,INV-25650,379020.5,2025-01-27,Sneha Patel,none
PAY-13784,Havells India,INV-70749,68492.82,2025-02-19,Priya Nair,none
PAY-10977,Asian Paints,INV-30290,34755.74,2025-06-15,Priya Nair,none
PAY-13785,Power Grid Corporation,INV-83585,575763.24,2025-10-31,Sneha Patel,none
PAY-12978,ITC Limited,INV-18352,460482.78,2025-12-31,Priya Nair,none
PAY-11929,Blue Dart Express,INV-27527,486600.25,2025-01-02,Priya Nair,none
PAY-11469,ITC Limited,INV-10433,291395.79,2025-12-19,Ananya Iyer,none
PAY-11225,Tata Consultancy Services,INV-49365,738373.85,2025-04-20,Vikram Malhotra,none
PAY-12857,Hindalco Industries,INV-29978,81717.33,2025-04-21,Vikram Malhotra,none
PAY-11953,Titan Company,INV-35507,254355.83,2025-10-20,Rahul Sharma,none
PAY-14831,Coal India Logistics,INV-54989,32018.07,2025-05-26,Ananya Iyer,none
PAY-14501,Larsen & Toubro,INV-56110,582138.98,2025-12-06,Priya Nair,none
PAY-11893,Dr Reddys Laboratories,INV-46356,486207.81,2025-03-26,Rahul Sharma,none
PAY-11300,Asian Paints,INV-31821,319734.33,2025-11-10,Rahul Sharma,none
PAY-12991,Titan Company,INV-38613,162422.35,2025-02-26,Priya Nair,none
PAY-14600,Bajaj Auto,INV-26671,523112.19,2025-02-22,Sneha Patel,none
PAY-10661,BPCL Supplies,INV-66120,128656.31,2025-03-13,Sneha Patel,none
PAY-14578,Power Grid Corporation,INV-85084,682846.31,2025-01-03,Vikram Malhotra,none
PAY-14074,Power Grid Corporation,INV-95367,578717.2,2025-03-31,Rahul Sharma,none
PAY-12785,Titan Company,INV-38863,506643.99,2025-05-16,Ananya Iyer,none
PAY-14938,Tata Consultancy Services,INV-34886,85975.74,2025-09-23,Sneha Patel,likely
PAY-13828,Kotak Services,INV-74082,712111.54,2025-08-12,Rahul Sharma,none
PAY-12715,Tata Consultancy Services,INV-71137,32567.8,2025-07-03,Ananya Iyer,none
PAY-14658,ITC Limited,INV-23664,720982.66,2025-12-15,Rahul Sharma,none
PAY-10268,JSW Steel,INV-37801,483069.83,2025-11-02,Rahul Sharma,none
PAY-14443,UltraTech Cement,INV-45215,73560.51,2025-01-07,Ananya Iyer,none
PAY-14960,Hero MotoCorp,INV-28135,168599.66,2025-04-18,Priya Nair,likely
PAY-13373,JSW Steel,INV-20517,253024.55,2025-01-17,Sneha Patel,none
PAY-13596,Bharti Airtel,INV-99912,274307.77,2025-10-05,Priya Nair,none
PAY-14317,Hindalco Industries,INV-41871,620012.25,2025-07-28,Vikram Malhotra,none
PAY-13723,Infosys Limited,INV-61562,639856.54,2025-12-07,Sneha Patel,none
PAY-13407,Sun Pharma Logistics,INV-81554,749327.58,2025-04-08,Sneha Patel,none
PAY-11279,BPCL Supplies,INV-84035,688248.53,2025-06-12,Rahul Sharma,none
PAY-14641,Hindalco Industries,INV-45160,542700.54,2025-11-22,Vikram Malhotra,none
PAY-13918,Asian Paints,INV-91014,269532.42,2025-01-09,Priya Nair,none
PAY-12679,Bharti Airtel,INV-54974,330211.0,2025-01-30,Sneha Patel,none
PAY-11622,Reliance Industries,INV-14298,595826.11,2025-09-20,Priya Nair,none
PAY-14104,BPCL Supplies,INV-27445,514226.56,2025-10-22,Vikram Malhotra,none
PAY-12858,HCL Technologies,INV-44463,424926.53,2025-03-06,Priya Nair,none
PAY-11897,Power Grid Corporation,INV-34824,564166.14,2025-09-15,Rahul Sharma,none
PAY-13925,Bharti Airtel,INV-59556,540045.14,2025-04-07,Priya Nair,none
PAY-13015,Marico Limited,INV-80430,95131.57,2025-11-07,Priya Nair,none
PAY-14439,Bharti Airtel,INV-12215,345497.83,2025-07-26,Sneha Patel,none
PAY-10068,Asian Paints,INV-51441,697118.66,2025-02-07,Rahul Sharma,none
PAY-12043,JSW Steel,INV-78733,57134.68,2025-01-30,Vikram Malhotra,none
PAY-12581,Hindalco Industries,INV-64695,709223.54,2025-05-22,Vikram Malhotra,none
PAY-13783,BPCL Supplies,INV-54397,314572.59,2025-01-04,Vikram Malhotra,none
PAY-13791,Sun Pharma Logistics,INV-64005,736076.15,2025-09-29,Vikram Malhotra,none
PAY-10821,JSW Steel,INV-91300,114848.5,2025-08-18,Sneha Patel,none
PAY-11227,Hindalco Industries,INV-84922,120262.52,2025-01-20,Ananya Iyer,none
PAY-12992,Tech Mahindra,INV-33412,649345.5,2025-07-25,Priya Nair,none
PAY-13133,Bajaj Auto,INV-24338,590984.8,2025-01-16,Ananya Iyer,none
PAY-12744,Hindalco Industries,INV-26420,694659.13,2025-05-06,Ananya Iyer,none
PAY-14458,Larsen & Toubro,INV-12919,707734.67,2025-03-09,Ananya Iyer,none
PAY-14270,Hindalco Industries,INV-10396,239710.0,2025-12-08,Rahul Sharma,none
PAY-13350,Godrej Consumer,INV-18566,68883.79,2025-01-05,Rahul Sharma,none
PAY-11144,Bharti Airtel,INV-31877,300798.96,2025-02-18,Rahul Sharma,none
PAY-10398,Coal India Logistics,INV-65851,129150.36,2025-08-16,Vikram Malhotra,none
PAY-12907,Hero MotoCorp,INV-86706,292332.12,2025-10-03,Priya Nair,none
PAY-14302,Mahindra & Mahindra,INV-31672,451926.77,2025-08-05,Priya Nair,none
PAY-12760,Bajaj Auto,INV-98330,488806.55,2025-07-14,Vikram Malhotra,none
PAY-11399,Havells India,INV-26718,640116.36,2025-02-01,Vikram Malhotra,none
PAY-11660,JSW Steel,INV-49720,664101.67,2025-03-26,Ananya Iyer,none
PAY-10980,Power Grid Corporation,INV-38830,717955.85,2025-09-24,Rahul Sharma,none
PAY-11299,Tech Mahindra,INV-67613,301539.72,2025-06-05,Vikram Malhotra,none
PAY-13556,Tata Consultancy Services,INV-78835,673778.65,2025-07-08,Priya Nair,none
PAY-10083,Larsen & Toubro,INV-66333,99946.91,2025-06-07,Vikram Malhotra,none
PAY-14508,ITC Limited,INV-42947,668791.83,2025-10-05,Priya Nair,none
PAY-12459,Cipla Healthcare,INV-69589,415932.99,2025-02-28,Sneha Patel,none
PAY-13740,Kotak Services,INV-53850,115384.99,2025-03-13,Sneha Patel,none
PAY-13782,Hindalco Industries,INV-56585,17755.39,2025-12-07,Vikram Malhotra,none
PAY-12289,ITC Limited,INV-25789,103560.38,2025-01-20,Vikram Malhotra,none
PAY-10424,Power Grid Corporation,INV-30056,231572.78,2025-03-24,Vikram Malhotra,none
PAY-14340,Hero MotoCorp,INV-52788,468797.9,2025-07-21,Ananya Iyer,none
PAY-11905,Larsen & Toubro,INV-50212,714362.72,2025-12-14,Sneha Patel,none
PAY-14539,Power Grid Corporation,INV-90160,525553.62,2025-05-26,Rahul Sharma,none
PAY-13353,Bajaj Auto,INV-91688,682387.98,2025-10-26,Ananya Iyer,none
PAY-13103,Asian Paints,INV-29949,489580.55,2025-02-07,Sneha Patel,none
PAY-11566,HCL Technologies,INV-41182,92103.41,2025-06-12,Priya Nair,none
PAY-13356,UltraTech Cement,INV-25524,401567.36,2025-11-13,Ananya Iyer,none
PAY-10840,Cipla Healthcare,INV-77698,651055.78,2025-01-29,Priya Nair,none
PAY-10501,Tech Mahindra,INV-86344,543547.48,2025-01-06,Vikram Malhotra,none
PAY-10142,Coal India Logistics,INV-29973,182715.98,2025-08-31,Rahul Sharma,none
PAY-11378,Godrej Consumer,INV-52567,342695.89,2025-01-16,Rahul Sharma,none
PAY-13698,Hindalco Industries,INV-49366,602246.98,2025-05-12,Rahul Sharma,none
PAY-12145,Tata Consultancy Services,INV-18002,203230.16,2025-01-04,Priya Nair,none
PAY-11139,Wipro Technologies,INV-31233,261000.99,2025-06-10,Vikram Malhotra,none
PAY-12928,Tata Consultancy Services,INV-96325,114880.8,2025-03-30,Vikram Malhotra,none
PAY-11788,BPCL Supplies,INV-94833,395884.95,2025-05-29,Ananya Iyer,none
PAY-13485,Coal India Logistics,INV-47400,597277.37,2025-12-08,Sneha Patel,none
PAY-10551,Tech Mahindra,INV-44283,272935.24,2025-09-12,Ananya Iyer,none
PAY-14907,Tech Mahindra,INV-31377,309749.78,2025-09-30,Rahul Sharma,none
PAY-12020,Wipro Technologies,INV-57216,33519.63,2025-04-13,Vikram Malhotra,none
PAY-10949,Blue Dart Express,INV-66729,629918.0,2025-09-05,Priya Nair,none
PAY-12601,Godrej Consumer,INV-67264,76551.51,2025-09-27,Ananya Iyer,none
PAY-10533,ITC Limited,INV-49552,657812.45,2025-12-05,Priya Nair,none
PAY-11830,Hero MotoCorp,INV-75991,28817.66,2025-02-02,Vikram Malhotra,none
PAY-12918,Asian Paints,INV-90820,345052.03,2025-10-22,Ananya Iyer,none
PAY-14419,Dr Reddys Laboratories,INV-59982,534302.09,2025-03-31,Vikram Malhotra,none
PAY-13872,Bajaj Auto,INV-92199,568659.1,2025-06-03,Ananya Iyer,none
PAY-11603,Marico Limited,INV-27759,271252.17,2025-01-28,Vikram Malhotra,none
PAY-10640,Hindalco Industries,INV-24972,264203.85,2025-08-23,Priya Nair,none
PAY-14833,Tech Mahindra,INV-29324,149707.02,2025-05-24,Sneha Patel,none
PAY-10968,Tata Motors,INV-97096,40000.01,2025-07-15,Ananya Iyer,none
PAY-14238,Tata Consultancy Services,INV-90758,275574.15,2025-07-27,Ananya Iyer,none
PAY-12698,Kotak Services,INV-12470,647765.74,2025-07-16,Ananya Iyer,none
PAY-11684,Power Grid Corporation,INV-49309,327518.31,2025-10-04,Vikram Malhotra,none
PAY-14471,Dr Reddys Laboratories,INV-58030,203468.78,2025-03-09,Rahul Sharma,none
PAY-12343,Dr Reddys Laboratories,INV-54353,640276.56,2025-02-13,Sneha Patel,none
PAY-10156,Coal India Logistics,INV-97580,287347.03,2025-01-15,Ananya Iyer,none
PAY-12488,Sun Pharma Logistics,INV-55453,365513.69,2025-11-11,Priya Nair,none
PAY-14642,Bharti Airtel,INV-57250,725455.48,2025-08-12,Vikram Malhotra,none
PAY-11090,Bajaj Auto,INV-41359,492989.24,2025-03-22,Rahul Sharma,none
PAY-12656,Godrej Consumer,INV-18802,331964.16,2025-11-17,Ananya Iyer,none
PAY-14241,Bajaj Auto,INV-47361,321751.73,2025-03-30,Sneha Patel,none
PAY-10289,UltraTech Cement,INV-50963,500505.36,2025-07-11,Sneha Patel,none
PAY-10931,Hero MotoCorp,INV-40801,63728.79,2025-08-16,Priya Nair,none
PAY-12536,Bharti Airtel,INV-11720,504521.72,2025-08-28,Ananya Iyer,none
PAY-14029,Asian Paints,INV-63449,581372.47,2025-11-19,Priya Nair,none
PAY-13372,UltraTech Cement,INV-54239,35139.52,2025-12-03,Ananya Iyer,none
PAY-14622,Bajaj Auto,INV-11118,230214.15,2025-11-06,Ananya Iyer,none
PAY-13292,Tata Consultancy Services,INV-15928,691954.32,2025-04-16,Rahul Sharma,none
PAY-10943,Kotak Services,INV-28408,617269.8,2025-07-29,Rahul Sharma,none
PAY-13860,Blue Dart Express,INV-41025,460771.66,2025-02-17,Vikram Malhotra,none
PAY-14663,Bajaj Auto,INV-96237,213123.31,2025-04-01,Ananya Iyer,none
PAY-11699,Godrej Consumer,INV-46408,495709.68,2025-04-01,Rahul Sharma,none
PAY-14709,Hero MotoCorp,INV-93287,593815.07,2025-09-03,Sneha Patel,none
PAY-13201,UltraTech Cement,INV-61608,540125.31,2025-01-21,Vikram Malhotra,none
PAY-14602,Wipro Technologies,INV-64778,254921.53,2025-01-25,Ananya Iyer,none
PAY-14609,Tech Mahindra,INV-59560,649565.9,2025-01-21,Sneha Patel,none
PAY-10986,Blue Dart Express,INV-91412,186651.24,2025-01-21,Vikram Malhotra,none
PAY-13319,HCL Technologies,INV-28790,412606.9,2025-06-12,Rahul Sharma,none
PAY-12868,Wipro Technologies,INV-89348,632432.46,2025-03-27,Vikram Malhotra,none
PAY-14057,Marico Limited,INV-74431,671228.34,2025-10-29,Priya Nair,none
PAY-14778,Havells India,INV-26470,32782.8,2025-01-06,Rahul Sharma,none
PAY-10982,Titan Company,INV-22051,265305.2,2025-04-20,Vikram Malhotra,none
PAY-12493,Wipro Technologies,INV-26591,204354.95,2025-09-04,Sneha Patel,none
PAY-13793,Tata Consultancy Services,INV-13427,736034.13,2025-06-17,Sneha Patel,none
PAY-13549,Hero MotoCorp,INV-20069,153346.7,2025-09-06,Sneha Patel,none
PAY-12943,Titan Company,INV-98509,616849.89,2025-01-18,Vikram Malhotra,none
PAY-13528,Hero MotoCorp,INV-99192,58145.43,2025-05-10,Ananya Iyer,none
PAY-13846,Hindalco Industries,INV-54734,6088.09,2025-04-10,Sneha Patel,none
PAY-11458,Titan Company,INV-60933,252827.78,2025-01-31,Vikram Malhotra,none
PAY-11396,Bharti Airtel,INV-99327,658681.89,2025-06-03,Priya Nair,none
PAY-10265,Asian Paints,INV-40947,642310.39,2025-02-20,Vikram Malhotra,none
PAY-14096,JSW Steel,INV-91946,595341.9,2025-07-08,Rahul Sharma,none
PAY-10930,Power Grid Corporation,INV-39190,415119.2,2025-07-13,Ananya Iyer,none
PAY-14872,Larsen & Toubro,INV-87663,150060.39,2025-02-08,Sneha Patel,exact
PAY-12693,ITC Limited,INV-49968,557721.95,2025-04-18,Rahul Sharma,none
PAY-10247,Tech Mahindra,INV-67779,29856.58,2025-07-06,Sneha Patel,none
PAY-13590,Blue Dart Express,INV-45553,656689.88,2025-11-01,Priya Nair,none
PAY-11759,Cipla Healthcare,INV-29826,418977.66,2025-12-03,Ananya Iyer,none
PAY-14866,Kotak Services,INV-51799,399447.3,2025-03-25,Sneha Patel,exact
PAY-12811,Bharti Airtel,INV-82476,551334.09,2025-01-07,Rahul Sharma,none
PAY-10924,Tata Motors,INV-91033,75955.39,2025-12-05,Sneha Patel,none
PAY-12881,Kotak Services,INV-32776,357719.07,2025-11-28,Priya Nair,none
PAY-10269,Infosys Limited,INV-53713,186458.83,2025-03-06,Priya Nair,none
PAY-10670,Titan Company,INV-69243,61259.62,2025-02-17,Ananya Iyer,none
PAY-14476,Wipro Technologies,INV-92853,302477.34,2025-12-27,Vikram Malhotra,none
PAY-11911,Reliance Industries,INV-45296,50170.82,2025-08-26,Priya Nair,none
PAY-12986,Asian Paints,INV-98408,353198.18,2025-03-21,Priya Nair,none
PAY-11153,BPCL Supplies,INV-93342,658583.81,2025-08-11,Priya Nair,none
PAY-14818,Godrej Consumer,INV-86221,608077.07,2025-01-09,Rahul Sharma,none
PAY-13456,Cipla Healthcare,INV-57227,729377.98,2025-06-23,Rahul Sharma,none
PAY-14242,Mahindra & Mahindra,INV-72858,631976.16,2025-03-12,Vikram Malhotra,none
PAY-14550,Tata Motors,INV-38548,498348.21,2025-10-19,Vikram Malhotra,none
PAY-12173,Reliance Industries,INV-48138,70321.85,2025-02-15,Vikram Malhotra,none
PAY-14516,Infosys Limited,INV-80889,703003.42,2025-06-16,Rahul Sharma,none
PAY-11916,Bharti Airtel,INV-28660,283112.39,2025-03-28,Sneha Patel,none
PAY-10613,Mahindra & Mahindra,INV-96332,119836.71,2025-08-05,Ananya Iyer,none
PAY-12407,Havells India,INV-66479,34809.61,2025-12-31,Ananya Iyer,none
PAY-14206,Titan Company,INV-16346,476801.56,2025-03-19,Rahul Sharma,none
PAY-11899,Mahindra & Mahindra,INV-36975,187738.59,2025-12-28,Priya Nair,none
PAY-11650,Reliance Industries,INV-42858,369559.33,2025-04-29,Sneha Patel,none
PAY-12608,Larsen & Toubro,INV-62814,504209.03,2025-08-25,Priya Nair,none
PAY-10259,Infosys Limited,INV-14877,231751.62,2025-09-10,Rahul Sharma,none
PAY-10848,NTPC Solutions,INV-55843,261465.51,2025-05-13,Rahul Sharma,none
PAY-14252,Asian Paints,INV-40040,252443.77,2025-01-25,Vikram Malhotra,none
PAY-11234,Wipro Technologies,INV-17329,691794.26,2025-06-21,Vikram Malhotra,none
PAY-11128,NTPC Solutions,INV-51383,590073.04,2025-06-03,Vikram Malhotra,none
PAY-11968,Asian Paints,INV-60321,350835.77,2025-08-08,Priya Nair,none
PAY-10559,Asian Paints,INV-32050,550915.32,2025-06-30,Sneha Patel,none
PAY-13906,Kotak Services,INV-47641,370898.69,2025-02-09,Sneha Patel,none
PAY-10485,NTPC Solutions,INV-30701,308146.05,2025-09-01,Ananya Iyer,none
PAY-11321,Sun Pharma Logistics,INV-21495,41528.37,2025-08-02,Sneha Patel,none
PAY-13405,JSW Steel,INV-18634,429054.84,2025-06-13,Ananya Iyer,none
PAY-10008,Cipla Healthcare,INV-54118,81146.66,2025-07-14,Rahul Sharma,none
PAY-13280,BPCL Supplies,INV-65878,306157.37,2025-07-13,Rahul Sharma,none
PAY-13190,Dr Reddys Laboratories,INV-89077,720002.16,2025-07-05,Sneha Patel,none
PAY-11451,JSW Steel,INV-38419,713114.27,2025-11-23,Rahul Sharma,none
PAY-13981,Hindalco Industries,INV-24257,366612.66,2025-09-06,Ananya Iyer,none
PAY-11815,Coal India Logistics,INV-82653,749274.64,2025-01-19,Ananya Iyer,none
PAY-10774,Blue Dart Express,INV-32768,136194.77,2025-10-31,Vikram Malhotra,none
PAY-11012,Reliance Industries,INV-33770,504878.54,2025-10-18,Rahul Sharma,none
PAY-12819,Bharti Airtel,INV-89389,645180.78,2025-06-15,Ananya Iyer,none
PAY-13276,Havells India,INV-78136,72760.34,2025-12-02,Vikram Malhotra,none
PAY-11992,Sun Pharma Logistics,INV-82680,188243.37,2025-04-11,Rahul Sharma,none
PAY-11278,Tech Mahindra,INV-78656,682624.22,2025-08-09,Sneha Patel,none
PAY-11784,UltraTech Cement,INV-21825,568585.53,2025-07-08,Priya Nair,none
PAY-13106,Coal India Logistics,INV-61111,19059.38,2025-04-26,Vikram Malhotra,none
PAY-10447,Tech Mahindra,INV-80345,11092.17,2025-02-25,Ananya Iyer,none
PAY-10881,Coal India Logistics,INV-66847,476948.22,2025-07-26,Ananya Iyer,none
PAY-14460,Hindalco Industries,INV-83278,624122.58,2025-04-06,Ananya Iyer,none
PAY-10782,Cipla Healthcare,INV-24538,635628.26,2025-07-06,Rahul Sharma,none
PAY-11750,Tata Motors,INV-15965,8993.93,2025-09-16,Priya Nair,none
PAY-13389,UltraTech Cement,INV-99863,178641.43,2025-01-26,Rahul Sharma,none
PAY-14882,Reliance Industries,INV-35497,110333.73,2025-02-25,Rahul Sharma,exact
PAY-10884,Bharti Airtel,INV-12348,509177.37,2025-11-17,Sneha Patel,none
PAY-12945,Hero MotoCorp,INV-23950,351367.41,2025-02-12,Vikram Malhotra,none
PAY-11092,Hindalco Industries,INV-36255,390718.31,2025-12-27,Rahul Sharma,none
PAY-14784,Titan Company,INV-34944,251421.69,2025-06-22,Ananya Iyer,none
PAY-10532,Hero MotoCorp,INV-85511,242583.25,2025-11-03,Vikram Malhotra,none
PAY-14023,UltraTech Cement,INV-88694,296051.37,2025-07-19,Rahul Sharma,none
PAY-14422,Hindalco Industries,INV-23527,117456.17,2025-02-27,Priya Nair,none
PAY-14099,JSW Steel,INV-69852,429049.14,2025-01-16,Rahul Sharma,none
PAY-11728,Hindalco Industries,INV-20778,87567.01,2025-05-08,Priya Nair,none
PAY-10611,Asian Paints,INV-48185,624304.95,2025-02-05,Ananya Iyer,none
PAY-10571,Godrej Consumer,INV-62022,63869.34,2025-07-27,Ananya Iyer,none
PAY-12672,Kotak Services,INV-76532,172807.56,2025-06-29,Ananya Iyer,none
PAY-13719,Mahindra & Mahindra,INV-87774,222114.19,2025-09-27,Rahul Sharma,none
PAY-10344,Sun Pharma Logistics,INV-20682,439140.94,2025-03-14,Vikram Malhotra,none
PAY-13001,UltraTech Cement,INV-63778,145711.84,2025-01-15,Priya Nair,none
PAY-13140,Asian Paints,INV-64404,642824.62,2025-10-02,Ananya Iyer,none
PAY-10435,Tech Mahindra,INV-69446,59364.9,2025-01-31,Sneha Patel,none
PAY-11904,HCL Technologies,INV-47401,112305.52,2025-05-11,Rahul Sharma,none
PAY-13805,Godrej Consumer,INV-57333,307461.57,2025-02-24,Vikram Malhotra,none
PAY-14777,Bajaj Auto,INV-54129,357100.14,2025-10-27,Sneha Patel,none
PAY-12070,Dr Reddys Laboratories,INV-61229,130497.76,2025-12-10,Rahul Sharma,none
PAY-11538,Havells India,INV-92222,57670.45,2025-12-20,Vikram Malhotra,none
PAY-12253,Kotak Services,INV-77503,515415.79,2025-12-13,Priya Nair,none
PAY-12347,Hero MotoCorp,INV-15836,81597.41,2025-06-01,Rahul Sharma,none
PAY-11518,Titan Company,INV-58953,106621.44,2025-04-10,Vikram Malhotra,none
PAY-10966,Coal India Logistics,INV-98542,555921.9,2025-04-25,Priya Nair,none
PAY-14407,Mahindra & Mahindra,INV-44326,323485.62,2025-09-30,Sneha Patel,none
PAY-10529,Coal India Logistics,INV-98083,528948.27,2025-01-25,Sneha Patel,none
PAY-10177,ITC Limited,INV-25525,420764.41,2025-08-02,Priya Nair,none
PAY-13483,Dr Reddys Laboratories,INV-60930,541377.11,2025-08-23,Ananya Iyer,none
PAY-12544,Marico Limited,INV-24047,560044.36,2025-05-04,Rahul Sharma,none
PAY-14936,HCL Technologies,INV-69621,61329.88,2025-08-16,Rahul Sharma,likely
PAY-10573,JSW Steel,INV-20566,492033.11,2025-11-29,Rahul Sharma,none
PAY-12300,JSW Steel,INV-82321,578995.42,2025-03-08,Vikram Malhotra,none
PAY-13509,Bajaj Auto,INV-48331,114986.72,2025-12-11,Ananya Iyer,none
PAY-12460,Havells India,INV-71548,713160.86,2025-06-29,Ananya Iyer,none
PAY-13610,Reliance Industries,INV-81891,403740.86,2025-03-07,Rahul Sharma,none
PAY-14555,Kotak Services,INV-37854,739099.31,2025-06-10,Vikram Malhotra,none
PAY-12209,Larsen & Toubro,INV-23033,247295.59,2025-10-03,Sneha Patel,none
PAY-14721,Wipro Technologies,INV-84216,575988.21,2025-12-11,Vikram Malhotra,none
PAY-12756,Dr Reddys Laboratories,INV-56525,712689.7,2025-07-29,Ananya Iyer,none
PAY-10384,ITC Limited,INV-96127,473051.44,2025-10-25,Vikram Malhotra,none
PAY-10853,Coal India Logistics,INV-11109,171708.67,2025-11-08,Vikram Malhotra,none
PAY-11881,Reliance Industries,INV-58442,430964.74,2025-01-21,Priya Nair,none
PAY-10371,Tata Motors,INV-28191,570336.66,2025-08-29,Ananya Iyer,none
PAY-12379,Tata Motors,INV-49257,355287.45,2025-06-22,Ananya Iyer,none
PAY-14324,Hero MotoCorp,INV-24804,441940.96,2025-05-08,Vikram Malhotra,none
PAY-11106,NTPC Solutions,INV-33394,360033.81,2025-07-01,Sneha Patel,none
PAY-13414,HCL Technologies,INV-38441,75660.42,2025-07-20,Ananya Iyer,none
PAY-13947,Dr Reddys Laboratories,INV-39082,605995.22,2025-02-22,Rahul Sharma,none
PAY-11337,Tata Consultancy Services,INV-93967,154884.42,2025-05-25,Vikram Malhotra,none
PAY-12190,Bajaj Auto,INV-61296,296342.01,2025-09-28,Vikram Malhotra,none
PAY-14595,Wipro Technologies,INV-65241,730583.87,2025-07-04,Priya Nair,none
PAY-12320,Infosys Limited,INV-79935,182471.5,2025-01-21,Sneha Patel,none
PAY-14706,HCL Technologies,INV-56365,306745.39,2025-07-13,Sneha Patel,none
PAY-13711,Wipro Technologies,INV-20788,598164.75,2025-01-05,Sneha Patel,none
PAY-14849,Bajaj Auto,INV-59241,175002.13,2025-02-05,Sneha Patel,none
PAY-11172,UltraTech Cement,INV-50838,590365.38,2025-09-13,Vikram Malhotra,none
PAY-14326,Tata Motors,INV-63396,85430.55,2025-04-20,Ananya Iyer,none
PAY-12695,BPCL Supplies,INV-69475,715018.5,2025-01-11,Ananya Iyer,none
PAY-11423,HCL Technologies,INV-14630,522813.12,2025-11-02,Vikram Malhotra,none
PAY-12342,Tata Consultancy Services,INV-11231,718425.18,2025-02-24,Priya Nair,none
PAY-12652,Cipla Healthcare,INV-63480,428379.8,2025-02-06,Vikram Malhotra,none
PAY-14156,Bharti Airtel,INV-18246,99090.09,2025-11-07,Sneha Patel,none
PAY-11465,BPCL Supplies,INV-93930,5646.39,2025-01-20,Ananya Iyer,none
PAY-10875,Infosys Limited,INV-29762,107337.12,2025-04-13,Vikram Malhotra,none
PAY-13340,BPCL Supplies,INV-50225,164067.69,2025-03-14,Ananya Iyer,none
PAY-14341,Mahindra & Mahindra,INV-81554,319527.9,2025-12-06,Priya Nair,none
PAY-11252,Larsen & Toubro,INV-67732,38433.78,2025-04-30,Sneha Patel,none
PAY-12349,ITC Limited,INV-65985,292110.38,2025-06-30,Vikram Malhotra,none
PAY-10841,Godrej Consumer,INV-30836,53884.64,2025-12-30,Priya Nair,none
PAY-14569,Tech Mahindra,INV-31952,299454.79,2025-04-29,Sneha Patel,none
PAY-10582,Hindalco Industries,INV-41519,427188.46,2025-07-19,Priya Nair,none
PAY-10205,Mahindra & Mahindra,INV-81987,102604.86,2025-05-28,Ananya Iyer,none
PAY-11642,Titan Company,INV-67417,394383.47,2025-12-13,Rahul Sharma,none
PAY-12015,Asian Paints,INV-66689,309669.82,2025-09-12,Vikram Malhotra,none
PAY-10906,Larsen & Toubro,INV-21807,585747.04,2025-02-08,Rahul Sharma,none
PAY-10632,Sun Pharma Logistics,INV-83380,322645.19,2025-08-25,Sneha Patel,none
PAY-13365,Tech Mahindra,INV-98784,298243.74,2025-03-18,Rahul Sharma,none
PAY-11975,Larsen & Toubro,INV-50850,440469.11,2025-09-20,Vikram Malhotra,none
PAY-10163,JSW Steel,INV-86225,279920.24,2025-10-11,Priya Nair,none
PAY-13173,Titan Company,INV-78386,729146.6,2025-09-01,Ananya Iyer,none
PAY-13613,Tech Mahindra,INV-66335,184306.8,2025-04-23,Priya Nair,none
PAY-14676,Dr Reddys Laboratories,INV-26780,53955.87,2025-04-06,Vikram Malhotra,none
PAY-10618,JSW Steel,INV-97122,269481.57,2025-11-28,Priya Nair,none
PAY-14069,Bajaj Auto,INV-10295,285207.04,2025-03-15,Rahul Sharma,none
PAY-11432,Sun Pharma Logistics,INV-21062,725672.5,2025-11-01,Sneha Patel,none
PAY-10548,Dr Reddys Laboratories,INV-72773,686258.77,2025-12-23,Priya Nair,none
PAY-13335,Marico Limited,INV-64752,348133.25,2025-08-20,Ananya Iyer,none
PAY-14547,UltraTech Cement,INV-81761,48798.41,2025-10-07,Ananya Iyer,none
PAY-14224,Godrej Consumer,INV-38130,538176.63,2025-10-19,Priya Nair,none
PAY-12388,Hero MotoCorp,INV-83307,455787.14,2025-02-09,Ananya Iyer,none
PAY-14244,Infosys Limited,INV-25533,598957.99,2025-09-21,Rahul Sharma,none
PAY-13996,Hero MotoCorp,INV-82443,483103.24,2025-11-04,Ananya Iyer,none
PAY-14066,Titan Company,INV-99226,695693.54,2025-03-02,Ananya Iyer,none
PAY-11862,Mahindra & Mahindra,INV-41632,625010.6,2025-06-05,Ananya Iyer,none
PAY-10641,HCL Technologies,INV-98288,530961.33,2025-06-02,Priya Nair,none
PAY-13903,JSW Steel,INV-25093,597043.73,2025-09-16,Vikram Malhotra,none
PAY-10638,Asian Paints,INV-24936,200453.28,2025-09-08,Priya Nair,none
PAY-14263,Tata Consultancy Services,INV-14205,47897.76,2025-05-17,Ananya Iyer,none
PAY-13911,Wipro Technologies,INV-57378,544304.92,2025-05-21,Priya Nair,none
PAY-12987,Hindalco Industries,INV-31854,470077.53,2025-10-17,Ananya Iyer,none
PAY-12097,Blue Dart Express,INV-88390,741470.78,2025-08-16,Vikram Malhotra,none
PAY-14612,Titan Company,INV-61364,125840.76,2025-10-18,Rahul Sharma,none
PAY-13076,Hero MotoCorp,INV-58952,22640.85,2025-08-07,Ananya Iyer,none
PAY-13675,Bajaj Auto,INV-53444,149142.08,2025-09-17,Sneha Patel,none
PAY-12842,Titan Company,INV-11213,226079.51,2025-08-11,Vikram Malhotra,none
PAY-10922,Tata Motors,INV-98857,395989.34,2025-10-23,Priya Nair,none
PAY-10547,Blue Dart Express,INV-12009,162796.79,2025-04-08,Rahul Sharma,none
PAY-13667,Asian Paints,INV-87388,593940.61,2025-03-13,Vikram Malhotra,none
PAY-11901,Titan Company,INV-87187,38512.81,2025-01-12,Vikram Malhotra,none
PAY-12029,Havells India,INV-34621,324450.77,2025-12-24,Ananya Iyer,none
PAY-12302,Coal India Logistics,INV-58705,182497.9,2025-05-22,Sneha Patel,none
PAY-11886,Reliance Industries,INV-81766,264743.46,2025-01-23,Ananya Iyer,none
PAY-11643,Reliance Industries,INV-28791,299134.54,2025-12-22,Priya Nair,none
PAY-13510,JSW Steel,INV-81076,308830.2,2025-08-10,Rahul Sharma,none
PAY-14810,JSW Steel,INV-66069,588568.34,2025-07-06,Rahul Sharma,none
PAY-12098,Larsen & Toubro,INV-46454,241566.3,2025-01-21,Priya Nair,none
PAY-14358,UltraTech Cement,INV-66536,375640.07,2025-01-26,Vikram Malhotra,none
PAY-13789,Infosys Limited,INV-23968,45910.19,2025-06-03,Sneha Patel,none
PAY-14495,Asian Paints,INV-64159,446858.07,2025-10-21,Sneha Patel,none
PAY-14968,UltraTech Cement,INV-49913,40835.28,2025-08-18,Ananya Iyer,likely
PAY-10837,Havells India,INV-39878,105117.21,2025-08-15,Vikram Malhotra,none
PAY-10602,Coal India Logistics,INV-90828,150683.43,2025-02-24,Sneha Patel,none
PAY-12185,Tech Mahindra,INV-59375,48815.38,2025-06-20,Sneha Patel,none
PAY-13866,Tata Consultancy Services,INV-65981,523802.42,2025-07-02,Ananya Iyer,none
PAY-12482,Mahindra & Mahindra,INV-33675,74118.97,2025-09-11,Vikram Malhotra,none
PAY-14308,HCL Technologies,INV-73898,216667.51,2025-12-20,Priya Nair,none
PAY-11583,Larsen & Toubro,INV-66051,280374.33,2025-07-10,Rahul Sharma,none
PAY-14267,Infosys Limited,INV-12575,563021.89,2025-05-15,Priya Nair,none
PAY-12534,Tata Motors,INV-20852,267992.22,2025-05-05,Sneha Patel,none
PAY-12726,ITC Limited,INV-36744,247712.84,2025-07-10,Ananya Iyer,none
PAY-11071,Power Grid Corporation,INV-25444,392222.57,2025-07-12,Sneha Patel,none
PAY-11776,Sun Pharma Logistics,INV-17279,559130.99,2025-10-08,Priya Nair,none
PAY-14809,Mahindra & Mahindra,INV-63515,353992.29,2025-02-04,Rahul Sharma,none
PAY-11284,Cipla Healthcare,INV-90213,464625.15,2025-11-07,Priya Nair,none
PAY-13051,Bharti Airtel,INV-72691,91722.76,2025-02-12,Ananya Iyer,none
PAY-14754,Wipro Technologies,INV-24406,662635.27,2025-10-17,Vikram Malhotra,none
PAY-11837,Godrej Consumer,INV-23352,618589.62,2025-01-22,Priya Nair,none
PAY-14243,Asian Paints,INV-66909,7035.36,2025-01-23,Priya Nair,none
PAY-11020,HCL Technologies,INV-10633,238345.01,2025-04-24,Ananya Iyer,none
PAY-14134,UltraTech Cement,INV-17650,716881.82,2025-10-26,Priya Nair,none
PAY-11327,Sun Pharma Logistics,INV-79081,313249.64,2025-04-18,Sneha Patel,none
PAY-10476,Reliance Industries,INV-85166,509083.57,2025-07-14,Ananya Iyer,none
PAY-14272,Power Grid Corporation,INV-14967,606834.8,2025-06-02,Priya Nair,none
PAY-11652,JSW Steel,INV-13506,729194.05,2025-07-15,Priya Nair,none
PAY-13999,Larsen & Toubro,INV-53300,426178.2,2025-05-31,Rahul Sharma,none
PAY-14468,Titan Company,INV-28057,329628.13,2025-04-01,Sneha Patel,none
PAY-12611,Kotak Services,INV-53425,648914.02,2025-03-04,Priya Nair,none
PAY-12477,BPCL Supplies,INV-39065,226207.27,2025-10-02,Sneha Patel,none
PAY-12584,Godrej Consumer,INV-55481,219864.36,2025-01-05,Ananya Iyer,none
PAY-11374,Wipro Technologies,INV-71039,428003.03,2025-02-17,Ananya Iyer,none
PAY-10740,Tata Motors,INV-58823,346551.23,2025-02-13,Priya Nair,none
PAY-13619,Reliance Industries,INV-22541,188413.75,2025-07-28,Sneha Patel,none
PAY-12441,Larsen & Toubro,INV-70117,700695.45,2025-09-13,Vikram Malhotra,none
PAY-10868,HCL Technologies,INV-48506,77714.28,2025-03-07,Vikram Malhotra,none
PAY-11141,Mahindra & Mahindra,INV-68313,586825.66,2025-07-05,Priya Nair,none
PAY-10998,Titan Company,INV-69129,474511.86,2025-08-10,Vikram Malhotra,none
PAY-11338,Godrej Consumer,INV-18891,234290.55,2025-09-17,Priya Nair,none
PAY-10542,Mahindra & Mahindra,INV-36651,251045.93,2025-02-10,Ananya Iyer,none
PAY-11100,Cipla Healthcare,INV-41886,569317.6,2025-08-23,Ananya Iyer,none
PAY-11133,Bajaj Auto,INV-99074,722521.84,2025-04-12,Priya Nair,none
PAY-14065,Godrej Consumer,INV-87150,410725.78,2025-11-22,Ananya Iyer,none
PAY-12716,BPCL Supplies,INV-82955,167292.66,2025-01-30,Priya Nair,none
PAY-12259,Bajaj Auto,INV-27474,387694.94,2025-01-27,Ananya Iyer,none
PAY-14751,Tata Consultancy Services,INV-63307,186976.62,2025-06-11,Sneha Patel,none
PAY-10060,Infosys Limited,INV-85914,553124.2,2025-02-01,Vikram Malhotra,none
PAY-12884,Wipro Technologies,INV-64994,626378.0,2025-03-03,Rahul Sharma,none
PAY-11939,Godrej Consumer,INV-38986,179522.17,2025-09-10,Vikram Malhotra,none
PAY-12577,Bajaj Auto,INV-37041,559552.01,2025-04-10,Ananya Iyer,none
PAY-14937,Tata Consultancy Services,INV-19749,85975.74,2025-09-16,Sneha Patel,none
PAY-11079,Dr Reddys Laboratories,INV-40116,337713.18,2025-12-25,Sneha Patel,none
PAY-13250,ITC Limited,INV-88843,581431.98,2025-04-02,Sneha Patel,none
PAY-13128,Havells India,INV-42636,137132.0,2025-01-05,Sneha Patel,none
PAY-12489,NTPC Solutions,INV-10657,122999.26,2025-05-11,Rahul Sharma,none
PAY-10941,Hero MotoCorp,INV-93055,723503.09,2025-05-30,Priya Nair,none
PAY-11081,Coal India Logistics,INV-99727,531558.5,2025-03-24,Ananya Iyer,none
PAY-10188,Hero MotoCorp,INV-28643,58200.33,2025-03-26,Vikram Malhotra,none
PAY-12635,Blue Dart Express,INV-61633,55816.53,2025-11-27,Ananya Iyer,none
PAY-12086,UltraTech Cement,INV-49522,576821.12,2025-09-13,Rahul Sharma,none
PAY-12250,Wipro Technologies,INV-31641,433610.94,2025-02-13,Vikram Malhotra,none
PAY-14891,Marico Limited,INV-11105,60950.79,2025-10-26,Priya Nair,none
PAY-12024,Titan Company,INV-86015,569565.53,2025-01-07,Ananya Iyer,none
PAY-13540,Dr Reddys Laboratories,INV-54221,184827.09,2025-08-29,Rahul Sharma,none
PAY-14049,Tech Mahindra,INV-50251,202126.01,2025-01-26,Sneha Patel,none
PAY-13607,BPCL Supplies,INV-74167,448477.47,2025-09-01,Ananya Iyer,none
PAY-10227,Titan Company,INV-51505,471965.39,2025-09-07,Priya Nair,none
PAY-14848,Titan Company,INV-31436,155976.7,2025-03-27,Rahul Sharma,none
PAY-11930,Kotak Services,INV-10560,676576.52,2025-12-11,Sneha Patel,none
PAY-13056,Mahindra & Mahindra,INV-63368,453008.84,2025-09-10,Sneha Patel,none
PAY-14490,Asian Paints,INV-19290,608198.18,2025-10-31,Vikram Malhotra,none
PAY-11405,NTPC Solutions,INV-60409,633279.11,2025-07-04,Ananya Iyer,none
PAY-12180,Tata Consultancy Services,INV-80555,640009.71,2025-06-11,Sneha Patel,none
PAY-10698,Cipla Healthcare,INV-13515,636679.62,2025-12-04,Vikram Malhotra,none
PAY-11125,Godrej Consumer,INV-40907,418728.34,2025-07-15,Sneha Patel,none
PAY-13362,Hindalco Industries,INV-84961,140466.08,2025-01-11,Ananya Iyer,none
PAY-14136,Havells India,INV-31966,107973.2,2025-12-28,Vikram Malhotra,none
PAY-11779,Titan Company,INV-62742,217277.24,2025-12-01,Sneha Patel,none
PAY-12859,Hindalco Industries,INV-94519,575710.49,2025-06-19,Priya Nair,none
PAY-11038,Infosys Limited,INV-95003,246432.98,2025-12-27,Priya Nair,none
PAY-14457,Asian Paints,INV-59421,22413.36,2025-11-01,Sneha Patel,none
PAY-12257,JSW Steel,INV-89848,36555.21,2025-08-18,Sneha Patel,none
PAY-10314,Larsen & Toubro,INV-59834,401773.85,2025-04-28,Priya Nair,none
PAY-12282,Infosys Limited,INV-98907,623227.64,2025-08-08,Priya Nair,none
PAY-11417,Asian Paints,INV-77757,63284.78,2025-11-09,Rahul Sharma,none
PAY-11037,Power Grid Corporation,INV-57349,294129.37,2025-08-21,Rahul Sharma,none
PAY-12160,Dr Reddys Laboratories,INV-60444,223927.92,2025-04-10,Sneha Patel,none
PAY-14164,BPCL Supplies,INV-44816,365455.85,2025-07-14,Sneha Patel,none
PAY-11755,Larsen & Toubro,INV-44131,92047.33,2025-01-23,Sneha Patel,none
PAY-13113,Blue Dart Express,INV-40160,495334.45,2025-04-14,Vikram Malhotra,none
PAY-12814,Tech Mahindra,INV-49513,23062.05,2025-11-20,Sneha Patel,none
PAY-12699,Infosys Limited,INV-39418,158268.94,2025-04-05,Ananya Iyer,none
PAY-13208,Asian Paints,INV-16265,246761.74,2025-12-24,Vikram Malhotra,none
PAY-14351,Bharti Airtel,INV-65213,239219.07,2025-07-30,Sneha Patel,none
PAY-13432,Sun Pharma Logistics,INV-76972,661142.48,2025-07-16,Sneha Patel,none
PAY-11507,Kotak Services,INV-33111,124020.9,2025-01-23,Rahul Sharma,none
PAY-11924,Dr Reddys Laboratories,INV-82938,749121.83,2025-08-10,Sneha Patel,none
PAY-10449,Infosys Limited,INV-62505,43112.48,2025-10-15,Sneha Patel,none
PAY-14129,Power Grid Corporation,INV-25992,523578.76,2025-09-26,Ananya Iyer,none
PAY-12529,Hindalco Industries,INV-70384,94326.56,2025-06-13,Sneha Patel,none
PAY-14970,Kotak Services,INV-83719,11885.15,2025-11-05,Ananya Iyer,likely
PAY-12790,UltraTech Cement,INV-44481,461966.78,2025-11-20,Priya Nair,none
PAY-10362,Infosys Limited,INV-94040,363040.04,2025-07-10,Priya Nair,none
PAY-12184,Mahindra & Mahindra,INV-85231,361320.65,2025-04-21,Ananya Iyer,none
PAY-11135,Bajaj Auto,INV-52610,506528.67,2025-09-07,Ananya Iyer,none
PAY-13881,JSW Steel,INV-84356,165612.75,2025-08-18,Ananya Iyer,none
PAY-12156,Tata Consultancy Services,INV-93070,273353.18,2025-01-24,Vikram Malhotra,none
PAY-11831,UltraTech Cement,INV-24938,465084.38,2025-03-03,Priya Nair,none
PAY-11054,Marico Limited,INV-96736,616870.97,2025-02-13,Sneha Patel,none
PAY-10023,Mahindra & Mahindra,INV-86622,324183.2,2025-10-26,Ananya Iyer,none
PAY-12067,NTPC Solutions,INV-96117,185508.74,2025-08-13,Sneha Patel,none
PAY-11654,Reliance Industries,INV-20029,497505.05,2025-09-24,Ananya Iyer,none
PAY-12588,Asian Paints,INV-15367,166907.35,2025-10-31,Rahul Sharma,none
PAY-13211,Havells India,INV-21648,253653.63,2025-11-12,Priya Nair,none
PAY-14303,Marico Limited,INV-76150,117075.58,2025-07-20,Priya Nair,none
PAY-14037,Blue Dart Express,INV-60393,692702.09,2025-03-24,Priya Nair,none
PAY-12326,Sun Pharma Logistics,INV-17505,471336.7,2025-01-06,Vikram Malhotra,none
PAY-10461,UltraTech Cement,INV-86507,234219.99,2025-12-19,Rahul Sharma,none
PAY-11068,Reliance Industries,INV-65769,104742.91,2025-09-02,Sneha Patel,none
PAY-10088,Dr Reddys Laboratories,INV-53540,587877.94,2025-07-30,Sneha Patel,none
PAY-11431,Godrej Consumer,INV-40958,366264.29,2025-09-28,Rahul Sharma,none
PAY-12648,JSW Steel,INV-47498,172994.92,2025-03-24,Ananya Iyer,none
PAY-10283,Coal India Logistics,INV-29442,53933.26,2025-05-21,Priya Nair,none
PAY-10463,Hindalco Industries,INV-39824,542443.08,2025-10-26,Ananya Iyer,none
PAY-10213,Dr Reddys Laboratories,INV-27892,648700.07,2025-05-22,Ananya Iyer,none
PAY-12500,Coal India Logistics,INV-24097,457435.26,2025-08-08,Sneha Patel,none
PAY-11369,Marico Limited,INV-54399,407729.94,2025-01-26,Sneha Patel,none
PAY-10235,ITC Limited,INV-70443,480238.95,2025-08-24,Vikram Malhotra,none
PAY-12771,Hero MotoCorp,INV-76676,567374.23,2025-01-15,Priya Nair,none
PAY-10598,Hindalco Industries,INV-78302,131339.28,2025-07-14,Sneha Patel,none
PAY-14421,Hindalco Industries,INV-68920,126236.86,2025-05-01,Sneha Patel,none
PAY-12251,NTPC Solutions,INV-74598,607218.45,2025-01-06,Ananya Iyer,none
PAY-14032,BPCL Supplies,INV-46673,206240.52,2025-09-11,Ananya Iyer,none
PAY-12284,Kotak Services,INV-20828,571870.42,2025-05-07,Priya Nair,none
PAY-10663,NTPC Solutions,INV-46842,449658.98,2025-03-28,Vikram Malhotra,none
PAY-14964,BPCL Supplies,INV-11183,384358.18,2025-06-04,Priya Nair,likely
PAY-12286,Havells India,INV-44541,745721.51,2025-05-07,Ananya Iyer,none
PAY-14717,Hero MotoCorp,INV-72066,494353.98,2025-07-17,Rahul Sharma,none
PAY-13194,JSW Steel,INV-42931,737399.53,2025-02-12,Rahul Sharma,none
PAY-12504,Bajaj Auto,INV-62206,27305.26,2025-04-03,Vikram Malhotra,none
PAY-14044,Bharti Airtel,INV-31531,510134.36,2025-02-10,Priya Nair,none
PAY-10780,Godrej Consumer,INV-27103,258865.49,2025-04-01,Vikram Malhotra,none
PAY-14020,Larsen & Toubro,INV-41536,442770.35,2025-06-09,Priya Nair,none
PAY-13427,Tata Motors,INV-40597,683058.86,2025-06-10,Ananya Iyer,none
PAY-14307,Bajaj Auto,INV-65987,37795.79,2025-10-10,Sneha Patel,none
PAY-13197,NTPC Solutions,INV-89513,628871.96,2025-07-12,Priya Nair,none
PAY-14836,BPCL Supplies,INV-23071,57834.63,2025-07-24,Sneha Patel,none
PAY-10686,Power Grid Corporation,INV-99126,336574.82,2025-01-05,Vikram Malhotra,none
PAY-13170,Bajaj Auto,INV-30807,79602.86,2025-03-26,Priya Nair,none
PAY-13927,JSW Steel,INV-18589,110418.21,2025-07-24,Priya Nair,none
PAY-13435,Godrej Consumer,INV-46203,535371.18,2025-07-06,Rahul Sharma,none
PAY-12172,Havells India,INV-67273,607293.37,2025-04-25,Vikram Malhotra,none
PAY-13690,Godrej Consumer,INV-18662,168225.37,2025-03-26,Ananya Iyer,none
PAY-11851,Marico Limited,INV-85308,48068.32,2025-11-20,Priya Nair,none
PAY-10488,ITC Limited,INV-80143,555321.46,2025-01-20,Sneha Patel,none
PAY-11689,Blue Dart Express,INV-93614,401875.9,2025-11-11,Ananya Iyer,none
PAY-12231,Godrej Consumer,INV-66836,287311.72,2025-11-06,Sneha Patel,none
PAY-13265,Hindalco Industries,INV-33190,669120.39,2025-12-28,Sneha Patel,none
PAY-12321,Marico Limited,INV-46406,695799.73,2025-05-19,Rahul Sharma,none
PAY-10783,Bajaj Auto,INV-96787,299718.69,2025-02-21,Vikram Malhotra,none
PAY-10522,BPCL Supplies,INV-55582,93381.71,2025-10-03,Ananya Iyer,none
PAY-10523,Power Grid Corporation,INV-26691,547254.31,2025-04-25,Rahul Sharma,none
PAY-12838,Titan Company,INV-26683,568880.6,2025-03-24,Priya Nair,none
PAY-14540,Wipro Technologies,INV-81140,228419.46,2025-11-11,Rahul Sharma,none
PAY-12399,Sun Pharma Logistics,INV-61202,545637.65,2025-03-08,Rahul Sharma,none
PAY-12208,Kotak Services,INV-94488,528539.05,2025-06-02,Priya Nair,none
PAY-13478,Cipla Healthcare,INV-84738,553098.38,2025-06-02,Sneha Patel,none
PAY-13553,Tata Motors,INV-68283,607271.79,2025-03-01,Rahul Sharma,none
PAY-14088,Cipla Healthcare,INV-96078,144136.97,2025-11-12,Ananya Iyer,none
PAY-12823,NTPC Solutions,INV-46511,365095.39,2025-12-26,Priya Nair,none
PAY-11512,Marico Limited,INV-40841,542445.3,2025-10-31,Priya Nair,none
PAY-11883,Tech Mahindra,INV-73691,25843.45,2025-03-15,Sneha Patel,none
PAY-10652,Tata Consultancy Services,INV-38905,222606.98,2025-05-21,Sneha Patel,none
PAY-14931,Marico Limited,INV-60510,396905.85,2025-04-15,Ananya Iyer,none
PAY-13090,Havells India,INV-57347,679302.1,2025-08-17,Sneha Patel,none
PAY-10370,Godrej Consumer,INV-29142,107511.69,2025-05-27,Ananya Iyer,none
PAY-14998,JSW Steel,INV6651,218859.12,2025-11-26,Priya Nair,typo
PAY-10119,Hero MotoCorp,INV-81810,337205.64,2025-03-23,Ananya Iyer,none
PAY-13321,Tata Consultancy Services,INV-91079,541759.43,2025-06-14,Vikram Malhotra,none
PAY-13035,Havells India,INV-73602,488040.5,2025-09-26,Ananya Iyer,none
PAY-12217,Tech Mahindra,INV-57652,724875.74,2025-03-29,Ananya Iyer,none
PAY-13543,Hindalco Industries,INV-98505,586722.0,2025-09-17,Ananya Iyer,none
PAY-11614,Tata Motors,INV-24937,315922.96,2025-02-09,Rahul Sharma,none
PAY-13152,Godrej Consumer,INV-35938,734750.31,2025-01-08,Sneha Patel,none
PAY-10963,Bharti Airtel,INV-44993,563887.84,2025-03-24,Vikram Malhotra,none
PAY-12511,Hindalco Industries,INV-94707,319203.85,2025-08-11,Vikram Malhotra,none
PAY-13832,Tech Mahindra,INV-46612,136909.76,2025-01-08,Ananya Iyer,none
PAY-12824,Power Grid Corporation,INV-42062,289894.21,2025-09-12,Ananya Iyer,none
PAY-14344,Titan Company,INV-84346,237700.98,2025-02-16,Vikram Malhotra,none
PAY-13033,Kotak Services,INV-91062,675502.99,2025-06-26,Sneha Patel,none
PAY-12416,Titan Company,INV-63612,643465.71,2025-12-15,Sneha Patel,none
PAY-14655,ITC Limited,INV-30632,706014.18,2025-03-01,Vikram Malhotra,none
PAY-14237,ITC Limited,INV-47415,29125.32,2025-01-31,Rahul Sharma,none
PAY-12186,Hero MotoCorp,INV-37605,636812.11,2025-04-26,Rahul Sharma,none
PAY-13670,Bajaj Auto,INV-36829,350157.98,2025-08-01,Rahul Sharma,none
PAY-12038,Wipro Technologies,INV-80056,292893.21,2025-09-01,Rahul Sharma,none
PAY-14363,Godrej Consumer,INV-76377,604922.15,2025-01-15,Ananya Iyer,none
PAY-10773,Cipla Healthcare,INV-38758,433890.62,2025-07-18,Vikram Malhotra,none
PAY-11285,Coal India Logistics,INV-40266,449288.72,2025-04-29,Rahul Sharma,none
PAY-14604,Bajaj Auto,INV-87970,176952.8,2025-08-14,Ananya Iyer,none
PAY-14795,Power Grid Corporation,INV-98447,601742.21,2025-07-22,Priya Nair,none
PAY-11415,Hindalco Industries,INV-73342,530137.49,2025-02-27,Priya Nair,none
PAY-11235,Marico Limited,INV-66925,315308.68,2025-03-03,Sneha Patel,none
PAY-12700,NTPC Solutions,INV-16849,496999.83,2025-01-17,Priya Nair,none
PAY-10436,Asian Paints,INV-64476,365767.09,2025-04-15,Vikram Malhotra,none
PAY-11675,Hindalco Industries,INV-61157,245203.92,2025-02-20,Ananya Iyer,none
PAY-10366,Blue Dart Express,INV-39102,613443.93,2025-06-28,Rahul Sharma,none
PAY-12650,Hindalco Industries,INV-13177,473691.17,2025-12-09,Rahul Sharma,none
PAY-10232,Larsen & Toubro,INV-42007,400718.91,2025-10-17,Sneha Patel,none
PAY-14268,ITC Limited,INV-81287,577363.16,2025-10-10,Rahul Sharma,none
PAY-14042,Tata Motors,INV-32445,155950.84,2025-07-25,Rahul Sharma,none
PAY-14400,Godrej Consumer,INV-40086,247124.78,2025-10-07,Priya Nair,none
PAY-10408,Tata Consultancy Services,INV-34385,376787.75,2025-07-18,Priya Nair,none
PAY-12091,Coal India Logistics,INV-86681,339439.12,2025-09-19,Sneha Patel,none
PAY-10087,Godrej Consumer,INV-33206,661655.07,2025-01-13,Sneha Patel,none
PAY-10845,Mahindra & Mahindra,INV-58280,618512.19,2025-09-16,Ananya Iyer,none
PAY-11032,Power Grid Corporation,INV-11388,498695.47,2025-11-11,Sneha Patel,none
PAY-12856,NTPC Solutions,INV-80912,482991.52,2025-04-14,Rahul Sharma,none
PAY-14110,Titan Company,INV-87217,170130.83,2025-12-22,Sneha Patel,none
PAY-14397,Bajaj Auto,INV-11653,493015.82,2025-02-01,Rahul Sharma,none
PAY-13894,Larsen & Toubro,INV-38902,525587.76,2025-02-15,Priya Nair,none
PAY-12659,Coal India Logistics,INV-80849,251535.25,2025-04-25,Vikram Malhotra,none
PAY-10856,Hero MotoCorp,INV-91737,300878.64,2025-02-22,Rahul Sharma,none
PAY-10079,Infosys Limited,INV-10464,253499.62,2025-03-08,Vikram Malhotra,none
PAY-12248,BPCL Supplies,INV-21395,710853.71,2025-07-28,Vikram Malhotra,none
PAY-14571,Marico Limited,INV-28542,345891.98,2025-07-01,Priya Nair,none
PAY-13657,Tata Motors,INV-42534,125754.74,2025-11-07,Rahul Sharma,none
PAY-14152,Dr Reddys Laboratories,INV-48360,484143.47,2025-03-18,Rahul Sharma,none
PAY-13379,NTPC Solutions,INV-35284,369178.66,2025-05-17,Rahul Sharma,none
PAY-12280,Reliance Industries,INV-24139,595571.15,2025-03-06,Sneha Patel,none
PAY-12599,Bharti Airtel,INV-49460,232222.09,2025-06-02,Priya Nair,none
PAY-14160,Bharti Airtel,INV-82449,350073.64,2025-01-13,Priya Nair,none
PAY-13871,ITC Limited,INV-91087,105213.7,2025-03-02,Sneha Patel,none
PAY-13429,Tata Motors,INV-35477,676882.58,2025-06-14,Priya Nair,none
PAY-12177,Bharti Airtel,INV-60875,734987.88,2025-06-13,Vikram Malhotra,none
PAY-10425,Blue Dart Express,INV-39552,262787.2,2025-09-23,Vikram Malhotra,none
PAY-10393,Marico Limited,INV-60678,257582.29,2025-04-06,Ananya Iyer,none
PAY-14727,Wipro Technologies,INV-91625,650823.53,2025-09-12,Rahul Sharma,none
PAY-13694,Power Grid Corporation,INV-30394,502475.14,2025-10-29,Priya Nair,none
PAY-10105,Hindalco Industries,INV-49446,307526.0,2025-01-01,Vikram Malhotra,none
PAY-13995,Godrej Consumer,INV-59265,652837.09,2025-12-03,Vikram Malhotra,none
PAY-14413,Dr Reddys Laboratories,INV-60593,603909.31,2025-10-18,Priya Nair,none
PAY-11949,Havells India,INV-52336,327248.39,2025-07-28,Vikram Malhotra,none
PAY-11460,Blue Dart Express,INV-36302,459674.9,2025-04-02,Ananya Iyer,none
PAY-13258,Power Grid Corporation,INV-43786,20198.57,2025-11-07,Rahul Sharma,none
PAY-12804,NTPC Solutions,INV-37027,585766.24,2025-02-26,Priya Nair,none
PAY-12707,Cipla Healthcare,INV-78014,198775.03,2025-07-15,Ananya Iyer,none
PAY-14790,Tech Mahindra,INV-34060,146917.81,2025-07-28,Sneha Patel,none
PAY-11588,Tech Mahindra,INV-72208,741344.91,2025-09-26,Vikram Malhotra,none
PAY-13660,NTPC Solutions,INV-62939,667150.56,2025-08-27,Priya Nair,none
PAY-11732,Wipro Technologies,INV-64328,278861.67,2025-07-21,Ananya Iyer,none
PAY-14765,Reliance Industries,INV-61841,429192.18,2025-11-05,Priya Nair,none
PAY-14225,Bajaj Auto,INV-26803,585518.08,2025-10-26,Ananya Iyer,none
PAY-13682,Power Grid Corporation,INV-18819,748990.18,2025-03-20,Ananya Iyer,none
PAY-11792,Wipro Technologies,INV-15910,387493.82,2025-09-19,Ananya Iyer,none
PAY-12356,Bajaj Auto,INV-23621,206964.49,2025-09-13,Vikram Malhotra,none
PAY-11941,Bharti Airtel,INV-10935,151084.66,2025-11-23,Ananya Iyer,none
PAY-10703,Blue Dart Express,INV-51480,103327.25,2025-10-19,Ananya Iyer,none
PAY-12443,Asian Paints,INV-26478,477548.32,2025-11-24,Priya Nair,none
PAY-14376,Power Grid Corporation,INV-61915,363494.27,2025-09-11,Priya Nair,none
PAY-10497,Havells India,INV-93719,673296.86,2025-08-07,Priya Nair,none
PAY-10465,Larsen & Toubro,INV-99224,185436.44,2025-10-21,Rahul Sharma,none
PAY-14072,Tata Consultancy Services,INV-53915,406610.52,2025-08-18,Rahul Sharma,none
PAY-14334,Havells India,INV-18281,355184.43,2025-09-05,Rahul Sharma,none
PAY-10173,Asian Paints,INV-54657,142350.93,2025-01-27,Vikram Malhotra,none
PAY-14944,Tata Motors,INV-63223,476807.12,2025-09-08,Rahul Sharma,likely
PAY-14797,Tata Motors,INV-28463,428965.25,2025-05-24,Ananya Iyer,none
PAY-12541,Asian Paints,INV-91327,387530.71,2025-07-24,Sneha Patel,none
PAY-13263,Kotak Services,INV-33827,403734.43,2025-06-26,Rahul Sharma,none
PAY-14681,Blue Dart Express,INV-14598,152852.32,2025-04-12,Ananya Iyer,none
PAY-12261,Blue Dart Express,INV-99006,191075.09,2025-10-04,Rahul Sharma,none
PAY-12113,Coal India Logistics,INV-80411,118835.04,2025-03-31,Vikram Malhotra,none
PAY-10901,Kotak Services,INV-36037,458706.35,2025-05-15,Priya Nair,none
PAY-11447,NTPC Solutions,INV-11386,506237.39,2025-02-04,Rahul Sharma,none
PAY-13574,HCL Technologies,INV-42383,472071.0,2025-07-31,Vikram Malhotra,none
PAY-10742,Hindalco Industries,INV-84425,51400.73,2025-12-06,Sneha Patel,none
PAY-12294,Tech Mahindra,INV-24425,205588.34,2025-05-24,Vikram Malhotra,none
PAY-12453,Tech Mahindra,INV-96455,517970.24,2025-08-12,Vikram Malhotra,none
PAY-12623,Larsen & Toubro,INV-96175,184308.01,2025-09-19,Priya Nair,none
PAY-14079,HCL Technologies,INV-26629,669671.54,2025-01-20,Vikram Malhotra,none
PAY-11207,Coal India Logistics,INV-19289,14749.15,2025-04-17,Ananya Iyer,none
PAY-10510,Blue Dart Express,INV-83946,88595.55,2025-10-08,Priya Nair,none
PAY-12621,Hero MotoCorp,INV-90315,512583.73,2025-12-03,Priya Nair,none
PAY-12803,Tech Mahindra,INV-68672,310309.6,2025-10-21,Sneha Patel,none
PAY-13314,Bajaj Auto,INV-70559,154483.73,2025-11-26,Rahul Sharma,none
PAY-11550,Kotak Services,INV-79717,510339.68,2025-09-30,Vikram Malhotra,none
PAY-14564,Titan Company,INV-61456,335833.5,2025-03-11,Priya Nair,none
PAY-12203,Cipla Healthcare,INV-70774,649347.36,2025-11-29,Ananya Iyer,none
PAY-12567,Kotak Services,INV-24337,38656.51,2025-01-09,Priya Nair,none
PAY-13893,Hero MotoCorp,INV-33371,37793.83,2025-09-09,Sneha Patel,none
PAY-12045,HCL Technologies,INV-24515,101207.56,2025-08-03,Ananya Iyer,none
PAY-10768,Blue Dart Express,INV-84141,379282.98,2025-07-18,Vikram Malhotra,none
PAY-14873,Infosys Limited,INV-29875,299792.07,2025-06-11,Sneha Patel,none
PAY-13739,Tata Consultancy Services,INV-31519,715945.73,2025-08-01,Rahul Sharma,none
PAY-10422,Marico Limited,INV-82260,481646.48,2025-04-04,Sneha Patel,none
PAY-10124,Larsen & Toubro,INV-40311,290361.29,2025-03-20,Sneha Patel,none
PAY-14163,Kotak Services,INV-70851,244032.4,2025-07-05,Priya Nair,none
PAY-12629,Asian Paints,INV-15587,681540.71,2025-07-01,Sneha Patel,none
PAY-10820,Marico Limited,INV-14551,379065.6,2025-09-22,Priya Nair,none
PAY-11404,Bharti Airtel,INV-96833,134190.53,2025-03-13,Sneha Patel,none
PAY-11383,Asian Paints,INV-62535,444949.29,2025-05-03,Priya Nair,none
PAY-12149,JSW Steel,INV-54967,749586.63,2025-05-03,Vikram Malhotra,none
PAY-11576,JSW Steel,INV-82215,92072.69,2025-01-13,Ananya Iyer,none
PAY-11639,NTPC Solutions,INV-63383,221489.05,2025-08-08,Sneha Patel,none
PAY-11796,Infosys Limited,INV-20917,315107.41,2025-12-27,Vikram Malhotra,none
PAY-14816,HCL Technologies,INV-40800,26637.32,2025-05-19,Sneha Patel,none
PAY-10400,UltraTech Cement,INV-45986,481404.64,2025-01-30,Rahul Sharma,none
PAY-12311,HCL Technologies,INV-88532,209240.74,2025-03-08,Vikram Malhotra,none
PAY-10883,Dr Reddys Laboratories,INV-58903,712801.12,2025-06-14,Priya Nair,none
PAY-14974,Wipro Technologies,INV-35367,403336.57,2025-09-23,Rahul Sharma,likely
PAY-12898,Cipla Healthcare,INV-32195,592608.83,2025-04-22,Vikram Malhotra,none
PAY-11353,Power Grid Corporation,INV-49625,135384.5,2025-07-11,Rahul Sharma,none
PAY-12743,Coal India Logistics,INV-40192,339481.18,2025-08-03,Sneha Patel,none
PAY-14551,Tech Mahindra,INV-86159,525672.51,2025-07-11,Sneha Patel,none
PAY-12131,Mahindra & Mahindra,INV-49612,377981.88,2025-09-30,Ananya Iyer,none
PAY-10983,Sun Pharma Logistics,INV-57290,223712.9,2025-11-13,Priya Nair,none
PAY-10457,Sun Pharma Logistics,INV-90356,242304.87,2025-07-21,Priya Nair,none
PAY-14120,Hero MotoCorp,INV-53727,438572.83,2025-05-18,Rahul Sharma,none
PAY-11080,Reliance Industries,INV-38109,383715.94,2025-06-23,Priya Nair,none
PAY-11951,Power Grid Corporation,INV-15697,663432.82,2025-04-25,Rahul Sharma,none
PAY-14315,Larsen & Toubro,INV-18488,335740.09,2025-03-20,Priya Nair,none
PAY-10690,Titan Company,INV-27451,482974.23,2025-12-13,Sneha Patel,none
PAY-12430,Infosys Limited,INV-57381,593221.55,2025-08-31,Sneha Patel,none
PAY-10642,Hindalco Industries,INV-21108,505722.01,2025-06-10,Rahul Sharma,none
PAY-12393,NTPC Solutions,INV-23954,53662.78,2025-11-02,Rahul Sharma,none
PAY-11954,Dr Reddys Laboratories,INV-39573,733681.23,2025-08-05,Rahul Sharma,none
PAY-12749,Marico Limited,INV-69515,16556.63,2025-03-03,Ananya Iyer,none
PAY-14314,UltraTech Cement,INV-13358,202905.3,2025-09-19,Vikram Malhotra,none
PAY-13436,Kotak Services,INV-42320,171383.32,2025-01-02,Vikram Malhotra,none
PAY-13337,Larsen & Toubro,INV-79459,158406.73,2025-04-22,Sneha Patel,none
PAY-14767,Mahindra & Mahindra,INV-85801,340913.35,2025-04-26,Priya Nair,none
PAY-13371,BPCL Supplies,INV-41300,526883.59,2025-05-15,Ananya Iyer,none
PAY-11885,Bharti Airtel,INV-33996,615248.18,2025-09-08,Rahul Sharma,none
PAY-10390,Mahindra & Mahindra,INV-14799,566201.73,2025-04-08,Vikram Malhotra,none
PAY-12495,Asian Paints,INV-74985,329866.18,2025-07-24,Sneha Patel,none
PAY-13879,Marico Limited,INV-87553,674736.42,2025-10-27,Vikram Malhotra,none
PAY-13857,Bajaj Auto,INV-22695,32278.82,2025-01-06,Priya Nair,none
PAY-10846,BPCL Supplies,INV-26236,512474.9,2025-05-04,Vikram Malhotra,none
PAY-10543,Havells India,INV-58637,73885.68,2025-04-08,Rahul Sharma,none
PAY-10092,Tata Consultancy Services,INV-96511,148881.69,2025-06-18,Vikram Malhotra,none
PAY-13890,Power Grid Corporation,INV-89547,410034.53,2025-02-07,Sneha Patel,none
PAY-11980,UltraTech Cement,INV-55064,150578.31,2025-04-13,Sneha Patel,none
PAY-12813,Power Grid Corporation,INV-62158,594550.88,2025-01-22,Sneha Patel,none
PAY-14083,Sun Pharma Logistics,INV-89918,386593.2,2025-11-19,Rahul Sharma,none
PAY-12903,Hero MotoCorp,INV-34673,208235.57,2025-04-13,Sneha Patel,none
PAY-12530,Cipla Healthcare,INV-86563,666409.82,2025-07-31,Ananya Iyer,none
PAY-11677,Godrej Consumer,INV-97475,257956.87,2025-11-11,Vikram Malhotra,none
PAY-11049,Kotak Services,INV-37617,445139.22,2025-11-28,Ananya Iyer,none
PAY-11961,Hindalco Industries,INV-26361,68723.35,2025-02-01,Rahul Sharma,none
PAY-12531,JSW Steel,INV-26039,393713.96,2025-05-04,Priya Nair,none
PAY-13993,Hindalco Industries,INV-31705,305127.02,2025-11-03,Priya Nair,none
PAY-10238,Hindalco Industries,INV-49210,481009.33,2025-08-06,Vikram Malhotra,none
PAY-13098,Hindalco Industries,INV-53745,477608.51,2025-02-08,Priya Nair,none
PAY-13489,Reliance Industries,INV-17017,279197.07,2025-11-27,Sneha Patel,none
PAY-11134,Hindalco Industries,INV-95179,488602.56,2025-03-31,Vikram Malhotra,none
PAY-11806,Bharti Airtel,INV-24668,612896.33,2025-12-23,Sneha Patel,none
PAY-14318,NTPC Solutions,INV-81658,98167.98,2025-09-15,Priya Nair,none
PAY-10164,Bajaj Auto,INV-65771,747490.44,2025-10-09,Vikram Malhotra,none
PAY-13493,Blue Dart Express,INV-93454,559474.1,2025-12-16,Rahul Sharma,none
PAY-14710,Wipro Technologies,INV-94902,90481.57,2025-01-29,Vikram Malhotra,none
PAY-14631,Dr Reddys Laboratories,INV-50781,681042.7,2025-12-31,Rahul Sharma,none
PAY-13454,Dr Reddys Laboratories,INV-27284,375024.07,2025-02-04,Sneha Patel,none
PAY-13200,Reliance Industries,INV-41275,273722.12,2025-12-11,Priya Nair,none
PAY-13635,Kotak Services,INV-67185,544512.97,2025-08-06,Rahul Sharma,none
PAY-13940,Dr Reddys Laboratories,INV-24282,279436.99,2025-10-12,Priya Nair,none
PAY-11812,Havells India,INV-68918,440993.57,2025-04-14,Vikram Malhotra,none
PAY-13650,Cipla Healthcare,INV-58356,543790.33,2025-03-20,Priya Nair,none
PAY-14050,Havells India,INV-85865,245651.88,2025-03-14,Ananya Iyer,none
PAY-11429,Dr Reddys Laboratories,INV-24621,454847.05,2025-10-30,Sneha Patel,none
PAY-13614,Coal India Logistics,INV-84791,565036.29,2025-10-10,Vikram Malhotra,none
PAY-13132,HCL Technologies,INV-32890,702537.23,2025-03-19,Sneha Patel,none
PAY-13397,HCL Technologies,INV-61729,478296.21,2025-10-31,Vikram Malhotra,none
PAY-14461,Tata Consultancy Services,INV-49678,733444.51,2025-10-11,Rahul Sharma,none
PAY-14650,Titan Company,INV-62045,230054.85,2025-08-17,Sneha Patel,none
PAY-12821,Reliance Industries,INV-44638,727100.48,2025-10-23,Ananya Iyer,none
PAY-11453,Titan Company,INV-96034,574074.04,2025-11-28,Priya Nair,none
PAY-10594,NTPC Solutions,INV-77166,308992.91,2025-01-14,Rahul Sharma,none
PAY-10042,Asian Paints,INV-77839,341357.18,2025-05-07,Sneha Patel,none
PAY-10561,Power Grid Corporation,INV-14433,630106.03,2025-02-08,Rahul Sharma,none
PAY-13274,Godrej Consumer,INV-62990,35984.84,2025-01-31,Ananya Iyer,none
PAY-13245,ITC Limited,INV-84692,599820.18,2025-09-18,Ananya Iyer,none
PAY-10244,Coal India Logistics,INV-56179,168158.38,2025-04-08,Priya Nair,none
PAY-11340,Titan Company,INV-84569,463915.04,2025-01-15,Sneha Patel,none
PAY-12781,JSW Steel,INV-19710,531573.3,2025-06-11,Rahul Sharma,none
PAY-13188,BPCL Supplies,INV-71148,322303.38,2025-03-28,Ananya Iyer,none
PAY-13800,Havells India,INV-81573,226418.77,2025-10-10,Vikram Malhotra,none
PAY-11443,Sun Pharma Logistics,INV-45432,203980.42,2025-02-20,Vikram Malhotra,none
PAY-10262,UltraTech Cement,INV-86983,557990.42,2025-03-21,Ananya Iyer,none
PAY-12765,Cipla Healthcare,INV-33385,715367.68,2025-01-22,Sneha Patel,none
PAY-11690,Blue Dart Express,INV-84202,546328.23,2025-01-31,Priya Nair,none
PAY-11726,BPCL Supplies,INV-94094,141886.02,2025-08-16,Sneha Patel,none
PAY-14793,UltraTech Cement,INV-37251,493737.34,2025-01-10,Vikram Malhotra,none
PAY-10835,Infosys Limited,INV-72287,691022.06,2025-07-10,Rahul Sharma,none
PAY-11867,Tata Motors,INV-92279,500812.81,2025-11-01,Sneha Patel,none
PAY-12497,Reliance Industries,INV-86499,595899.16,2025-10-28,Vikram Malhotra,none
PAY-12011,Marico Limited,INV-59425,430670.94,2025-07-11,Vikram Malhotra,none
PAY-10341,Infosys Limited,INV-92691,487242.49,2025-02-03,Vikram Malhotra,none
PAY-12989,Dr Reddys Laboratories,INV-74324,742311.78,2025-07-12,Priya Nair,none
PAY-11602,HCL Technologies,INV-86238,48590.24,2025-06-13,Ananya Iyer,none
PAY-13876,Wipro Technologies,INV-30648,162779.96,2025-03-20,Ananya Iyer,none
PAY-14695,Titan Company,INV-15056,78509.37,2025-09-09,Rahul Sharma,none
PAY-10481,Larsen & Toubro,INV-24316,463679.39,2025-10-28,Sneha Patel,none
PAY-12826,Hindalco Industries,INV-13262,301024.72,2025-04-29,Ananya Iyer,none
PAY-14330,Blue Dart Express,INV-31702,273435.56,2025-05-23,Vikram Malhotra,none
PAY-13541,Sun Pharma Logistics,INV-50607,416706.2,2025-12-27,Ananya Iyer,none
PAY-14639,Havells India,INV-71198,584879.7,2025-07-19,Priya Nair,none
PAY-13047,Mahindra & Mahindra,INV-21974,558617.28,2025-02-02,Sneha Patel,none
PAY-13991,Tata Motors,INV-18498,603448.46,2025-05-27,Priya Nair,none
PAY-11767,Marico Limited,INV-96918,441329.66,2025-10-26,Rahul Sharma,none
PAY-14474,Tata Consultancy Services,INV-85756,110444.27,2025-07-07,Ananya Iyer,none
PAY-12454,Tata Motors,INV-91313,703736.64,2025-02-20,Rahul Sharma,none
PAY-12878,BPCL Supplies,INV-72748,301729.03,2025-12-23,Vikram Malhotra,none
PAY-13816,Kotak Services,INV-10190,733472.8,2025-07-27,Priya Nair,none
PAY-14017,Reliance Industries,INV-98081,623807.57,2025-03-16,Sneha Patel,none
PAY-14678,UltraTech Cement,INV-13469,455140.41,2025-04-27,Priya Nair,none
PAY-13680,Infosys Limited,INV-77763,441287.77,2025-08-13,Ananya Iyer,none
PAY-11272,Mahindra & Mahindra,INV-39567,118022.59,2025-07-21,Sneha Patel,none
PAY-13078,Coal India Logistics,INV-75921,332876.85,2025-05-21,Rahul Sharma,none
PAY-14502,Titan Company,INV-39069,515028.76,2025-02-05,Ananya Iyer,none
PAY-13095,Godrej Consumer,INV-16295,624597.46,2025-01-31,Priya Nair,none
PAY-14654,JSW Steel,INV-44704,489745.54,2025-10-26,Sneha Patel,none
PAY-10348,Wipro Technologies,INV-94675,504489.75,2025-09-18,Vikram Malhotra,none
PAY-13882,HCL Technologies,INV-90078,628334.07,2025-08-16,Vikram Malhotra,none
PAY-14624,Larsen & Toubro,INV-66864,662137.83,2025-03-02,Rahul Sharma,none
PAY-12563,Sun Pharma Logistics,INV-69666,110666.07,2025-01-07,Ananya Iyer,none
PAY-14591,NTPC Solutions,INV-38016,463206.22,2025-10-02,Sneha Patel,none
PAY-11424,Dr Reddys Laboratories,INV-83886,199030.14,2025-11-19,Ananya Iyer,none
PAY-10657,Bharti Airtel,INV-65725,81300.25,2025-12-01,Sneha Patel,none
PAY-12103,BPCL Supplies,INV-10792,53139.58,2025-09-09,Rahul Sharma,none
PAY-10633,Godrej Consumer,INV-63090,474171.44,2025-04-06,Ananya Iyer,none
PAY-12893,Tata Motors,INV-76252,309892.38,2025-11-22,Rahul Sharma,none
PAY-12494,Wipro Technologies,INV-55685,532522.26,2025-11-30,Vikram Malhotra,none
PAY-12666,Marico Limited,INV-17784,108770.03,2025-10-08,Vikram Malhotra,none
PAY-14016,Blue Dart Express,INV-38394,16125.16,2025-09-04,Ananya Iyer,none
PAY-13663,Godrej Consumer,INV-14773,159135.29,2025-11-04,Vikram Malhotra,none
PAY-13308,Kotak Services,INV-24331,87997.94,2025-01-20,Ananya Iyer,none
PAY-13097,Havells India,INV-52869,593652.44,2025-09-09,Vikram Malhotra,none
PAY-13920,Larsen & Toubro,INV-18456,50230.27,2025-01-25,Rahul Sharma,none
PAY-12501,Hindalco Industries,INV-56257,283600.56,2025-11-20,Rahul Sharma,none
PAY-11466,Mahindra & Mahindra,INV-29871,526541.12,2025-07-20,Priya Nair,none
PAY-12834,Havells India,INV-10730,204767.95,2025-04-18,Priya Nair,none
PAY-10116,Asian Paints,INV-16582,420267.32,2025-03-04,Ananya Iyer,none
PAY-11822,Hindalco Industries,INV-99780,257668.98,2025-11-05,Ananya Iyer,none
PAY-11495,Larsen & Toubro,INV-23102,594333.96,2025-11-20,Priya Nair,none
PAY-12402,Hindalco Industries,INV-14903,221138.94,2025-03-19,Ananya Iyer,none
PAY-11233,BPCL Supplies,INV-49373,32841.84,2025-10-23,Ananya Iyer,none
PAY-12662,Hindalco Industries,INV-41640,640630.44,2025-11-09,Priya Nair,none
PAY-14101,Havells India,INV-59090,204900.22,2025-04-04,Priya Nair,none
PAY-14574,Wipro Technologies,INV-55121,632181.02,2025-04-26,Priya Nair,none
PAY-11154,BPCL Supplies,INV-93824,402669.18,2025-06-27,Ananya Iyer,none
PAY-13849,JSW Steel,INV-88849,426085.68,2025-07-02,Rahul Sharma,none
PAY-10058,Blue Dart Express,INV-69638,217510.68,2025-12-23,Priya Nair,none
PAY-14105,Godrej Consumer,INV-61299,623579.74,2025-04-24,Sneha Patel,none
PAY-14289,Hindalco Industries,INV-77234,448628.09,2025-10-27,Ananya Iyer,none
PAY-14946,BPCL Supplies,INV-65376,380203.65,2025-07-16,Sneha Patel,likely
PAY-11736,Titan Company,INV-91003,324533.01,2025-05-14,Sneha Patel,none
PAY-12197,UltraTech Cement,INV-99056,632036.77,2025-01-29,Rahul Sharma,none
PAY-13554,HCL Technologies,INV-28245,103339.26,2025-11-06,Priya Nair,none
PAY-12476,BPCL Supplies,INV-92772,584304.36,2025-04-06,Sneha Patel,none
PAY-12565,HCL Technologies,INV-99024,571394.26,2025-01-05,Priya Nair,none
PAY-13159,Sun Pharma Logistics,INV-73878,580145.8,2025-08-22,Rahul Sharma,none
PAY-14035,JSW Steel,INV-27043,449252.45,2025-06-26,Rahul Sharma,none
PAY-13656,Asian Paints,INV-42216,343933.4,2025-12-30,Rahul Sharma,none
PAY-10708,Tata Motors,INV-62727,66408.72,2025-10-02,Priya Nair,none
PAY-14281,JSW Steel,INV-87460,448365.4,2025-10-26,Priya Nair,none
PAY-11094,Bajaj Auto,INV-55544,722649.31,2025-05-22,Sneha Patel,none
PAY-14840,Tata Motors,INV-97767,85664.73,2025-07-31,Rahul Sharma,none
PAY-11377,Mahindra & Mahindra,INV-57638,297097.3,2025-12-25,Vikram Malhotra,none
PAY-14914,Reliance Industries,INV-95418,88832.99,2025-12-25,Priya Nair,exact
PAY-10073,Coal India Logistics,INV-95717,399060.82,2025-12-08,Priya Nair,none
PAY-11923,Tech Mahindra,INV-21759,299502.15,2025-03-04,Sneha Patel,none
PAY-13174,Sun Pharma Logistics,INV-27841,542553.0,2025-06-03,Rahul Sharma,none
PAY-11765,Bajaj Auto,INV-22265,156781.62,2025-05-26,Sneha Patel,none
PAY-10744,Tata Motors,INV-52762,241953.0,2025-05-20,Sneha Patel,none
PAY-14319,Godrej Consumer,INV-39098,203109.08,2025-07-24,Priya Nair,none
PAY-11006,Tech Mahindra,INV-98773,665798.7,2025-11-28,Vikram Malhotra,none
PAY-12669,Tata Motors,INV-14634,262654.95,2025-02-06,Ananya Iyer,none
PAY-11191,Bajaj Auto,INV-27659,191768.7,2025-01-21,Ananya Iyer,none
PAY-14632,JSW Steel,INV-88746,430315.75,2025-07-14,Vikram Malhotra,none
PAY-12602,Tata Motors,INV-51059,380342.3,2025-12-17,Vikram Malhotra,none
PAY-11126,Larsen & Toubro,INV-29601,357375.33,2025-01-05,Sneha Patel,none
PAY-11242,Sun Pharma Logistics,INV-20819,359511.72,2025-01-26,Priya Nair,none
PAY-14607,BPCL Supplies,INV-31220,743047.92,2025-02-15,Ananya Iyer,none
PAY-14131,Tata Consultancy Services,INV-45609,273935.01,2025-05-01,Priya Nair,none
PAY-13443,Tech Mahindra,INV-13313,26471.82,2025-11-26,Ananya Iyer,none
PAY-10999,Tata Consultancy Services,INV-61052,506607.56,2025-10-01,Rahul Sharma,none
PAY-13387,Reliance Industries,INV-17361,529589.98,2025-04-13,Rahul Sharma,none
PAY-12685,Titan Company,INV-72744,494899.2,2025-12-03,Rahul Sharma,none
PAY-11578,Infosys Limited,INV-89711,482777.93,2025-10-26,Priya Nair,none
PAY-14791,Blue Dart Express,INV-97916,556941.96,2025-01-18,Sneha Patel,none
PAY-11827,Coal India Logistics,INV-74511,80173.28,2025-08-01,Ananya Iyer,none
PAY-13293,Blue Dart Express,INV-48068,8530.39,2025-05-04,Vikram Malhotra,none
PAY-14990,NTPC Solutions,INV9841,176208.98,2025-04-24,Ananya Iyer,typo
PAY-13537,Tata Consultancy Services,INV-59803,33810.32,2025-09-07,Rahul Sharma,none
PAY-10441,Titan Company,INV-90658,316510.38,2025-03-23,Vikram Malhotra,none
PAY-14952,Asian Paints,INV-24505,182648.21,2025-11-04,Priya Nair,likely
PAY-11101,Marico Limited,INV-86916,647207.34,2025-09-04,Rahul Sharma,none
PAY-14011,Marico Limited,INV-96977,92764.93,2025-03-14,Priya Nair,none
PAY-13059,Power Grid Corporation,INV-50475,471311.68,2025-02-27,Sneha Patel,none
PAY-10650,Power Grid Corporation,INV-95599,373752.54,2025-12-17,Ananya Iyer,none
PAY-11547,Cipla Healthcare,INV-39548,243745.54,2025-05-17,Priya Nair,none
PAY-14757,Dr Reddys Laboratories,INV-11042,138538.46,2025-06-29,Rahul Sharma,none
PAY-13561,Tata Consultancy Services,INV-31233,69351.26,2025-04-06,Sneha Patel,none
PAY-13887,Havells India,INV-24832,422248.31,2025-07-22,Priya Nair,none
PAY-13742,Dr Reddys Laboratories,INV-33660,316313.29,2025-01-05,Vikram Malhotra,none
PAY-10631,Blue Dart Express,INV-41970,389415.46,2025-10-10,Sneha Patel,none
PAY-10673,BPCL Supplies,INV-97050,524480.29,2025-02-02,Priya Nair,none
PAY-11250,Coal India Logistics,INV-95905,23034.09,2025-06-06,Sneha Patel,none
PAY-10483,BPCL Supplies,INV-40518,44105.87,2025-07-31,Vikram Malhotra,none
PAY-11585,Wipro Technologies,INV-38271,547250.75,2025-08-16,Ananya Iyer,none
PAY-13075,Hero MotoCorp,INV-36504,160413.74,2025-05-12,Vikram Malhotra,none
PAY-14628,Havells India,INV-77271,478993.0,2025-01-21,Priya Nair,none
PAY-13039,Bajaj Auto,INV-75377,347194.68,2025-11-23,Rahul Sharma,none
PAY-11463,Reliance Industries,INV-14569,59325.03,2025-10-20,Vikram Malhotra,none
PAY-13930,Tech Mahindra,INV-30787,20428.48,2025-08-03,Sneha Patel,none
PAY-13622,UltraTech Cement,INV-85974,646366.96,2025-07-17,Ananya Iyer,none
PAY-12579,Marico Limited,INV-68886,740562.09,2025-09-27,Sneha Patel,none
PAY-13802,Blue Dart Express,INV-65072,74260.77,2025-06-20,Vikram Malhotra,none
PAY-10050,UltraTech Cement,INV-71213,648558.38,2025-01-28,Rahul Sharma,none
PAY-14290,Marico Limited,INV-29215,673597.89,2025-02-12,Ananya Iyer,none
PAY-13345,Hindalco Industries,INV-97424,133393.89,2025-12-15,Priya Nair,none
PAY-10859,Kotak Services,INV-18367,255531.32,2025-05-22,Vikram Malhotra,none
PAY-11073,UltraTech Cement,INV-95403,441100.79,2025-05-14,Priya Nair,none
PAY-10720,Tata Motors,INV-85582,472511.96,2025-09-12,Ananya Iyer,none
PAY-13718,Marico Limited,INV-61231,619022.24,2025-09-09,Rahul Sharma,none
PAY-12632,Titan Company,INV-77245,51760.5,2025-12-02,Sneha Patel,none
PAY-14874,Infosys Limited,INV-29875,299792.07,2025-06-14,Ananya Iyer,exact
PAY-11661,UltraTech Cement,INV-27627,237782.46,2025-07-19,Ananya Iyer,none
PAY-11657,NTPC Solutions,INV-12316,714672.47,2025-01-17,Ananya Iyer,none
PAY-12426,Sun Pharma Logistics,INV-54882,747346.48,2025-09-06,Sneha Patel,none
PAY-13525,ITC Limited,INV-63230,230628.92,2025-04-18,Priya Nair,none
PAY-14230,Wipro Technologies,INV-30469,24105.93,2025-09-04,Rahul Sharma,none
PAY-14975,UltraTech Cement,INV-70560,151597.88,2025-08-23,Vikram Malhotra,none
PAY-13310,UltraTech Cement,INV-90651,281321.92,2025-03-15,Ananya Iyer,none
PAY-14477,UltraTech Cement,INV-46059,713226.16,2025-08-24,Sneha Patel,none
PAY-13306,Hero MotoCorp,INV-36493,712905.76,2025-10-12,Ananya Iyer,none
PAY-14752,Kotak Services,INV-36106,33038.12,2025-07-17,Vikram Malhotra,none
PAY-14127,Tata Motors,INV-94320,602774.98,2025-05-26,Rahul Sharma,none
PAY-12607,Marico Limited,INV-84130,658964.9,2025-01-28,Ananya Iyer,none
PAY-11386,UltraTech Cement,INV-67062,427572.34,2025-06-25,Priya Nair,none
PAY-13836,Kotak Services,INV-38909,331406.32,2025-03-10,Rahul Sharma,none
PAY-11400,Marico Limited,INV-81943,726085.14,2025-01-01,Priya Nair,none
PAY-11196,Hero MotoCorp,INV-44517,408496.43,2025-08-21,Rahul Sharma,none
PAY-11409,Larsen & Toubro,INV-94180,605426.5,2025-08-22,Priya Nair,none
PAY-13825,UltraTech Cement,INV-59640,496342.57,2025-12-15,Vikram Malhotra,none
PAY-11799,HCL Technologies,INV-20252,561536.84,2025-11-06,Vikram Malhotra,none
PAY-11476,Kotak Services,INV-21123,664484.55,2025-08-13,Sneha Patel,none
PAY-14966,Tata Consultancy Services,INV-45142,317426.77,2025-03-22,Ananya Iyer,likely
PAY-10036,ITC Limited,INV-17592,184449.34,2025-10-18,Rahul Sharma,none
PAY-13542,Bharti Airtel,INV-90441,310902.28,2025-01-06,Sneha Patel,none
PAY-12346,NTPC Solutions,INV-45056,472476.96,2025-03-05,Rahul Sharma,none
PAY-14679,Tata Motors,INV-26176,578083.34,2025-04-22,Ananya Iyer,none
PAY-12360,Reliance Industries,INV-85739,323452.6,2025-05-23,Sneha Patel,none
PAY-12207,Mahindra & Mahindra,INV-22393,596786.07,2025-04-03,Ananya Iyer,none
PAY-13768,Havells India,INV-10436,715421.22,2025-02-03,Vikram Malhotra,none
PAY-11287,Power Grid Corporation,INV-89260,354228.81,2025-11-29,Vikram Malhotra,none
PAY-10350,Cipla Healthcare,INV-73736,148043.9,2025-03-12,Sneha Patel,none
PAY-12138,Tata Motors,INV-27607,152525.29,2025-04-04,Priya Nair,none
PAY-12692,Mahindra & Mahindra,INV-20282,156648.43,2025-03-12,Priya Nair,none
PAY-14561,Hero MotoCorp,INV-98705,39564.16,2025-05-06,Rahul Sharma,none
PAY-13968,Coal India Logistics,INV-88900,381860.18,2025-02-07,Sneha Patel,none
PAY-11682,Hindalco Industries,INV-54150,208656.87,2025-10-18,Priya Nair,none
PAY-14835,BPCL Supplies,INV-20001,57834.63,2025-05-25,Sneha Patel,none
PAY-11444,BPCL Supplies,INV-86569,296409.55,2025-12-12,Sneha Patel,none
PAY-13244,Tech Mahindra,INV-80568,524418.45,2025-06-05,Vikram Malhotra,none
PAY-11672,HCL Technologies,INV-12583,406120.53,2025-01-20,Ananya Iyer,none
PAY-13837,Cipla Healthcare,INV-40726,485689.17,2025-07-16,Sneha Patel,none
PAY-11180,Power Grid Corporation,INV-26009,193717.99,2025-11-23,Vikram Malhotra,none
PAY-12799,Mahindra & Mahindra,INV-76517,165254.1,2025-07-29,Rahul Sharma,none
PAY-11693,Sun Pharma Logistics,INV-18444,477275.98,2025-07-31,Vikram Malhotra,none
PAY-13957,Hindalco Industries,INV-23991,254268.42,2025-08-01,Rahul Sharma,none
PAY-10373,Bharti Airtel,INV-29597,413859.16,2025-11-08,Priya Nair,none
PAY-13611,Blue Dart Express,INV-65478,157645.09,2025-12-05,Priya Nair,none
PAY-11917,NTPC Solutions,INV-65542,721207.32,2025-10-12,Ananya Iyer,none
PAY-11358,JSW Steel,INV-27395,157864.4,2025-01-19,Ananya Iyer,none
PAY-11826,JSW Steel,INV-73293,101176.93,2025-04-13,Sneha Patel,none
PAY-10787,ITC Limited,INV-97232,443767.87,2025-03-31,Ananya Iyer,none
PAY-10470,Titan Company,INV-51124,717730.69,2025-08-24,Priya Nair,none
PAY-10141,Cipla Healthcare,INV-14067,712460.74,2025-04-13,Rahul Sharma,none
PAY-10789,Titan Company,INV-84381,29125.14,2025-11-05,Vikram Malhotra,none
PAY-10324,Power Grid Corporation,INV-76840,149458.26,2025-06-28,Vikram Malhotra,none
PAY-10051,Infosys Limited,INV-62772,547519.12,2025-02-25,Sneha Patel,none
PAY-10715,Reliance Industries,INV-11660,532385.95,2025-12-26,Rahul Sharma,none
PAY-14890,Havells India,INV-67074,276285.54,2025-10-05,Vikram Malhotra,exact
PAY-12841,Kotak Services,INV-28332,563000.11,2025-10-08,Ananya Iyer,none
PAY-12447,Tata Consultancy Services,INV-58530,611265.62,2025-01-09,Vikram Malhotra,none
PAY-14814,Bharti Airtel,INV-17346,63290.22,2025-03-30,Sneha Patel,none
PAY-14420,Larsen & Toubro,INV-36703,624572.96,2025-11-29,Sneha Patel,none
PAY-14597,Dr Reddys Laboratories,INV-92221,552415.88,2025-03-07,Rahul Sharma,none
PAY-13016,Tata Motors,INV-13109,331698.23,2025-01-31,Vikram Malhotra,none
PAY-12667,Blue Dart Express,INV-96944,684678.06,2025-02-01,Sneha Patel,none
PAY-10407,Titan Company,INV-51207,488922.75,2025-05-08,Rahul Sharma,none
PAY-13725,Tech Mahindra,INV-48489,491849.62,2025-07-25,Ananya Iyer,none
PAY-11005,Godrej Consumer,INV-81529,224758.96,2025-11-21,Sneha Patel,none
PAY-13788,ITC Limited,INV-50902,405125.75,2025-08-06,Vikram Malhotra,none
PAY-10891,Bharti Airtel,INV-12872,444321.16,2025-03-28,Rahul Sharma,none
PAY-12412,HCL Technologies,INV-48745,125297.0,2025-05-24,Priya Nair,none
PAY-12546,JSW Steel,INV-79584,342217.48,2025-05-16,Rahul Sharma,none
PAY-14834,Tech Mahindra,INV-73631,149707.02,2025-07-16,Sneha Patel,none
PAY-12391,Bharti Airtel,INV-45378,85758.66,2025-02-09,Vikram Malhotra,none
PAY-13941,Power Grid Corporation,INV-33390,623659.65,2025-05-22,Vikram Malhotra,none
PAY-10043,Wipro Technologies,INV-54313,20670.52,2025-10-11,Sneha Patel,none
PAY-12831,Power Grid Corporation,INV-84270,571633.29,2025-01-31,Ananya Iyer,none
PAY-13966,Titan Company,INV-79453,360623.43,2025-01-14,Priya Nair,none
PAY-10304,Sun Pharma Logistics,INV-30631,280689.55,2025-06-16,Priya Nair,none
PAY-14514,Wipro Technologies,INV-57739,720886.09,2025-03-23,Sneha Patel,none
PAY-13748,Dr Reddys Laboratories,INV-87460,412606.77,2025-10-03,Ananya Iyer,none
PAY-10665,Marico Limited,INV-99037,612309.77,2025-03-11,Ananya Iyer,none
PAY-11178,JSW Steel,INV-37321,357255.03,2025-12-15,Vikram Malhotra,none
PAY-12677,UltraTech Cement,INV-65945,414410.97,2025-03-01,Ananya Iyer,none
PAY-11948,Marico Limited,INV-69497,6456.45,2025-08-07,Rahul Sharma,none
PAY-12502,Asian Paints,INV-31921,667640.02,2025-09-19,Vikram Malhotra,none
PAY-11474,HCL Technologies,INV-82676,34301.73,2025-07-16,Sneha Patel,none
PAY-13484,Coal India Logistics,INV-31660,691010.12,2025-09-03,Priya Nair,none
PAY-13521,Hindalco Industries,INV-56023,563620.6,2025-12-19,Rahul Sharma,none
PAY-12133,BPCL Supplies,INV-85053,583634.88,2025-06-26,Sneha Patel,none
PAY-11027,Hero MotoCorp,INV-86269,436281.09,2025-10-30,Sneha Patel,none
PAY-10962,Tata Consultancy Services,INV-59921,113268.4,2025-12-10,Rahul Sharma,none
PAY-12890,Hero MotoCorp,INV-97519,503882.68,2025-02-03,Sneha Patel,none
PAY-13135,Coal India Logistics,INV-52083,26216.25,2025-01-14,Vikram Malhotra,none
PAY-12010,Havells India,INV-40721,299945.48,2025-06-06,Ananya Iyer,none
PAY-12150,JSW Steel,INV-62228,286934.6,2025-01-30,Vikram Malhotra,none
PAY-13324,Cipla Healthcare,INV-84311,94133.36,2025-04-25,Rahul Sharma,none
PAY-12339,Reliance Industries,INV-59528,291072.96,2025-02-26,Rahul Sharma,none
PAY-13889,Marico Limited,INV-40382,600212.46,2025-05-04,Rahul Sharma,none
PAY-10305,Coal India Logistics,INV-21135,663089.93,2025-03-21,Sneha Patel,none
PAY-11441,JSW Steel,INV-15376,77536.42,2025-09-30,Vikram Malhotra,none
PAY-11497,Tata Consultancy Services,INV-10946,138662.58,2025-02-15,Priya Nair,none
PAY-12653,HCL Technologies,INV-99438,548832.95,2025-11-25,Priya Nair,none
PAY-12876,Tech Mahindra,INV-53050,75110.82,2025-07-08,Vikram Malhotra,none
PAY-10917,UltraTech Cement,INV-87430,364592.76,2025-10-19,Ananya Iyer,none
PAY-14183,Marico Limited,INV-68566,454687.53,2025-10-26,Ananya Iyer,none
PAY-13722,Reliance Industries,INV-75066,456830.27,2025-12-19,Vikram Malhotra,none
PAY-12773,Godrej Consumer,INV-35576,9965.5,2025-01-14,Vikram Malhotra,none
PAY-11625,Blue Dart Express,INV-88878,158023.88,2025-04-13,Sneha Patel,none
PAY-13838,NTPC Solutions,INV-76807,483206.93,2025-03-16,Rahul Sharma,none
PAY-10822,HCL Technologies,INV-37772,607303.24,2025-03-06,Rahul Sharma,none
PAY-13965,Tech Mahindra,INV-24267,406725.85,2025-04-26,Sneha Patel,none
PAY-11355,Tata Consultancy Services,INV-73263,679192.07,2025-03-20,Sneha Patel,none
PAY-14498,Coal India Logistics,INV-77458,694643.12,2025-08-31,Sneha Patel,none
PAY-10851,JSW Steel,INV-37096,205467.27,2025-07-29,Priya Nair,none
PAY-11001,Tata Motors,INV-19514,271486.6,2025-09-15,Rahul Sharma,none
PAY-13378,Tata Motors,INV-54843,103593.4,2025-06-27,Vikram Malhotra,none
PAY-10019,Hero MotoCorp,INV-14207,604759.12,2025-07-25,Vikram Malhotra,none
PAY-11638,Coal India Logistics,INV-50895,516849.69,2025-08-16,Sneha Patel,none
PAY-11668,Tata Consultancy Services,INV-91940,259236.11,2025-02-19,Ananya Iyer,none
PAY-10494,Bharti Airtel,INV-24764,251359.65,2025-08-23,Vikram Malhotra,none
PAY-11348,Hero MotoCorp,INV-14085,257668.55,2025-07-12,Priya Nair,none
PAY-13728,Infosys Limited,INV-20414,48767.32,2025-03-02,Sneha Patel,none
PAY-14826,Reliance Industries,INV-60635,133902.25,2025-07-02,Vikram Malhotra,none
PAY-13615,Hero MotoCorp,INV-40980,118018.66,2025-10-11,Priya Nair,none
PAY-13482,Hero MotoCorp,INV-33713,645966.72,2025-04-16,Ananya Iyer,none
PAY-10688,Kotak Services,INV-19283,175565.42,2025-02-15,Rahul Sharma,none
PAY-13732,Dr Reddys Laboratories,INV-87027,230396.77,2025-12-30,Sneha Patel,none
PAY-11609,NTPC Solutions,INV-86027,266963.88,2025-03-15,Rahul Sharma,none
PAY-14085,Power Grid Corporation,INV-70015,722010.34,2025-01-19,Ananya Iyer,none
PAY-13403,JSW Steel,INV-68449,13939.21,2025-12-12,Rahul Sharma,none
PAY-11010,UltraTech Cement,INV-94663,639336.84,2025-03-14,Sneha Patel,none
PAY-12409,Larsen & Toubro,INV-84304,472703.29,2025-09-12,Rahul Sharma,none
PAY-11093,Blue Dart Express,INV-21818,414446.53,2025-10-14,Priya Nair,none
PAY-11328,Coal India Logistics,INV-17626,86430.16,2025-11-19,Priya Nair,none
PAY-11678,Bajaj Auto,INV-67146,155310.18,2025-11-22,Rahul Sharma,none
PAY-12000,Blue Dart Express,INV-16054,573496.37,2025-10-28,Sneha Patel,none
PAY-11311,HCL Technologies,INV-16725,317588.36,2025-06-08,Ananya Iyer,none
PAY-13259,NTPC Solutions,INV-17752,513619.01,2025-02-18,Sneha Patel,none
PAY-11988,Bajaj Auto,INV-11296,59929.71,2025-01-16,Priya Nair,none
PAY-13649,Hero MotoCorp,INV-33426,402795.23,2025-08-25,Priya Nair,none
PAY-10345,Tech Mahindra,INV-95990,525367.57,2025-07-20,Sneha Patel,none
PAY-14483,Larsen & Toubro,INV-65008,59003.55,2025-10-05,Vikram Malhotra,none
PAY-10987,Titan Company,INV-24860,292477.57,2025-10-04,Vikram Malhotra,none
PAY-14545,Infosys Limited,INV-17775,308630.02,2025-09-07,Priya Nair,none
PAY-13808,BPCL Supplies,INV-12207,355385.18,2025-12-29,Sneha Patel,none
PAY-14524,Hero MotoCorp,INV-45133,525481.29,2025-02-12,Sneha Patel,none
PAY-14003,Titan Company,INV-83913,422087.33,2025-01-29,Ananya Iyer,none
PAY-13092,Sun Pharma Logistics,INV-36081,509863.26,2025-12-27,Vikram Malhotra,none
PAY-13962,Titan Company,INV-58222,459258.26,2025-06-27,Sneha Patel,none
PAY-11143,Larsen & Toubro,INV-40753,498206.8,2025-12-25,Rahul Sharma,none
PAY-12359,Sun Pharma Logistics,INV-29369,295996.68,2025-09-02,Rahul Sharma,none
PAY-11199,Dr Reddys Laboratories,INV-18302,495425.62,2025-10-03,Ananya Iyer,none
PAY-10086,Coal India Logistics,INV-30257,694694.05,2025-05-02,Sneha Patel,none
PAY-11519,Mahindra & Mahindra,INV-36504,255239.05,2025-01-17,Priya Nair,none
PAY-10517,Hindalco Industries,INV-19572,38740.9,2025-06-26,Rahul Sharma,none
PAY-11382,NTPC Solutions,INV-95124,57838.37,2025-06-04,Priya Nair,none
PAY-12717,Wipro Technologies,INV-46234,673297.99,2025-10-10,Vikram Malhotra,none
PAY-13085,Cipla Healthcare,INV-64234,619111.47,2025-03-19,Priya Nair,none
PAY-11015,Dr Reddys Laboratories,INV-86099,367956.86,2025-06-19,Vikram Malhotra,none
PAY-10129,Cipla Healthcare,INV-61116,640818.72,2025-08-03,Priya Nair,none
PAY-11365,HCL Technologies,INV-45866,90272.99,2025-11-15,Priya Nair,none
PAY-13624,Tata Motors,INV-68213,334683.03,2025-07-16,Priya Nair,none
PAY-14971,Mahindra & Mahindra,INV-83288,345936.13,2025-10-20,Ananya Iyer,none
PAY-10892,Bajaj Auto,INV-95267,595134.73,2025-07-12,Vikram Malhotra,none
PAY-12794,Kotak Services,INV-48720,76917.26,2025-02-27,Vikram Malhotra,none
PAY-14239,Hindalco Industries,INV-93864,341347.85,2025-08-05,Vikram Malhotra,none
PAY-11360,JSW Steel,INV-87894,654546.94,2025-06-20,Ananya Iyer,none
PAY-10308,UltraTech Cement,INV-45804,165598.88,2025-09-20,Rahul Sharma,none
PAY-11662,Cipla Healthcare,INV-24336,428797.14,2025-09-09,Priya Nair,none
PAY-12432,Mahindra & Mahindra,INV-43039,478587.03,2025-02-12,Sneha Patel,none
PAY-13935,Titan Company,INV-40025,542237.47,2025-07-08,Vikram Malhotra,none
PAY-11318,BPCL Supplies,INV-83079,615990.44,2025-04-17,Rahul Sharma,none
PAY-14304,JSW Steel,INV-72539,500114.65,2025-01-26,Vikram Malhotra,none
PAY-12475,Hindalco Industries,INV-60122,23840.96,2025-03-08,Ananya Iyer,none
PAY-12543,Havells India,INV-85660,488045.31,2025-03-17,Ananya Iyer,none
PAY-11247,ITC Limited,INV-19390,203361.53,2025-08-09,Vikram Malhotra,none
PAY-11209,Bajaj Auto,INV-83140,558890.69,2025-08-01,Vikram Malhotra,none
PAY-10217,Sun Pharma Logistics,INV-82340,573340.14,2025-07-13,Ananya Iyer,none
PAY-14293,Blue Dart Express,INV-62297,671151.87,2025-06-05,Priya Nair,none
PAY-13063,Hero MotoCorp,INV-33941,149228.65,2025-02-25,Sneha Patel,none
PAY-11240,Cipla Healthcare,INV-88005,433564.87,2025-02-16,Sneha Patel,none
PAY-12290,Bharti Airtel,INV-29163,322595.72,2025-11-12,Sneha Patel,none
PAY-12741,Asian Paints,INV-63729,274601.46,2025-06-30,Priya Nair,none
PAY-10276,Sun Pharma Logistics,INV-12068,134813.42,2025-01-27,Sneha Patel,none
PAY-10490,Godrej Consumer,INV-74930,143802.17,2025-05-29,Rahul Sharma,none
PAY-11036,Wipro Technologies,INV-44649,280229.21,2025-01-22,Sneha Patel,none
PAY-11230,Hindalco Industries,INV-62402,428953.38,2025-04-22,Rahul Sharma,none
PAY-14586,Havells India,INV-38304,55040.71,2025-07-12,Priya Nair,none
PAY-11009,NTPC Solutions,INV-21157,231994.91,2025-06-26,Sneha Patel,none
PAY-14690,Tata Motors,INV-39105,587484.73,2025-04-26,Sneha Patel,none
PAY-14027,Power Grid Corporation,INV-17338,460990.38,2025-05-23,Rahul Sharma,none
PAY-13183,BPCL Supplies,INV-25373,392862.11,2025-09-26,Rahul Sharma,none
PAY-12533,Cipla Healthcare,INV-73269,173243.74,2025-05-16,Vikram Malhotra,none
PAY-14170,Bharti Airtel,INV-68051,591472.68,2025-04-22,Priya Nair,none
PAY-11059,Titan Company,INV-60523,103498.83,2025-01-09,Sneha Patel,none
PAY-12167,Cipla Healthcare,INV-46747,169180.15,2025-05-12,Ananya Iyer,none
PAY-14579,Hindalco Industries,INV-22381,328132.46,2025-02-27,Priya Nair,none
PAY-10282,Tata Motors,INV-68138,59750.58,2025-02-11,Vikram Malhotra,none
PAY-13566,Tata Consultancy Services,INV-58740,49695.52,2025-01-07,Rahul Sharma,none
PAY-11317,Tata Consultancy Services,INV-42075,662215.06,2025-05-23,Priya Nair,none
PAY-14979,NTPC Solutions,INV-13664,152107.72,2025-01-06,Priya Nair,none
PAY-10969,UltraTech Cement,INV-99803,237927.22,2025-10-10,Rahul Sharma,none
PAY-13127,Mahindra & Mahindra,INV-94850,673511.74,2025-01-24,Sneha Patel,none
PAY-13921,Havells India,INV-61337,193347.26,2025-09-28,Rahul Sharma,none
PAY-13167,Dr Reddys Laboratories,INV-56391,396553.14,2025-03-19,Priya Nair,none
PAY-13520,NTPC Solutions,INV-61768,394725.16,2025-07-21,Sneha Patel,none
PAY-10620,Cipla Healthcare,INV-53463,724459.0,2025-08-09,Rahul Sharma,none
PAY-13347,Larsen & Toubro,INV-63908,240785.56,2025-05-06,Sneha Patel,none
PAY-11743,Tech Mahindra,INV-44314,180436.79,2025-08-19,Sneha Patel,none
PAY-11391,Reliance Industries,INV-99850,611479.71,2025-07-14,Vikram Malhotra,none
PAY-14051,Tech Mahindra,INV-76881,37035.94,2025-02-18,Ananya Iyer,none
PAY-11848,Asian Paints,INV-29082,578763.14,2025-09-22,Rahul Sharma,none
PAY-11580,Havells India,INV-68387,509412.22,2025-02-14,Priya Nair,none
PAY-11656,Kotak Services,INV-76164,199940.63,2025-06-25,Priya Nair,none
PAY-12353,Marico Limited,INV-15681,455357.25,2025-04-02,Ananya Iyer,none
PAY-12213,HCL Technologies,INV-88525,522935.84,2025-01-03,Priya Nair,none
PAY-12021,Bharti Airtel,INV-98487,250284.76,2025-06-04,Vikram Malhotra,none
PAY-14973,Wipro Technologies,INV-76723,403336.57,2025-09-16,Vikram Malhotra,none
PAY-11957,UltraTech Cement,INV-13148,446435.42,2025-11-17,Vikram Malhotra,none
PAY-11308,Dr Reddys Laboratories,INV-77065,460994.04,2025-03-23,Ananya Iyer,none
PAY-12004,Dr Reddys Laboratories,INV-20670,589575.59,2025-12-06,Priya Nair,none
PAY-14456,HCL Technologies,INV-57581,342883.05,2025-02-09,Priya Nair,none
PAY-10576,Kotak Services,INV-66873,485455.9,2025-06-19,Priya Nair,none
PAY-14090,Dr Reddys Laboratories,INV-92289,499450.69,2025-08-25,Ananya Iyer,none
PAY-14320,Tata Motors,INV-75773,174824.28,2025-01-22,Ananya Iyer,none
PAY-14437,Tech Mahindra,INV-63564,650434.15,2025-10-29,Vikram Malhotra,none
PAY-11707,Godrej Consumer,INV-40924,701947.57,2025-04-22,Sneha Patel,none
PAY-13743,Tata Motors,INV-54952,601155.43,2025-07-10,Vikram Malhotra,none
PAY-13471,Tata Consultancy Services,INV-92271,559469.15,2025-05-25,Vikram Malhotra,none
PAY-11281,Sun Pharma Logistics,INV-29073,546674.25,2025-06-13,Ananya Iyer,none
PAY-10862,Godrej Consumer,INV-88647,306053.33,2025-06-13,Sneha Patel,none
PAY-14146,Bharti Airtel,INV-10730,246362.56,2025-09-04,Rahul Sharma,none
PAY-11802,Asian Paints,INV-63096,652241.49,2025-11-05,Ananya Iyer,none
PAY-11629,Cipla Healthcare,INV-11832,398984.86,2025-04-09,Vikram Malhotra,none
PAY-11994,Titan Company,INV-95835,591623.49,2025-02-26,Vikram Malhotra,none
PAY-12640,Tata Consultancy Services,INV-30863,177619.71,2025-12-07,Rahul Sharma,none
PAY-10270,Bharti Airtel,INV-18992,623214.29,2025-10-11,Sneha Patel,none
PAY-10630,Tata Consultancy Services,INV-54967,487737.59,2025-12-13,Sneha Patel,none
PAY-13082,Infosys Limited,INV-23295,46805.35,2025-06-25,Vikram Malhotra,none
PAY-12335,BPCL Supplies,INV-46968,20680.24,2025-03-25,Sneha Patel,none
PAY-12967,Blue Dart Express,INV-93458,563203.91,2025-08-05,Ananya Iyer,none
PAY-10301,Bajaj Auto,INV-10800,140147.14,2025-03-15,Priya Nair,none
PAY-10460,Hero MotoCorp,INV-12180,279426.57,2025-12-11,Rahul Sharma,none
PAY-11448,UltraTech Cement,INV-22805,396321.88,2025-12-17,Ananya Iyer,none
PAY-11473,Hero MotoCorp,INV-70245,571537.55,2025-05-29,Sneha Patel,none
PAY-12047,Havells India,INV-36958,235769.1,2025-12-30,Ananya Iyer,none
PAY-14229,Cipla Healthcare,INV-27083,162949.39,2025-01-14,Vikram Malhotra,none
PAY-13765,Marico Limited,INV-65895,157049.53,2025-03-25,Vikram Malhotra,none
PAY-12114,Titan Company,INV-70771,232856.23,2025-05-26,Ananya Iyer,none
PAY-10028,Mahindra & Mahindra,INV-82512,646280.88,2025-01-06,Rahul Sharma,none
PAY-13840,Mahindra & Mahindra,INV-96283,389777.99,2025-06-08,Ananya Iyer,none
PAY-14523,Tata Motors,INV-91393,281357.03,2025-04-30,Vikram Malhotra,none
PAY-10838,Mahindra & Mahindra,INV-64627,455709.45,2025-02-15,Sneha Patel,none
PAY-13827,Bharti Airtel,INV-61014,268117.75,2025-12-07,Sneha Patel,none
PAY-12009,BPCL Supplies,INV-14797,159363.7,2025-04-14,Ananya Iyer,none
PAY-14908,Tech Mahindra,INV-31377,309749.78,2025-10-01,Vikram Malhotra,exact
PAY-10504,Blue Dart Express,INV-50760,519266.33,2025-11-24,Vikram Malhotra,none
PAY-13207,Hero MotoCorp,INV-99523,261317.04,2025-05-08,Vikram Malhotra,none
PAY-14305,Infosys Limited,INV-87180,269207.73,2025-03-02,Vikram Malhotra,none
PAY-10381,Power Grid Corporation,INV-76535,417843.2,2025-07-19,Ananya Iyer,none
PAY-11852,Tech Mahindra,INV-64959,304492.1,2025-12-15,Priya Nair,none
PAY-11526,Dr Reddys Laboratories,INV-66113,553453.25,2025-05-07,Sneha Patel,none
PAY-12366,Wipro Technologies,INV-86148,537616.18,2025-09-27,Priya Nair,none
PAY-14148,Dr Reddys Laboratories,INV-33874,513086.23,2025-05-26,Vikram Malhotra,none
PAY-13053,Kotak Services,INV-49316,429150.31,2025-10-25,Ananya Iyer,none
PAY-12885,Asian Paints,INV-93555,534390.2,2025-06-10,Rahul Sharma,none
PAY-12341,Cipla Healthcare,INV-20957,204404.07,2025-11-18,Priya Nair,none
PAY-10375,Reliance Industries,INV-16258,182637.43,2025-11-24,Priya Nair,none
PAY-13261,Tech Mahindra,INV-13624,601028.44,2025-10-18,Priya Nair,none
PAY-12382,Cipla Healthcare,INV-32751,379955.09,2025-01-06,Ananya Iyer,none
PAY-14310,Reliance Industries,INV-70324,437870.14,2025-12-04,Ananya Iyer,none
PAY-10940,Reliance Industries,INV-96364,170201.6,2025-06-24,Vikram Malhotra,none
PAY-14199,Havells India,INV-84778,674412.1,2025-02-17,Rahul Sharma,none
PAY-14166,Coal India Logistics,INV-21827,385641.48,2025-12-09,Ananya Iyer,none
PAY-12800,NTPC Solutions,INV-52361,199895.91,2025-06-12,Ananya Iyer,none
PAY-12148,Kotak Services,INV-54175,455256.81,2025-06-22,Vikram Malhotra,none
PAY-13818,Hero MotoCorp,INV-93993,437252.07,2025-12-10,Sneha Patel,none
PAY-14541,ITC Limited,INV-95713,255924.0,2025-11-12,Priya Nair,none
PAY-14217,Cipla Healthcare,INV-78287,82204.03,2025-05-25,Sneha Patel,none
PAY-12069,Coal India Logistics,INV-23174,137041.27,2025-03-05,Priya Nair,none
PAY-10530,Dr Reddys Laboratories,INV-15798,304687.69,2025-04-30,Priya Nair,none
PAY-14605,Asian Paints,INV-56643,301423.33,2025-10-27,Rahul Sharma,none
PAY-10637,Reliance Industries,INV-80371,144285.08,2025-06-16,Sneha Patel,none
PAY-11270,ITC Limited,INV-75700,210529.32,2025-02-01,Vikram Malhotra,none
PAY-10186,Godrej Consumer,INV-91927,444393.24,2025-04-12,Ananya Iyer,none
PAY-14350,Hero MotoCorp,INV-88119,405674.01,2025-10-12,Ananya Iyer,none
PAY-13180,ITC Limited,INV-46204,109628.05,2025-07-25,Rahul Sharma,none
PAY-13455,Larsen & Toubro,INV-23402,394471.53,2025-05-01,Rahul Sharma,none
PAY-11798,Coal India Logistics,INV-44743,259294.11,2025-04-06,Sneha Patel,none
PAY-12980,Sun Pharma Logistics,INV-80969,294834.44,2025-10-13,Rahul Sharma,none
PAY-11442,Havells India,INV-66595,459811.75,2025-11-30,Vikram Malhotra,none
PAY-13428,Godrej Consumer,INV-46769,418471.83,2025-10-23,Vikram Malhotra,none
PAY-14875,ITC Limited,INV-70722,337503.78,2025-03-20,Sneha Patel,none
PAY-11536,Asian Paints,INV-28169,656278.28,2025-07-27,Sneha Patel,none
PAY-13444,Wipro Technologies,INV-58317,351379.91,2025-03-17,Ananya Iyer,none
PAY-11274,Havells India,INV-91988,516459.87,2025-08-02,Sneha Patel,none
PAY-12468,UltraTech Cement,INV-26891,704846.83,2025-07-19,Sneha Patel,none
PAY-10608,Sun Pharma Logistics,INV-59290,213823.61,2025-07-21,Vikram Malhotra,none
PAY-13514,Coal India Logistics,INV-54780,407457.23,2025-03-23,Priya Nair,none
PAY-11713,Tata Consultancy Services,INV-94593,725269.84,2025-11-07,Rahul Sharma,none
PAY-12200,BPCL Supplies,INV-62952,187525.75,2025-03-02,Sneha Patel,none
PAY-10956,BPCL Supplies,INV-38487,154662.37,2025-11-16,Vikram Malhotra,none
PAY-12580,Mahindra & Mahindra,INV-99006,264889.57,2025-06-19,Ananya Iyer,none
PAY-13898,Cipla Healthcare,INV-97147,519708.24,2025-01-16,Rahul Sharma,none
PAY-14426,Larsen & Toubro,INV-25876,38362.67,2025-03-01,Rahul Sharma,none
PAY-13381,Havells India,INV-76688,672385.26,2025-01-12,Sneha Patel,none
PAY-13686,Infosys Limited,INV-49703,14025.48,2025-03-10,Sneha Patel,none
PAY-10404,Bajaj Auto,INV-60181,712353.0,2025-01-17,Priya Nair,none
PAY-12072,Bharti Airtel,INV-14514,670052.34,2025-09-30,Sneha Patel,none
PAY-14756,Bharti Airtel,INV-16494,522567.51,2025-10-31,Ananya Iyer,none
PAY-11978,Tata Consultancy Services,INV-77853,441897.73,2025-12-14,Sneha Patel,none
PAY-10159,NTPC Solutions,INV-11330,389887.3,2025-04-08,Rahul Sharma,none
PAY-11749,Blue Dart Express,INV-56439,747570.88,2025-12-10,Priya Nair,none
PAY-12910,Hero MotoCorp,INV-45251,72614.34,2025-04-18,Vikram Malhotra,none
PAY-13535,Cipla Healthcare,INV-22845,319912.74,2025-10-28,Priya Nair,none
PAY-10903,Infosys Limited,INV-81845,374784.26,2025-04-17,Ananya Iyer,none
PAY-10353,JSW Steel,INV-54140,657912.62,2025-11-13,Sneha Patel,none
PAY-11231,Dr Reddys Laboratories,INV-52558,595713.62,2025-03-30,Ananya Iyer,none
PAY-14671,Bharti Airtel,INV-71345,7536.95,2025-05-23,Rahul Sharma,none
PAY-12141,Marico Limited,INV-63581,333344.19,2025-11-16,Rahul Sharma,none
PAY-10445,ITC Limited,INV-38199,439591.36,2025-01-25,Rahul Sharma,none
PAY-14949,Cipla Healthcare,INV-19838,72443.47,2025-11-07,Ananya Iyer,none
PAY-10755,Tata Consultancy Services,INV-18083,623627.39,2025-04-24,Sneha Patel,none
PAY-11738,Tata Consultancy Services,INV-78922,329193.26,2025-08-21,Ananya Iyer,none
PAY-12972,Cipla Healthcare,INV-67271,209716.13,2025-12-19,Sneha Patel,none
PAY-14980,NTPC Solutions,INV-44763,152107.72,2025-01-13,Sneha Patel,likely
PAY-12921,Tech Mahindra,INV-15259,728220.43,2025-04-30,Priya Nair,none
PAY-10312,Bharti Airtel,INV-27987,574299.87,2025-05-29,Vikram Malhotra,none
PAY-10549,Tata Motors,INV-36805,300490.88,2025-05-03,Priya Nair,none
PAY-14053,Bharti Airtel,INV-99397,191343.82,2025-02-22,Ananya Iyer,none
PAY-14762,Bajaj Auto,INV-46922,313390.89,2025-08-11,Sneha Patel,none
PAY-11990,Blue Dart Express,INV-57174,37709.1,2025-01-16,Sneha Patel,none
PAY-10307,Asian Paints,INV-96761,320891.01,2025-11-07,Ananya Iyer,none
PAY-12336,Hero MotoCorp,INV-61668,517088.28,2025-04-07,Rahul Sharma,none
PAY-10695,Dr Reddys Laboratories,INV-60335,266894.05,2025-08-08,Vikram Malhotra,none
PAY-12357,Blue Dart Express,INV-44786,608985.96,2025-12-31,Rahul Sharma,none
PAY-11928,Bharti Airtel,INV-70266,719449.55,2025-06-18,Rahul Sharma,none
PAY-10685,Bharti Airtel,INV-72496,63064.35,2025-10-31,Sneha Patel,none
PAY-10750,Infosys Limited,INV-38183,627763.94,2025-06-17,Sneha Patel,none
PAY-14009,Marico Limited,INV-78184,108199.68,2025-10-15,Rahul Sharma,none
PAY-11267,Blue Dart Express,INV-12816,34615.54,2025-09-29,Vikram Malhotra,none
PAY-13286,Tata Consultancy Services,INV-16187,725242.31,2025-07-17,Sneha Patel,none
PAY-13530,Tata Consultancy Services,INV-88323,228660.53,2025-07-18,Vikram Malhotra,none
PAY-14424,Bharti Airtel,INV-32597,390225.42,2025-09-21,Rahul Sharma,none
PAY-13985,Godrej Consumer,INV-79181,738934.44,2025-04-10,Vikram Malhotra,none
PAY-13084,Kotak Services,INV-27600,661233.06,2025-02-07,Vikram Malhotra,none
PAY-13062,Reliance Industries,INV-68090,260111.63,2025-12-18,Priya Nair,none
PAY-13026,Power Grid Corporation,INV-47805,24325.66,2025-07-09,Priya Nair,none
PAY-10971,Blue Dart Express,INV-93071,529948.66,2025-11-28,Vikram Malhotra,none
PAY-10014,Titan Company,INV-46434,342790.68,2025-07-06,Sneha Patel,none
PAY-10874,Reliance Industries,INV-99220,289343.57,2025-06-02,Ananya Iyer,none
PAY-10809,Reliance Industries,INV-13373,159179.97,2025-11-23,Vikram Malhotra,none
PAY-13199,Hindalco Industries,INV-94237,715783.25,2025-10-22,Rahul Sharma,none
PAY-10515,Asian Paints,INV-83912,48013.9,2025-08-25,Vikram Malhotra,none
PAY-14473,Kotak Services,INV-15946,242625.53,2025-09-16,Sneha Patel,none
PAY-10410,Bharti Airtel,INV-90199,217754.77,2025-09-09,Sneha Patel,none
PAY-13409,Asian Paints,INV-70508,246653.99,2025-07-26,Ananya Iyer,none
PAY-14343,Tata Motors,INV-91073,414416.33,2025-06-09,Priya Nair,none
PAY-10208,Tata Consultancy Services,INV-82384,308953.06,2025-04-26,Rahul Sharma,none
PAY-13692,Dr Reddys Laboratories,INV-58774,638692.4,2025-05-13,Priya Nair,none
PAY-10459,NTPC Solutions,INV-74205,533011.16,2025-06-03,Ananya Iyer,none
PAY-13472,NTPC Solutions,INV-59060,385605.32,2025-03-23,Sneha Patel,none
PAY-12431,Infosys Limited,INV-37720,651675.35,2025-12-17,Ananya Iyer,none
PAY-13658,Wipro Technologies,INV-59469,106248.67,2025-05-28,Ananya Iyer,none
PAY-10111,Larsen & Toubro,INV-13201,39429.22,2025-09-01,Priya Nair,none
PAY-14590,Dr Reddys Laboratories,INV-72491,126072.61,2025-01-28,Sneha Patel,none
PAY-14045,HCL Technologies,INV-10060,287973.01,2025-04-23,Ananya Iyer,none
PAY-11884,Godrej Consumer,INV-87283,319208.94,2025-06-06,Vikram Malhotra,none
PAY-11714,Hero MotoCorp,INV-96798,600211.28,2025-01-28,Sneha Patel,none
PAY-13959,ITC Limited,INV-59452,253719.71,2025-11-23,Ananya Iyer,none
PAY-13400,Tata Consultancy Services,INV-95831,668464.28,2025-12-16,Vikram Malhotra,none
PAY-10553,Bajaj Auto,INV-51015,313377.98,2025-10-16,Sneha Patel,none
PAY-11440,Tech Mahindra,INV-68827,289593.05,2025-06-11,Priya Nair,none
PAY-12271,ITC Limited,INV-71695,299542.33,2025-06-03,Vikram Malhotra,none
PAY-13145,Larsen & Toubro,INV-38745,388476.85,2025-03-15,Sneha Patel,none
PAY-12822,Titan Company,INV-48173,325003.25,2025-04-24,Ananya Iyer,none
PAY-14782,Reliance Industries,INV-27873,585194.93,2025-04-15,Ananya Iyer,none
PAY-11926,BPCL Supplies,INV-44257,734832.06,2025-12-29,Ananya Iyer,none
PAY-10635,Hindalco Industries,INV-66302,294682.66,2025-12-27,Sneha Patel,none
PAY-14806,Godrej Consumer,INV-40641,11942.86,2025-01-09,Sneha Patel,none
PAY-10317,Havells India,INV-51033,433940.57,2025-10-21,Ananya Iyer,none
PAY-14218,Reliance Industries,INV-21809,216915.57,2025-10-13,Ananya Iyer,none
PAY-14700,Kotak Services,INV-36254,246612.33,2025-05-15,Sneha Patel,none
PAY-11329,Wipro Technologies,INV-73394,544435.23,2025-11-06,Vikram Malhotra,none
PAY-10428,Wipro Technologies,INV-75873,482535.63,2025-10-31,Priya Nair,none
PAY-14375,Cipla Healthcare,INV-80366,16185.44,2025-08-31,Priya Nair,none
PAY-10106,Tech Mahindra,INV-37549,325266.67,2025-10-24,Priya Nair,none
PAY-13042,Power Grid Corporation,INV-18807,207247.8,2025-10-01,Priya Nair,none
PAY-10143,Hindalco Industries,INV-38569,351450.32,2025-05-12,Vikram Malhotra,none
PAY-12170,Havells India,INV-39334,699176.07,2025-11-04,Rahul Sharma,none
PAY-13459,Tata Motors,INV-30314,413332.65,2025-02-15,Sneha Patel,none
PAY-10090,Havells India,INV-15075,644651.97,2025-04-24,Sneha Patel,none
PAY-12919,Dr Reddys Laboratories,INV-62341,357811.2,2025-05-05,Vikram Malhotra,none
PAY-13238,Asian Paints,INV-91108,331213.86,2025-10-30,Ananya Iyer,none
PAY-12242,Tata Consultancy Services,INV-77314,536350.88,2025-12-03,Sneha Patel,none
PAY-13175,Wipro Technologies,INV-42942,532714.09,2025-12-09,Vikram Malhotra,none
PAY-13413,UltraTech Cement,INV-96739,679494.92,2025-03-19,Priya Nair,none
PAY-12164,Kotak Services,INV-96853,407797.59,2025-05-05,Sneha Patel,none
PAY-12637,Tata Motors,INV-76450,582671.51,2025-09-27,Vikram Malhotra,none
PAY-11950,Reliance Industries,INV-99151,391129.98,2025-09-11,Vikram Malhotra,none
PAY-11769,Cipla Healthcare,INV-75288,509296.84,2025-06-18,Rahul Sharma,none
PAY-14291,Tata Consultancy Services,INV-80451,380218.89,2025-10-28,Vikram Malhotra,none
PAY-12273,Asian Paints,INV-96019,630321.31,2025-03-24,Sneha Patel,none
PAY-10002,ITC Limited,INV-28289,553671.05,2025-12-13,Priya Nair,none
PAY-13283,Cipla Healthcare,INV-99660,525681.73,2025-09-28,Rahul Sharma,none
PAY-14958,Bajaj Auto,INV-79974,198391.38,2025-04-03,Priya Nair,likely
PAY-11952,Mahindra & Mahindra,INV-65058,401645.66,2025-06-11,Rahul Sharma,none
PAY-10936,Marico Limited,INV-76628,423937.77,2025-12-02,Ananya Iyer,none
PAY-14297,HCL Technologies,INV-18089,609843.36,2025-05-13,Priya Nair,none
PAY-12721,BPCL Supplies,INV-15046,142270.34,2025-09-17,Ananya Iyer,none
PAY-14448,Tata Consultancy Services,INV-58140,580889.16,2025-04-10,Ananya Iyer,none
PAY-11110,Bajaj Auto,INV-30446,585309.17,2025-03-03,Rahul Sharma,none
PAY-13961,Dr Reddys Laboratories,INV-64461,687920.73,2025-11-14,Sneha Patel,none
PAY-10592,Tata Consultancy Services,INV-50405,336328.22,2025-05-19,Rahul Sharma,none
PAY-11696,Tata Consultancy Services,INV-42189,598798.35,2025-06-08,Ananya Iyer,none
PAY-13451,BPCL Supplies,INV-52452,299675.59,2025-06-17,Priya Nair,none
PAY-12937,JSW Steel,INV-86864,25037.72,2025-11-08,Sneha Patel,none
PAY-14205,Kotak Services,INV-22180,458479.42,2025-02-28,Sneha Patel,none
PAY-13412,Havells India,INV-92862,116291.03,2025-07-07,Rahul Sharma,none
PAY-11577,Coal India Logistics,INV-38883,337249.65,2025-02-17,Vikram Malhotra,none
PAY-13955,Cipla Healthcare,INV-82423,541613.12,2025-09-26,Rahul Sharma,none
PAY-10214,Sun Pharma Logistics,INV-76550,204043.63,2025-01-02,Vikram Malhotra,none
PAY-10779,Kotak Services,INV-10089,252141.83,2025-11-11,Sneha Patel,none
PAY-11416,Kotak Services,INV-20494,110855.17,2025-09-27,Vikram Malhotra,none
PAY-13760,Tech Mahindra,INV-25187,642149.24,2025-07-19,Priya Nair,none
PAY-12044,Power Grid Corporation,INV-11447,133010.16,2025-07-30,Ananya Iyer,none
PAY-12849,Larsen & Toubro,INV-71668,54950.77,2025-01-03,Vikram Malhotra,none
PAY-14538,Larsen & Toubro,INV-14119,659323.72,2025-08-08,Rahul Sharma,none
PAY-13506,NTPC Solutions,INV-31482,283084.26,2025-07-10,Priya Nair,none
PAY-13814,Blue Dart Express,INV-85803,219308.75,2025-05-08,Priya Nair,none
PAY-11568,NTPC Solutions,INV-14546,500837.19,2025-06-26,Sneha Patel,none
PAY-10166,Reliance Industries,INV-35242,240083.22,2025-10-02,Sneha Patel,none
PAY-14715,ITC Limited,INV-60510,135013.51,2025-12-05,Rahul Sharma,none
PAY-14273,Hero MotoCorp,INV-75130,697299.47,2025-07-22,Priya Nair,none
PAY-14927,Infosys Limited,INV-69126,271651.12,2025-08-10,Ananya Iyer,none
PAY-11344,Asian Paints,INV-64257,696203.53,2025-01-29,Priya Nair,none
PAY-12014,Asian Paints,INV-77143,467738.74,2025-08-07,Ananya Iyer,none
PAY-10274,Godrej Consumer,INV-32871,86895.13,2025-01-14,Sneha Patel,none
PAY-10072,HCL Technologies,INV-67433,626139.99,2025-12-27,Vikram Malhotra,none
PAY-13888,Tata Motors,INV-27723,44359.62,2025-04-03,Priya Nair,none
PAY-11088,Tech Mahindra,INV-35525,30038.97,2025-11-03,Priya Nair,none
PAY-10395,Godrej Consumer,INV-20828,546675.59,2025-02-10,Ananya Iyer,none
PAY-10584,Power Grid Corporation,INV-55332,45003.84,2025-08-12,Sneha Patel,none
PAY-11368,Hindalco Industries,INV-42089,132599.86,2025-06-09,Priya Nair,none
PAY-14988,Mahindra & Mahindra,INV9759,251733.51,2025-07-21,Rahul Sharma,typo
PAY-14089,Mahindra & Mahindra,INV-59866,586284.71,2025-11-11,Rahul Sharma,none
PAY-12549,Infosys Limited,INV-67847,208078.71,2025-02-20,Rahul Sharma,none
PAY-11014,Tech Mahindra,INV-98039,55185.25,2025-02-20,Sneha Patel,none
PAY-14898,Blue Dart Express,INV-75251,226699.64,2025-09-29,Vikram Malhotra,exact
PAY-13004,Coal India Logistics,INV-42760,129011.86,2025-11-17,Ananya Iyer,none
PAY-14789,Blue Dart Express,INV-81046,415293.9,2025-01-25,Sneha Patel,none
PAY-14408,Hero MotoCorp,INV-80134,659861.1,2025-12-19,Rahul Sharma,none
PAY-13533,Infosys Limited,INV-75535,243125.73,2025-01-16,Vikram Malhotra,none
PAY-11764,Asian Paints,INV-74616,88805.71,2025-03-17,Rahul Sharma,none
PAY-11876,Dr Reddys Laboratories,INV-64646,618739.81,2025-03-15,Priya Nair,none
PAY-11260,Infosys Limited,INV-43483,131888.14,2025-05-26,Sneha Patel,none
PAY-14531,Infosys Limited,INV-67417,215477.06,2025-09-10,Rahul Sharma,none
PAY-12254,Tata Motors,INV-26343,307076.23,2025-11-12,Sneha Patel,none
PAY-12782,UltraTech Cement,INV-23164,699614.16,2025-09-24,Vikram Malhotra,none
PAY-13593,Hero MotoCorp,INV-53908,390665.46,2025-07-30,Vikram Malhotra,none
PAY-10527,Infosys Limited,INV-96533,317334.25,2025-01-09,Sneha Patel,none
PAY-14264,UltraTech Cement,INV-65779,79624.54,2025-06-19,Priya Nair,none
PAY-12947,HCL Technologies,INV-51815,100910.94,2025-09-17,Ananya Iyer,none
PAY-10378,Tata Motors,INV-28818,221997.63,2025-01-01,Priya Nair,none
PAY-11560,Kotak Services,INV-87772,501062.23,2025-09-29,Priya Nair,none
PAY-13821,Mahindra & Mahindra,INV-24760,433058.17,2025-11-30,Sneha Patel,none
PAY-11964,Tech Mahindra,INV-90050,471507.98,2025-02-03,Rahul Sharma,none
PAY-14733,ITC Limited,INV-20473,599427.96,2025-04-05,Sneha Patel,none
PAY-10349,Tata Consultancy Services,INV-57526,235105.22,2025-04-20,Vikram Malhotra,none
PAY-12435,HCL Technologies,INV-17044,73868.74,2025-08-08,Vikram Malhotra,none
PAY-12247,Mahindra & Mahindra,INV-66068,392843.02,2025-04-28,Vikram Malhotra,none
PAY-14167,Titan Company,INV-96203,417580.83,2025-02-22,Ananya Iyer,none
PAY-11710,NTPC Solutions,INV-59113,526215.21,2025-02-27,Vikram Malhotra,none
PAY-11051,HCL Technologies,INV-27658,474007.62,2025-01-21,Priya Nair,none
PAY-10591,Dr Reddys Laboratories,INV-61068,240925.28,2025-02-24,Rahul Sharma,none
PAY-10520,Bajaj Auto,INV-60132,339160.16,2025-07-13,Ananya Iyer,none
PAY-14753,Hindalco Industries,INV-65918,464261.73,2025-08-26,Ananya Iyer,none
PAY-14309,NTPC Solutions,INV-39377,253313.65,2025-07-13,Vikram Malhotra,none
PAY-12478,Dr Reddys Laboratories,INV-59559,578941.73,2025-12-04,Rahul Sharma,none
PAY-11084,ITC Limited,INV-58606,64629.6,2025-01-20,Ananya Iyer,none
PAY-13589,Coal India Logistics,INV-92754,51886.11,2025-11-19,Vikram Malhotra,none
PAY-14779,Tech Mahindra,INV-46456,427180.32,2025-06-05,Ananya Iyer,none
PAY-14510,Godrej Consumer,INV-39864,290055.68,2025-11-19,Vikram Malhotra,none
PAY-11295,NTPC Solutions,INV-78843,482838.4,2025-12-27,Rahul Sharma,none
PAY-11810,Kotak Services,INV-65296,21253.54,2025-03-27,Sneha Patel,none
PAY-10792,Bajaj Auto,INV-51879,130076.13,2025-02-15,Vikram Malhotra,none
PAY-10793,Asian Paints,INV-11493,202583.27,2025-05-08,Rahul Sharma,none
PAY-14115,Tata Consultancy Services,INV-89938,243728.85,2025-09-07,Vikram Malhotra,none
PAY-11856,Coal India Logistics,INV-91027,490767.63,2025-12-24,Vikram Malhotra,none
PAY-14758,HCL Technologies,INV-79339,125021.2,2025-07-31,Sneha Patel,none
PAY-11981,Godrej Consumer,INV-18965,259456.18,2025-12-08,Ananya Iyer,none
PAY-13234,Sun Pharma Logistics,INV-42361,597690.02,2025-10-24,Sneha Patel,none
PAY-13909,Tata Consultancy Services,INV-15786,451412.68,2025-01-02,Vikram Malhotra,none
PAY-14985,Titan Company,INV-5749,170334.31,2025-02-01,Priya Nair,none
PAY-13329,Kotak Services,INV-30072,343396.28,2025-07-04,Sneha Patel,none
PAY-11531,Asian Paints,INV-74918,184181.06,2025-10-13,Rahul Sharma,none
PAY-11411,UltraTech Cement,INV-82358,615953.21,2025-07-16,Vikram Malhotra,none
PAY-14295,Power Grid Corporation,INV-77258,554396.95,2025-04-30,Priya Nair,none
PAY-14649,Coal India Logistics,INV-28690,245706.9,2025-07-10,Priya Nair,none
PAY-10084,Marico Limited,INV-15229,674698.85,2025-04-18,Sneha Patel,none
PAY-10869,Dr Reddys Laboratories,INV-83273,573374.07,2025-04-04,Vikram Malhotra,none
PAY-12351,HCL Technologies,INV-24435,172269.23,2025-05-25,Vikram Malhotra,none
PAY-10021,Bharti Airtel,INV-95909,376927.29,2025-11-26,Ananya Iyer,none
PAY-13425,Bajaj Auto,INV-84098,727970.88,2025-02-02,Rahul Sharma,none
PAY-12796,Reliance Industries,INV-33094,351228.27,2025-06-13,Rahul Sharma,none
PAY-14573,Tata Motors,INV-88097,98931.34,2025-08-16,Rahul Sharma,none
PAY-11563,Cipla Healthcare,INV-16202,115512.06,2025-05-26,Ananya Iyer,none
PAY-13094,Reliance Industries,INV-94179,311030.32,2025-07-22,Ananya Iyer,none
PAY-13156,Asian Paints,INV-38159,342629.23,2025-05-15,Priya Nair,none
PAY-10974,HCL Technologies,INV-32779,552634.22,2025-03-03,Ananya Iyer,none
PAY-11711,NTPC Solutions,INV-65545,358766.32,2025-05-07,Vikram Malhotra,none
PAY-13202,BPCL Supplies,INV-67703,639913.61,2025-10-21,Priya Nair,none
PAY-14372,Wipro Technologies,INV-61136,25672.93,2025-02-10,Sneha Patel,none
PAY-14820,Tech Mahindra,INV-16831,661404.63,2025-01-30,Ananya Iyer,none
PAY-11099,Mahindra & Mahindra,INV-68034,724711.31,2025-10-16,Ananya Iyer,none
PAY-14162,JSW Steel,INV-69772,136821.17,2025-04-03,Vikram Malhotra,none
PAY-12845,Tech Mahindra,INV-78583,515342.79,2025-11-11,Vikram Malhotra,none
PAY-10887,Tech Mahindra,INV-48119,344665.1,2025-09-24,Priya Nair,none
PAY-14932,Marico Limited,INV-98234,396905.85,2025-04-17,Ananya Iyer,likely
PAY-13679,Asian Paints,INV-55472,468220.64,2025-05-26,Vikram Malhotra,none
PAY-14581,NTPC Solutions,INV-20689,549095.87,2025-06-10,Priya Nair,none
PAY-13567,Power Grid Corporation,INV-97282,203086.2,2025-09-29,Rahul Sharma,none
PAY-14402,Havells India,INV-40083,661416.95,2025-01-07,Rahul Sharma,none
PAY-10516,Dr Reddys Laboratories,INV-12853,299981.79,2025-01-02,Sneha Patel,none
PAY-14621,Coal India Logistics,INV-34715,539373.4,2025-10-18,Ananya Iyer,none
PAY-10738,UltraTech Cement,INV-74491,721082.87,2025-03-14,Vikram Malhotra,none
PAY-11454,Godrej Consumer,INV-34217,672521.21,2025-12-23,Sneha Patel,none
PAY-13972,BPCL Supplies,INV-12785,584623.74,2025-06-22,Sneha Patel,none
PAY-14701,Larsen & Toubro,INV-37501,734860.15,2025-04-21,Sneha Patel,none
PAY-12507,Tata Consultancy Services,INV-51758,517777.85,2025-06-18,Sneha Patel,none
PAY-12995,JSW Steel,INV-92984,572506.08,2025-06-12,Priya Nair,none
PAY-12127,Hindalco Industries,INV-96848,631929.35,2025-01-07,Rahul Sharma,none
PAY-12927,Godrej Consumer,INV-55364,346741.57,2025-03-26,Ananya Iyer,none
PAY-14746,Asian Paints,INV-61857,233096.91,2025-10-06,Ananya Iyer,none
PAY-10907,Marico Limited,INV-43540,485030.91,2025-08-22,Vikram Malhotra,none
PAY-13648,Tata Motors,INV-20098,55199.67,2025-02-21,Vikram Malhotra,none
PAY-11031,Asian Paints,INV-75683,385256.94,2025-07-23,Vikram Malhotra,none
PAY-12508,Asian Paints,INV-84379,597453.37,2025-04-30,Priya Nair,none
PAY-12429,Sun Pharma Logistics,INV-84475,28335.82,2025-11-04,Ananya Iyer,none
PAY-10948,Larsen & Toubro,INV-75382,8231.53,2025-01-25,Priya Nair,none
PAY-13807,Sun Pharma Logistics,INV-32069,142921.26,2025-10-19,Rahul Sharma,none
PAY-14755,Larsen & Toubro,INV-84620,523479.35,2025-04-25,Vikram Malhotra,none
PAY-10716,HCL Technologies,INV-75065,714997.07,2025-09-25,Priya Nair,none
PAY-14056,Wipro Technologies,INV-11836,626298.61,2025-11-24,Rahul Sharma,none
PAY-10687,Hero MotoCorp,INV-25806,741175.41,2025-08-05,Sneha Patel,none
PAY-10704,Bajaj Auto,INV-81612,513791.83,2025-08-30,Rahul Sharma,none
PAY-13342,UltraTech Cement,INV-16669,153560.26,2025-06-22,Priya Nair,none
PAY-12354,Power Grid Corporation,INV-53888,451710.56,2025-12-14,Ananya Iyer,none
PAY-12258,JSW Steel,INV-78618,678329.97,2025-03-31,Rahul Sharma,none
PAY-13552,Sun Pharma Logistics,INV-99526,439759.51,2025-09-10,Sneha Patel,none
PAY-10474,Tata Motors,INV-37168,519228.73,2025-09-08,Vikram Malhotra,none
PAY-10022,Larsen & Toubro,INV-44718,109024.59,2025-10-15,Priya Nair,none
PAY-12753,Marico Limited,INV-65359,269003.99,2025-07-25,Priya Nair,none
PAY-10886,Power Grid Corporation,INV-87158,233055.74,2025-02-03,Rahul Sharma,none
PAY-12449,BPCL Supplies,INV-69768,313470.03,2025-06-30,Vikram Malhotra,none
PAY-10918,HCL Technologies,INV-90127,287914.33,2025-07-03,Priya Nair,none
PAY-13758,Havells India,INV-93888,592055.41,2025-11-04,Rahul Sharma,none
PAY-13752,ITC Limited,INV-68886,202201.88,2025-11-30,Rahul Sharma,none
PAY-12240,Bajaj Auto,INV-98842,726160.21,2025-09-30,Priya Nair,none
PAY-13845,Tata Consultancy Services,INV-52909,577527.38,2025-10-11,Ananya Iyer,none
PAY-13396,Tata Motors,INV-19932,145207.89,2025-06-14,Sneha Patel,none
PAY-11266,Wipro Technologies,INV-34434,153162.02,2025-08-23,Priya Nair,none
PAY-10484,Tata Motors,INV-71918,79905.95,2025-03-12,Rahul Sharma,none
PAY-14338,Asian Paints,INV-82240,113367.84,2025-05-20,Rahul Sharma,none
PAY-12964,ITC Limited,INV-78623,428955.87,2025-01-21,Rahul Sharma,none
PAY-11220,Havells India,INV-58722,312195.75,2025-11-21,Ananya Iyer,none
PAY-10278,Asian Paints,INV-57453,387362.28,2025-02-25,Ananya Iyer,none
PAY-10989,Godrej Consumer,INV-76680,336939.89,2025-01-23,Vikram Malhotra,none
PAY-12085,BPCL Supplies,INV-91777,279890.07,2025-02-04,Sneha Patel,none
PAY-11246,NTPC Solutions,INV-90739,747823.68,2025-09-26,Sneha Patel,none
PAY-12383,Hero MotoCorp,INV-65524,511528.14,2025-08-21,Priya Nair,none
PAY-10572,Hindalco Industries,INV-41877,742723.61,2025-04-26,Vikram Malhotra,none
PAY-11436,BPCL Supplies,INV-44654,567835.53,2025-03-01,Rahul Sharma,none
PAY-10994,NTPC Solutions,INV-67047,486688.06,2025-02-06,Sneha Patel,none
PAY-13931,Bajaj Auto,INV-79248,326012.34,2025-02-23,Vikram Malhotra,none
PAY-13448,HCL Technologies,INV-86871,100759.08,2025-01-09,Rahul Sharma,none
PAY-10586,Titan Company,INV-52778,27071.12,2025-05-20,Ananya Iyer,none
PAY-13659,Power Grid Corporation,INV-74219,509756.43,2025-07-22,Priya Nair,none
PAY-12515,Titan Company,INV-40988,434428.29,2025-05-26,Rahul Sharma,none
PAY-11350,Coal India Logistics,INV-25315,649122.3,2025-06-07,Vikram Malhotra,none
PAY-11008,Infosys Limited,INV-10659,431675.35,2025-07-21,Priya Nair,none
PAY-10675,Mahindra & Mahindra,INV-52318,622115.99,2025-06-22,Priya Nair,none
PAY-12413,Bajaj Auto,INV-56316,71475.78,2025-04-02,Ananya Iyer,none
PAY-12904,Tech Mahindra,INV-43994,524680.83,2025-05-16,Rahul Sharma,none
PAY-10448,Larsen & Toubro,INV-44664,546993.51,2025-07-26,Vikram Malhotra,none
PAY-13835,Hero MotoCorp,INV-72499,722813.59,2025-05-19,Sneha Patel,none
PAY-13759,Kotak Services,INV-86044,163993.84,2025-12-05,Priya Nair,none
PAY-13704,Cipla Healthcare,INV-51150,694962.76,2025-01-30,Ananya Iyer,none
PAY-10360,Cipla Healthcare,INV-60052,379665.49,2025-08-03,Sneha Patel,none
PAY-12065,Tata Consultancy Services,INV-42847,90438.62,2025-03-11,Vikram Malhotra,none
PAY-14450,Titan Company,INV-80031,545583.62,2025-10-17,Priya Nair,none
PAY-13811,Kotak Services,INV-81770,182244.22,2025-08-09,Sneha Patel,none
PAY-11691,Bharti Airtel,INV-57746,349552.58,2025-05-04,Sneha Patel,none
PAY-14327,Dr Reddys Laboratories,INV-63429,671359.64,2025-06-24,Sneha Patel,none
PAY-11549,Bajaj Auto,INV-69298,367239.04,2025-09-27,Rahul Sharma,none
PAY-11248,JSW Steel,INV-85499,71748.01,2025-12-10,Ananya Iyer,none
PAY-11986,Asian Paints,INV-91778,163788.19,2025-09-04,Vikram Malhotra,none
PAY-10295,Bajaj Auto,INV-23579,435549.3,2025-04-19,Sneha Patel,none
PAY-11548,JSW Steel,INV-65434,211473.27,2025-02-02,Vikram Malhotra,none
PAY-12013,Asian Paints,INV-78002,266923.34,2025-10-26,Rahul Sharma,none
PAY-10589,Cipla Healthcare,INV-91083,225057.71,2025-05-07,Rahul Sharma,none
PAY-13330,Larsen & Toubro,INV-47599,479634.44,2025-03-31,Ananya Iyer,none
PAY-12404,Godrej Consumer,INV-99320,492394.01,2025-03-24,Priya Nair,none
PAY-12130,Blue Dart Express,INV-34749,657624.59,2025-03-26,Ananya Iyer,none
PAY-14389,Mahindra & Mahindra,INV-50042,491351.83,2025-05-27,Ananya Iyer,none
PAY-12411,Havells India,INV-21425,376689.63,2025-08-21,Vikram Malhotra,none
PAY-12720,Larsen & Toubro,INV-90995,493703.72,2025-04-30,Rahul Sharma,none
PAY-10426,Havells India,INV-20336,191700.96,2025-11-22,Priya Nair,none
PAY-12583,Hero MotoCorp,INV-90264,96606.14,2025-08-21,Priya Nair,none
PAY-11055,Asian Paints,INV-89498,744617.99,2025-09-04,Sneha Patel,none
PAY-13967,Larsen & Toubro,INV-63382,150055.92,2025-03-22,Sneha Patel,none
PAY-14563,Mahindra & Mahindra,INV-41847,15388.65,2025-03-01,Rahul Sharma,none
PAY-10557,NTPC Solutions,INV-95800,707881.09,2025-06-22,Vikram Malhotra,none
PAY-14359,Godrej Consumer,INV-67121,200287.44,2025-01-08,Vikram Malhotra,none
PAY-13939,Hero MotoCorp,INV-79514,381386.17,2025-01-12,Sneha Patel,none
PAY-14713,ITC Limited,INV-83254,712584.53,2025-03-04,Priya Nair,none
PAY-12470,Reliance Industries,INV-26558,380671.5,2025-11-20,Priya Nair,none
PAY-14711,Titan Company,INV-99610,595772.18,2025-05-22,Rahul Sharma,none
PAY-10356,Bajaj Auto,INV-98652,541091.33,2025-08-16,Priya Nair,none
PAY-11194,Dr Reddys Laboratories,INV-71393,210116.72,2025-11-03,Priya Nair,none
PAY-11717,Titan Company,INV-11031,682792.88,2025-07-21,Vikram Malhotra,none
PAY-13417,ITC Limited,INV-34896,367468.4,2025-09-13,Ananya Iyer,none
PAY-12605,Wipro Technologies,INV-28426,463330.37,2025-06-04,Sneha Patel,none
PAY-14130,NTPC Solutions,INV-17882,455778.47,2025-03-09,Ananya Iyer,none
PAY-12829,NTPC Solutions,INV-32184,159722.95,2025-09-08,Priya Nair,none
PAY-11705,Mahindra & Mahindra,INV-75070,664000.82,2025-05-02,Priya Nair,none
PAY-12864,Power Grid Corporation,INV-67630,321927.27,2025-08-30,Vikram Malhotra,none
PAY-12619,Titan Company,INV-17294,694903.11,2025-06-03,Ananya Iyer,none
PAY-12401,Power Grid Corporation,INV-29685,22645.56,2025-07-15,Ananya Iyer,none
PAY-12140,Bharti Airtel,INV-17730,563687.22,2025-04-09,Vikram Malhotra,none
PAY-13240,BPCL Supplies,INV-17542,672402.02,2025-09-02,Sneha Patel,none
PAY-12384,Tata Motors,INV-43823,689766.92,2025-09-14,Vikram Malhotra,none
PAY-13219,Tata Motors,INV-19952,152971.61,2025-02-16,Priya Nair,none
PAY-13936,NTPC Solutions,INV-99546,144281.71,2025-04-09,Rahul Sharma,none
PAY-11286,Bajaj Auto,INV-20417,517665.26,2025-09-02,Sneha Patel,none
PAY-13797,Hindalco Industries,INV-37827,438760.01,2025-02-10,Sneha Patel,none
PAY-14895,Hero MotoCorp,INV-98305,10470.4,2025-07-18,Priya Nair,none
PAY-14469,Larsen & Toubro,INV-89057,707553.72,2025-06-21,Priya Nair,none
PAY-12088,Mahindra & Mahindra,INV-22418,451901.02,2025-11-20,Ananya Iyer,none
PAY-11890,JSW Steel,INV-68861,115992.03,2025-06-16,Rahul Sharma,none
PAY-14623,HCL Technologies,INV-69456,146380.69,2025-03-28,Ananya Iyer,none
PAY-11592,HCL Technologies,INV-60039,220650.06,2025-09-09,Rahul Sharma,none
PAY-11347,Godrej Consumer,INV-56346,54328.72,2025-03-18,Vikram Malhotra,none
PAY-14432,Hero MotoCorp,INV-48728,146066.37,2025-07-16,Rahul Sharma,none
PAY-12163,Havells India,INV-71184,130199.37,2025-08-17,Rahul Sharma,none
PAY-12397,Infosys Limited,INV-51232,74442.15,2025-06-08,Rahul Sharma,none
PAY-14769,Power Grid Corporation,INV-98607,628394.78,2025-12-25,Priya Nair,none
PAY-12272,UltraTech Cement,INV-33878,404638.4,2025-05-18,Rahul Sharma,none
PAY-14491,JSW Steel,INV-11927,8429.61,2025-09-05,Vikram Malhotra,none
PAY-13112,NTPC Solutions,INV-55681,716222.14,2025-06-17,Vikram Malhotra,none
PAY-11138,UltraTech Cement,INV-92742,461171.05,2025-07-27,Rahul Sharma,none
PAY-13896,Wipro Technologies,INV-52184,348369.91,2025-12-15,Vikram Malhotra,none
PAY-10973,Cipla Healthcare,INV-35362,224162.4,2025-04-01,Rahul Sharma,none
PAY-10796,Kotak Services,INV-59638,266667.22,2025-07-12,Rahul Sharma,none
PAY-13021,JSW Steel,INV-54542,110752.82,2025-05-05,Ananya Iyer,none
PAY-11712,Marico Limited,INV-28993,275433.52,2025-07-08,Vikram Malhotra,none
PAY-13388,HCL Technologies,INV-22019,540099.53,2025-02-16,Rahul Sharma,none
PAY-10037,Wipro Technologies,INV-73699,612937.32,2025-09-30,Sneha Patel,none
PAY-10454,Bharti Airtel,INV-88966,384296.27,2025-09-14,Rahul Sharma,none
PAY-10914,Asian Paints,INV-45629,627602.72,2025-12-20,Ananya Iyer,none
PAY-14082,Power Grid Corporation,INV-48255,488036.14,2025-06-02,Priya Nair,none
PAY-11200,Bharti Airtel,INV-78690,514002.02,2025-10-10,Sneha Patel,none
PAY-11275,Hindalco Industries,INV-30021,322716.42,2025-06-09,Priya Nair,none
PAY-12376,Larsen & Toubro,INV-57873,110251.73,2025-05-06,Rahul Sharma,none
PAY-10038,Larsen & Toubro,INV-96474,359085.37,2025-10-09,Sneha Patel,none
PAY-10975,Infosys Limited,INV-66165,212938.62,2025-05-16,Sneha Patel,none
PAY-13196,Hindalco Industries,INV-66854,500893.22,2025-02-23,Ananya Iyer,none
PAY-10984,Kotak Services,INV-83575,618647.86,2025-11-29,Rahul Sharma,none
PAY-13905,Hero MotoCorp,INV-29391,452259.48,2025-10-23,Priya Nair,none
PAY-14070,JSW Steel,INV-32405,139434.49,2025-11-19,Vikram Malhotra,none
PAY-11419,JSW Steel,INV-93058,406701.92,2025-10-24,Vikram Malhotra,none
PAY-13333,Tata Motors,INV-80975,639504.32,2025-07-25,Sneha Patel,none
PAY-11561,Asian Paints,INV-70031,231541.34,2025-03-09,Vikram Malhotra,none
PAY-10040,Blue Dart Express,INV-80686,567672.57,2025-12-20,Sneha Patel,none
PAY-11487,Asian Paints,INV-90114,132163.59,2025-10-30,Rahul Sharma,none
PAY-13884,Titan Company,INV-48736,284766.97,2025-10-02,Ananya Iyer,none
PAY-10170,Tata Motors,INV-80010,99304.31,2025-01-24,Rahul Sharma,none
PAY-11356,Sun Pharma Logistics,INV-73369,550668.59,2025-09-26,Vikram Malhotra,none
PAY-12786,Larsen & Toubro,INV-73505,611332.29,2025-09-12,Vikram Malhotra,none
PAY-13633,ITC Limited,INV-94603,524697.78,2025-08-20,Rahul Sharma,none
PAY-14749,Hero MotoCorp,INV-36385,292314.41,2025-06-27,Ananya Iyer,none
PAY-14005,Titan Company,INV-93917,92698.92,2025-08-02,Rahul Sharma,none
PAY-12683,HCL Technologies,INV-47040,37570.97,2025-06-29,Priya Nair,none
PAY-14705,Larsen & Toubro,INV-97163,743155.25,2025-11-20,Sneha Patel,none
PAY-14026,Sun Pharma Logistics,INV-13340,40697.53,2025-02-03,Ananya Iyer,none
PAY-11641,HCL Technologies,INV-11675,749048.88,2025-09-09,Rahul Sharma,none
PAY-11291,Wipro Technologies,INV-33209,695691.89,2025-08-13,Priya Nair,none
PAY-11381,Reliance Industries,INV-63174,614076.9,2025-02-24,Vikram Malhotra,none
PAY-11934,JSW Steel,INV-26176,267981.08,2025-07-12,Priya Nair,none
PAY-10580,HCL Technologies,INV-51220,16665.28,2025-04-17,Priya Nair,none
PAY-14221,Coal India Logistics,INV-47580,284804.82,2025-01-09,Priya Nair,none
PAY-13161,Godrej Consumer,INV-57896,322753.32,2025-01-14,Priya Nair,none
PAY-12031,Bajaj Auto,INV-28212,435243.79,2025-03-07,Vikram Malhotra,none
PAY-10893,Cipla Healthcare,INV-80088,469235.41,2025-11-01,Rahul Sharma,none
PAY-13952,Infosys Limited,INV-63300,641836.08,2025-02-09,Rahul Sharma,none
PAY-10781,Infosys Limited,INV-12872,115045.45,2025-12-27,Sneha Patel,none
PAY-10160,ITC Limited,INV-63271,368990.5,2025-05-04,Ananya Iyer,none
PAY-10003,Wipro Technologies,INV-87397,319331.76,2025-01-16,Rahul Sharma,none
PAY-12264,Blue Dart Express,INV-94275,389069.11,2025-01-19,Ananya Iyer,none
PAY-13217,Reliance Industries,INV-34876,438475.89,2025-09-17,Priya Nair,none
PAY-12110,Titan Company,INV-31989,355681.55,2025-08-05,Priya Nair,none
PAY-10850,Cipla Healthcare,INV-38091,643547.83,2025-11-28,Sneha Patel,none
PAY-12738,Power Grid Corporation,INV-67805,241119.82,2025-04-10,Priya Nair,none
PAY-12467,Coal India Logistics,INV-94467,298021.72,2025-01-27,Priya Nair,none
PAY-13651,Blue Dart Express,INV-34485,188006.67,2025-01-05,Vikram Malhotra,none
PAY-11597,HCL Technologies,INV-74472,680560.93,2025-11-27,Sneha Patel,none
PAY-11777,Titan Company,INV-22130,302149.58,2025-04-02,Sneha Patel,none
PAY-11914,ITC Limited,INV-82706,490405.43,2025-03-06,Vikram Malhotra,none
PAY-11044,Godrej Consumer,INV-73191,665943.1,2025-01-04,Priya Nair,none
PAY-14714,Sun Pharma Logistics,INV-29463,15096.28,2025-12-04,Rahul Sharma,none
PAY-11545,NTPC Solutions,INV-36832,108112.33,2025-06-21,Sneha Patel,none
PAY-12737,Godrej Consumer,INV-16741,457291.0,2025-12-04,Priya Nair,none
PAY-13707,Marico Limited,INV-74469,696237.46,2025-07-22,Priya Nair,none
PAY-14618,Bajaj Auto,INV-57404,50031.2,2025-10-25,Vikram Malhotra,none
PAY-10054,Godrej Consumer,INV-82132,77942.0,2025-11-30,Priya Nair,none
PAY-11797,Sun Pharma Logistics,INV-86966,544450.54,2025-12-10,Ananya Iyer,none
PAY-11912,UltraTech Cement,INV-18579,365707.77,2025-07-28,Sneha Patel,none
PAY-12307,NTPC Solutions,INV-30142,37639.27,2025-04-09,Ananya Iyer,none
PAY-12554,Reliance Industries,INV-16964,671818.55,2025-10-22,Vikram Malhotra,none
PAY-12801,Titan Company,INV-67927,321773.46,2025-05-14,Rahul Sharma,none
PAY-14087,Titan Company,INV-68665,295919.66,2025-04-11,Priya Nair,none
PAY-14128,Infosys Limited,INV-56381,137106.94,2025-07-16,Priya Nair,none
PAY-10825,Sun Pharma Logistics,INV-18783,69835.44,2025-10-12,Ananya Iyer,none
PAY-14734,Asian Paints,INV-95463,295105.57,2025-01-15,Ananya Iyer,none
PAY-13179,Titan Company,INV-87518,149061.62,2025-06-29,Rahul Sharma,none
PAY-13402,Bajaj Auto,INV-17917,466784.81,2025-08-09,Rahul Sharma,none
PAY-11390,HCL Technologies,INV-50374,717133.17,2025-02-05,Priya Nair,none
PAY-13565,Bharti Airtel,INV-29318,228755.61,2025-12-26,Ananya Iyer,none
PAY-14877,Dr Reddys Laboratories,INV-48883,335399.35,2025-04-03,Ananya Iyer,none
PAY-10885,ITC Limited,INV-55134,237508.73,2025-02-22,Ananya Iyer,none
PAY-13806,HCL Technologies,INV-87444,705044.59,2025-05-07,Rahul Sharma,none
PAY-11608,Mahindra & Mahindra,INV-99842,524985.8,2025-07-05,Rahul Sharma,none
PAY-11595,Mahindra & Mahindra,INV-49343,717239.81,2025-11-22,Ananya Iyer,none
PAY-10772,ITC Limited,INV-96096,184658.83,2025-10-01,Rahul Sharma,none
PAY-12612,JSW Steel,INV-76954,555825.75,2025-01-28,Sneha Patel,none
PAY-14662,Blue Dart Express,INV-83004,214234.23,2025-03-22,Sneha Patel,none
PAY-12274,Bajaj Auto,INV-66880,9328.61,2025-12-30,Sneha Patel,none
PAY-11869,Tata Motors,INV-59501,392151.65,2025-05-07,Rahul Sharma,none
PAY-11086,Tata Motors,INV-88311,47809.96,2025-03-31,Ananya Iyer,none
PAY-10011,NTPC Solutions,INV-48427,622906.47,2025-11-13,Vikram Malhotra,none
PAY-13612,Infosys Limited,INV-11291,88016.87,2025-11-16,Vikram Malhotra,none
PAY-11326,Wipro Technologies,INV-48382,355758.55,2025-03-04,Vikram Malhotra,none
PAY-13391,Hero MotoCorp,INV-35860,532637.03,2025-09-11,Priya Nair,none
PAY-11464,Cipla Healthcare,INV-68442,18979.77,2025-09-12,Sneha Patel,none
PAY-10807,Infosys Limited,INV-57294,7842.6,2025-02-14,Vikram Malhotra,none
PAY-14261,Hero MotoCorp,INV-29518,63805.39,2025-10-27,Rahul Sharma,none
PAY-13986,Tech Mahindra,INV-41119,360280.73,2025-12-08,Priya Nair,none
PAY-13772,Godrej Consumer,INV-22062,268163.92,2025-07-18,Sneha Patel,none
PAY-12109,Mahindra & Mahindra,INV-73068,64611.9,2025-07-04,Ananya Iyer,none
PAY-14236,Sun Pharma Logistics,INV-44217,714921.27,2025-03-23,Rahul Sharma,none
PAY-14957,Bajaj Auto,INV-62330,198391.38,2025-03-29,Vikram Malhotra,none
PAY-12235,Mahindra & Mahindra,INV-11292,77970.41,2025-04-24,Ananya Iyer,none
PAY-13212,Dr Reddys Laboratories,INV-39828,240817.94,2025-06-06,Rahul Sharma,none
PAY-10964,JSW Steel,INV-42841,114089.15,2025-02-01,Vikram Malhotra,none
PAY-13416,Titan Company,INV-30750,231123.99,2025-10-09,Vikram Malhotra,none
PAY-13754,Titan Company,INV-44782,8192.34,2025-04-28,Rahul Sharma,none
PAY-10399,Asian Paints,INV-15551,546476.72,2025-06-30,Priya Nair,none
PAY-12633,Bajaj Auto,INV-95974,540810.79,2025-06-23,Ananya Iyer,none
PAY-14852,JSW Steel,INV-10197,166909.05,2025-07-02,Priya Nair,none
PAY-12997,Cipla Healthcare,INV-70806,218281.15,2025-08-19,Sneha Patel,none
PAY-10705,Tata Consultancy Services,INV-86986,55311.76,2025-05-15,Sneha Patel,none
PAY-10432,Cipla Healthcare,INV-84991,315357.15,2025-11-24,Rahul Sharma,none
PAY-10293,Sun Pharma Logistics,INV-97819,96062.31,2025-07-01,Ananya Iyer,none
PAY-14868,Tata Consultancy Services,INV-64835,49471.17,2025-07-26,Rahul Sharma,exact
PAY-10146,JSW Steel,INV-59192,300507.56,2025-04-12,Rahul Sharma,none
PAY-14394,ITC Limited,INV-97097,223635.02,2025-11-25,Sneha Patel,none
PAY-12034,Cipla Healthcare,INV-80464,228229.72,2025-10-28,Rahul Sharma,none
PAY-14284,Tata Consultancy Services,INV-38094,353115.01,2025-09-21,Ananya Iyer,none
PAY-11166,Bharti Airtel,INV-18973,140893.35,2025-05-29,Rahul Sharma,none
PAY-13501,Godrej Consumer,INV-45033,23187.59,2025-05-20,Sneha Patel,none
PAY-12051,Hero MotoCorp,INV-62328,455612.21,2025-05-07,Priya Nair,none
PAY-12625,Hindalco Industries,INV-74613,278667.86,2025-05-21,Ananya Iyer,none
PAY-14379,Asian Paints,INV-27682,745690.94,2025-07-29,Vikram Malhotra,none
PAY-10340,Bajaj Auto,INV-47079,293625.34,2025-06-23,Priya Nair,none
PAY-13880,Marico Limited,INV-69382,122260.88,2025-11-01,Priya Nair,none
PAY-14633,ITC Limited,INV-36347,421980.69,2025-05-03,Sneha Patel,none
PAY-12974,Blue Dart Express,INV-33758,510265.15,2025-05-20,Rahul Sharma,none
PAY-10266,NTPC Solutions,INV-94518,272212.01,2025-07-23,Vikram Malhotra,none
PAY-12425,Cipla Healthcare,INV-66769,153605.89,2025-06-18,Rahul Sharma,none
PAY-11263,Havells India,INV-24141,19213.35,2025-11-29,Ananya Iyer,none
PAY-11772,Larsen & Toubro,INV-13784,65392.11,2025-12-29,Ananya Iyer,none
PAY-13512,BPCL Supplies,INV-71152,340822.71,2025-10-04,Sneha Patel,none
PAY-10272,Cipla Healthcare,INV-29340,592539.6,2025-11-02,Rahul Sharma,none
PAY-10697,ITC Limited,INV-82534,452744.3,2025-11-08,Vikram Malhotra,none
PAY-10748,Tech Mahindra,INV-70731,202430.91,2025-03-03,Rahul Sharma,none
PAY-10245,Mahindra & Mahindra,INV-98835,567905.11,2025-12-04,Sneha Patel,none
PAY-10318,Tata Motors,INV-93904,316182.0,2025-02-28,Ananya Iyer,none
PAY-10477,Hero MotoCorp,INV-55237,716183.6,2025-03-16,Vikram Malhotra,none
PAY-12033,Sun Pharma Logistics,INV-39555,317264.75,2025-12-18,Ananya Iyer,none
PAY-10958,Power Grid Corporation,INV-81105,522262.42,2025-06-15,Rahul Sharma,none
PAY-13817,Bharti Airtel,INV-43152,520018.47,2025-10-23,Sneha Patel,none
PAY-10814,Asian Paints,INV-44524,173550.5,2025-05-18,Priya Nair,none
PAY-14533,Coal India Logistics,INV-82187,41890.52,2025-07-01,Priya Nair,none
PAY-11915,Hindalco Industries,INV-63313,337256.78,2025-11-22,Priya Nair,none
PAY-14603,Mahindra & Mahindra,INV-61887,151795.88,2025-12-16,Rahul Sharma,none
PAY-13488,Tech Mahindra,INV-68334,289158.58,2025-10-18,Sneha Patel,none
PAY-11298,Titan Company,INV-77649,575044.1,2025-01-26,Sneha Patel,none
PAY-14031,BPCL Supplies,INV-28828,42472.88,2025-07-08,Sneha Patel,none
PAY-11805,Godrej Consumer,INV-49669,70288.17,2025-03-11,Rahul Sharma,none
PAY-10759,Wipro Technologies,INV-53456,96283.11,2025-08-25,Rahul Sharma,none
PAY-10251,Godrej Consumer,INV-48684,561186.72,2025-06-23,Rahul Sharma,none
PAY-12462,Bajaj Auto,INV-39351,383132.81,2025-05-18,Vikram Malhotra,none
PAY-10546,Bharti Airtel,INV-72835,160622.37,2025-06-20,Vikram Malhotra,none
PAY-13242,Mahindra & Mahindra,INV-13614,536641.08,2025-09-09,Ananya Iyer,none
PAY-10739,Wipro Technologies,INV-15754,691349.43,2025-09-24,Ananya Iyer,none
PAY-10311,Titan Company,INV-88554,45812.56,2025-04-15,Vikram Malhotra,none
PAY-13781,Bharti Airtel,INV-15500,32102.71,2025-04-07,Rahul Sharma,none
PAY-12942,BPCL Supplies,INV-33576,322154.93,2025-05-26,Vikram Malhotra,none
PAY-11132,NTPC Solutions,INV-43779,261384.51,2025-07-30,Rahul Sharma,none
PAY-11450,Infosys Limited,INV-13106,466450.93,2025-01-30,Priya Nair,none
PAY-14920,Dr Reddys Laboratories,INV-31141,274228.27,2025-04-13,Rahul Sharma,exact
PAY-10016,Coal India Logistics,INV-93227,132498.29,2025-05-06,Sneha Patel,none
PAY-13233,NTPC Solutions,INV-56802,62395.13,2025-12-21,Sneha Patel,none
PAY-12770,JSW Steel,INV-46520,110047.33,2025-04-16,Priya Nair,none
PAY-13469,Tata Motors,INV-20567,438279.5,2025-07-08,Priya Nair,none
PAY-10921,Infosys Limited,INV-18301,199901.59,2025-06-10,Rahul Sharma,none
PAY-13030,Mahindra & Mahindra,INV-93461,174798.93,2025-04-19,Priya Nair,none
PAY-11373,Coal India Logistics,INV-56612,237768.29,2025-04-12,Priya Nair,none
PAY-13588,Tata Motors,INV-74182,731543.85,2025-09-30,Priya Nair,none
PAY-12545,Marico Limited,INV-70404,144337.18,2025-01-15,Ananya Iyer,none
PAY-13599,Bharti Airtel,INV-88398,593509.04,2025-06-22,Sneha Patel,none
PAY-10039,Mahindra & Mahindra,INV-79163,654962.62,2025-08-05,Sneha Patel,none
PAY-10364,Tech Mahindra,INV-20993,573522.04,2025-05-20,Ananya Iyer,none
PAY-14102,Titan Company,INV-70383,447228.21,2025-04-11,Sneha Patel,none
PAY-10183,Tata Consultancy Services,INV-63545,340625.26,2025-11-01,Ananya Iyer,none
PAY-13034,Hindalco Industries,INV-75679,239150.69,2025-07-11,Ananya Iyer,none
PAY-12984,Wipro Technologies,INV-92756,367471.2,2025-06-26,Rahul Sharma,none
PAY-11195,HCL Technologies,INV-19027,400697.39,2025-08-19,Vikram Malhotra,none
PAY-12853,Marico Limited,INV-39626,261993.3,2025-01-08,Sneha Patel,none
PAY-14543,Cipla Healthcare,INV-41933,682430.41,2025-12-18,Priya Nair,none
PAY-11122,Bharti Airtel,INV-64931,527030.91,2025-07-10,Vikram Malhotra,none
PAY-12236,Reliance Industries,INV-26187,135919.87,2025-06-06,Priya Nair,none
PAY-12668,Kotak Services,INV-19556,605218.24,2025-10-16,Priya Nair,none
PAY-13700,Asian Paints,INV-30087,694908.47,2025-12-24,Priya Nair,none
PAY-13224,Hero MotoCorp,INV-15344,188198.18,2025-03-21,Vikram Malhotra,none
PAY-11183,HCL Technologies,INV-46188,440599.16,2025-07-22,Sneha Patel,none
PAY-14185,HCL Technologies,INV-17266,251676.75,2025-12-08,Priya Nair,none
PAY-14294,Larsen & Toubro,INV-31065,569585.34,2025-08-20,Vikram Malhotra,none
PAY-10615,Titan Company,INV-80040,382426.42,2025-12-21,Ananya Iyer,none
PAY-14909,Dr Reddys Laboratories,INV-73648,469453.84,2025-10-18,Rahul Sharma,none
PAY-11467,Tata Consultancy Services,INV-77552,532166.21,2025-09-09,Ananya Iyer,none
PAY-10402,Tata Consultancy Services,INV-28714,637258.64,2025-12-14,Ananya Iyer,none
PAY-13043,Havells India,INV-20413,727975.73,2025-01-29,Ananya Iyer,none
PAY-10935,Hero MotoCorp,INV-21913,594878.55,2025-11-13,Vikram Malhotra,none
PAY-12420,Dr Reddys Laboratories,INV-42088,526310.25,2025-10-15,Rahul Sharma,none
PAY-14861,Coal India Logistics,INV-33810,204657.87,2025-11-21,Sneha Patel,none
PAY-14911,Havells India,INV-90608,228791.62,2025-07-28,Priya Nair,none
PAY-12642,Reliance Industries,INV-32806,547481.55,2025-07-16,Ananya Iyer,none
PAY-14018,Godrej Consumer,INV-79272,238702.54,2025-06-22,Rahul Sharma,none
PAY-10727,UltraTech Cement,INV-51934,207087.18,2025-02-09,Priya Nair,none
PAY-10827,Blue Dart Express,INV-11620,590980.23,2025-11-16,Priya Nair,none
PAY-11522,Coal India Logistics,INV-30550,593212.49,2025-11-23,Priya Nair,none
PAY-14857,Tata Consultancy Services,INV-90458,165776.91,2025-01-28,Ananya Iyer,none
PAY-12931,Tata Consultancy Services,INV-72566,123700.7,2025-02-21,Ananya Iyer,none
PAY-10137,Sun Pharma Logistics,INV-54236,572116.13,2025-07-14,Vikram Malhotra,none
PAY-13591,ITC Limited,INV-51032,695480.78,2025-06-15,Sneha Patel,none
PAY-10629,Wipro Technologies,INV-49356,38288.87,2025-12-30,Rahul Sharma,none
PAY-10335,Godrej Consumer,INV-15376,340051.61,2025-10-20,Sneha Patel,none
PAY-10391,Bajaj Auto,INV-16265,650019.72,2025-06-19,Vikram Malhotra,none
PAY-14388,Godrej Consumer,INV-45173,40126.06,2025-12-13,Ananya Iyer,none
PAY-14905,HCL Technologies,INV-19843,104720.89,2025-01-09,Rahul Sharma,none
PAY-13833,Godrej Consumer,INV-79414,53644.8,2025-08-21,Vikram Malhotra,none
PAY-11818,Sun Pharma Logistics,INV-82516,52315.37,2025-11-28,Ananya Iyer,none
PAY-10401,JSW Steel,INV-93560,307626.62,2025-09-20,Sneha Patel,none
PAY-10711,Sun Pharma Logistics,INV-61213,441895.69,2025-11-29,Rahul Sharma,none
PAY-11040,NTPC Solutions,INV-84732,134518.11,2025-12-01,Ananya Iyer,none
PAY-13990,Coal India Logistics,INV-16224,383012.61,2025-10-17,Priya Nair,none
PAY-13360,Marico Limited,INV-59931,357245.75,2025-09-02,Sneha Patel,none
PAY-10047,NTPC Solutions,INV-27342,543897.66,2025-10-20,Priya Nair,none
PAY-11562,HCL Technologies,INV-44079,173952.54,2025-07-10,Vikram Malhotra,none
PAY-14800,Wipro Technologies,INV-71055,201304.49,2025-01-20,Vikram Malhotra,none
PAY-13643,Havells India,INV-67133,212492.53,2025-04-06,Sneha Patel,none
PAY-13727,Bharti Airtel,INV-41546,348658.64,2025-12-27,Sneha Patel,none
PAY-14983,Hero MotoCorp,INV-1514,57567.66,2025-03-13,Rahul Sharma,none
PAY-11113,Marico Limited,INV-85303,652232.78,2025-09-09,Sneha Patel,none
PAY-12514,Reliance Industries,INV-69347,132499.1,2025-06-17,Priya Nair,none
PAY-13609,Bajaj Auto,INV-17143,35570.79,2025-02-05,Vikram Malhotra,none
PAY-11224,Tech Mahindra,INV-88087,17145.32,2025-03-11,Vikram Malhotra,none
PAY-14061,Asian Paints,INV-40653,569619.45,2025-04-29,Priya Nair,none
PAY-13024,Tech Mahindra,INV-68284,251342.6,2025-08-19,Vikram Malhotra,none
PAY-12422,Titan Company,INV-19565,171173.21,2025-08-25,Rahul Sharma,none
PAY-11509,Sun Pharma Logistics,INV-90847,604839.49,2025-08-21,Rahul Sharma,none
PAY-11751,Titan Company,INV-49650,733255.29,2025-12-10,Vikram Malhotra,none
PAY-14838,Wipro Technologies,INV-15500,40041.72,2025-02-19,Sneha Patel,none
PAY-14097,Tata Motors,INV-45301,662850.24,2025-12-06,Vikram Malhotra,none
PAY-11800,Havells India,INV-98265,84216.34,2025-10-01,Rahul Sharma,none
PAY-10339,Asian Paints,INV-78690,394447.29,2025-03-23,Vikram Malhotra,none
PAY-10216,Havells India,INV-29476,337677.81,2025-09-05,Vikram Malhotra,none
PAY-13664,Hero MotoCorp,INV-49117,91074.47,2025-07-31,Ananya Iyer,none
PAY-11342,Blue Dart Express,INV-72193,598954.52,2025-11-27,Sneha Patel,none
PAY-10012,Hindalco Industries,INV-35203,529906.02,2025-01-24,Sneha Patel,none
PAY-11521,UltraTech Cement,INV-32439,571452.99,2025-04-23,Vikram Malhotra,none
PAY-13641,Coal India Logistics,INV-82459,42298.48,2025-02-10,Priya Nair,none
PAY-13938,Godrej Consumer,INV-46672,647997.72,2025-09-20,Priya Nair,none
PAY-14428,Wipro Technologies,INV-78422,292525.16,2025-08-11,Ananya Iyer,none
PAY-13005,JSW Steel,INV-21923,714125.33,2025-01-12,Priya Nair,none
PAY-12865,Tech Mahindra,INV-75585,571205.53,2025-05-04,Priya Nair,none
PAY-13116,Hero MotoCorp,INV-59166,23940.8,2025-04-17,Ananya Iyer,none
PAY-14841,Asian Paints,INV-14725,174635.11,2025-04-10,Sneha Patel,none
PAY-12323,Reliance Industries,INV-10183,488240.9,2025-11-20,Priya Nair,none
PAY-12572,Tata Consultancy Services,INV-56219,229344.85,2025-06-20,Priya Nair,none
PAY-12914,Marico Limited,INV-14436,245167.17,2025-02-23,Vikram Malhotra,none
PAY-10102,Power Grid Corporation,INV-50538,501835.21,2025-06-17,Ananya Iyer,none
PAY-13550,Tata Consultancy Services,INV-60764,582926.39,2025-12-01,Sneha Patel,none
PAY-11459,Hero MotoCorp,INV-44690,137557.47,2025-02-05,Ananya Iyer,none
PAY-10172,Reliance Industries,INV-11607,432677.84,2025-08-29,Ananya Iyer,none
PAY-10108,Power Grid Corporation,INV-72021,596332.87,2025-03-28,Rahul Sharma,none
PAY-14197,BPCL Supplies,INV-20749,611931.18,2025-10-21,Vikram Malhotra,none
PAY-13570,Kotak Services,INV-38065,78790.03,2025-07-18,Priya Nair,none
PAY-14992,Tech Mahindra,INV9861,169808.92,2025-12-13,Rahul Sharma,typo
PAY-14296,Asian Paints,INV-76433,283480.47,2025-01-06,Priya Nair,none
PAY-14064,Hindalco Industries,INV-68935,720026.7,2025-01-12,Ananya Iyer,none
PAY-13862,Infosys Limited,INV-72391,518302.54,2025-10-05,Sneha Patel,none
PAY-14123,Bharti Airtel,INV-24053,166363.92,2025-03-30,Vikram Malhotra,none
PAY-14630,Reliance Industries,INV-91628,698077.34,2025-03-17,Sneha Patel,none
PAY-10061,Infosys Limited,INV-16572,440212.31,2025-09-15,Priya Nair,none
PAY-11241,UltraTech Cement,INV-47982,590844.38,2025-03-17,Sneha Patel,none
PAY-14638,Kotak Services,INV-63171,25852.12,2025-05-17,Vikram Malhotra,none
PAY-11041,Bajaj Auto,INV-87028,491735.73,2025-02-09,Priya Nair,none
PAY-14188,ITC Limited,INV-27126,116183.49,2025-12-12,Rahul Sharma,none
PAY-12761,Asian Paints,INV-33163,383957.06,2025-10-29,Vikram Malhotra,none
PAY-12121,Blue Dart Express,INV-84135,125959.98,2025-08-12,Vikram Malhotra,none
PAY-11525,Hindalco Industries,INV-72061,628556.82,2025-05-23,Rahul Sharma,none
PAY-13522,ITC Limited,INV-93947,484707.19,2025-03-21,Sneha Patel,none
PAY-10154,Hero MotoCorp,INV-87656,204954.68,2025-05-06,Rahul Sharma,none
PAY-12249,Havells India,INV-21814,477834.13,2025-02-09,Sneha Patel,none
PAY-10482,ITC Limited,INV-16653,504026.3,2025-09-29,Sneha Patel,none
PAY-14234,UltraTech Cement,INV-87438,21673.39,2025-04-27,Sneha Patel,none
PAY-14306,Marico Limited,INV-21591,593636.87,2025-08-05,Rahul Sharma,none
PAY-13579,BPCL Supplies,INV-93275,122177.42,2025-11-03,Priya Nair,none
PAY-14126,Infosys Limited,INV-12104,720051.16,2025-05-17,Sneha Patel,none
PAY-13563,Mahindra & Mahindra,INV-72636,54780.07,2025-12-03,Sneha Patel,none
PAY-13316,Wipro Technologies,INV-39522,142052.56,2025-04-10,Vikram Malhotra,none
PAY-11763,Asian Paints,INV-56729,741669.84,2025-10-15,Ananya Iyer,none
PAY-13539,Dr Reddys Laboratories,INV-92745,692121.61,2025-08-21,Ananya Iyer,none
PAY-14804,Titan Company,INV-54346,139974.65,2025-06-22,Sneha Patel,none
PAY-10751,Wipro Technologies,INV-42534,726458.0,2025-07-22,Priya Nair,none
PAY-13620,ITC Limited,INV-70228,459157.37,2025-03-30,Sneha Patel,none
PAY-11786,Power Grid Corporation,INV-54793,730087.48,2025-12-13,Sneha Patel,none
PAY-14271,Sun Pharma Logistics,INV-32560,36511.21,2025-11-09,Priya Nair,none
PAY-13384,Havells India,INV-19884,12185.71,2025-01-07,Vikram Malhotra,none
PAY-14349,Wipro Technologies,INV-65375,513660.71,2025-02-01,Sneha Patel,none
PAY-10406,Asian Paints,INV-20077,432571.72,2025-09-29,Vikram Malhotra,none
PAY-10758,Wipro Technologies,INV-35919,677359.58,2025-08-16,Sneha Patel,none
PAY-12712,Godrej Consumer,INV-95594,608643.33,2025-11-08,Rahul Sharma,none
PAY-12671,Larsen & Toubro,INV-45456,543880.68,2025-02-23,Rahul Sharma,none
PAY-13984,Reliance Industries,INV-41732,231484.62,2025-10-11,Rahul Sharma,none
PAY-10098,Titan Company,INV-85574,146608.69,2025-01-23,Ananya Iyer,none
PAY-11334,Bharti Airtel,INV-10207,93064.32,2025-08-27,Rahul Sharma,none
PAY-14452,Power Grid Corporation,INV-40681,407252.03,2025-10-13,Priya Nair,none
PAY-12792,Marico Limited,INV-49334,631315.43,2025-05-30,Ananya Iyer,none
PAY-12855,Dr Reddys Laboratories,INV-50075,278619.73,2025-07-26,Vikram Malhotra,none
PAY-10187,Reliance Industries,INV-81376,172483.04,2025-03-18,Vikram Malhotra,none
PAY-14004,Coal India Logistics,INV-13009,742566.87,2025-08-31,Sneha Patel,none
PAY-12724,NTPC Solutions,INV-15863,452431.23,2025-06-29,Rahul Sharma,none
PAY-13584,Hero MotoCorp,INV-80161,455945.42,2025-06-07,Ananya Iyer,none
PAY-12059,Tata Motors,INV-38476,682008.67,2025-07-30,Priya Nair,none
PAY-11320,Larsen & Toubro,INV-14250,501912.42,2025-11-05,Vikram Malhotra,none
PAY-10149,Godrej Consumer,INV-15383,263666.81,2025-08-08,Vikram Malhotra,none
PAY-10029,JSW Steel,INV-80381,564403.96,2025-11-25,Vikram Malhotra,none
PAY-14141,Wipro Technologies,INV-66112,739112.64,2025-01-14,Sneha Patel,none
PAY-14010,Hero MotoCorp,INV-47316,621870.14,2025-06-26,Ananya Iyer,none
PAY-13364,Marico Limited,INV-58492,56323.04,2025-03-11,Priya Nair,none
PAY-10693,Blue Dart Express,INV-63963,463976.63,2025-08-15,Sneha Patel,none
PAY-12867,Bajaj Auto,INV-50863,629793.82,2025-06-12,Priya Nair,none
PAY-13777,Godrej Consumer,INV-77163,583017.32,2025-07-26,Sneha Patel,none
PAY-11387,Tata Motors,INV-40953,133948.66,2025-12-09,Rahul Sharma,none
PAY-11846,Godrej Consumer,INV-66206,312990.02,2025-07-29,Ananya Iyer,none
PAY-14731,Titan Company,INV-14762,426964.05,2025-09-25,Ananya Iyer,none
PAY-10130,Dr Reddys Laboratories,INV-81582,600901.79,2025-04-23,Ananya Iyer,none
PAY-11600,Havells India,INV-43804,472857.06,2025-09-01,Rahul Sharma,none
PAY-13630,HCL Technologies,INV-62953,159312.53,2025-06-10,Vikram Malhotra,none
PAY-14504,Mahindra & Mahindra,INV-78684,574135.96,2025-05-04,Vikram Malhotra,none
PAY-10702,Wipro Technologies,INV-79243,667099.77,2025-01-07,Vikram Malhotra,none
PAY-13983,Bharti Airtel,INV-78746,624386.7,2025-05-29,Rahul Sharma,none
PAY-13029,Larsen & Toubro,INV-26849,114161.97,2025-05-30,Ananya Iyer,none
PAY-12970,Mahindra & Mahindra,INV-49741,463608.2,2025-10-04,Sneha Patel,none
PAY-14357,JSW Steel,INV-45910,590210.26,2025-10-13,Priya Nair,none
PAY-11709,UltraTech Cement,INV-43332,647860.45,2025-01-29,Ananya Iyer,none
PAY-12954,Mahindra & Mahindra,INV-35901,388597.73,2025-11-11,Ananya Iyer,none
PAY-10455,Infosys Limited,INV-15100,107092.1,2025-06-20,Ananya Iyer,none
PAY-12869,Tata Motors,INV-28728,630707.7,2025-10-14,Ananya Iyer,none
PAY-12041,Infosys Limited,INV-89084,369016.93,2025-04-06,Sneha Patel,none
PAY-11773,Asian Paints,INV-92359,716625.14,2025-11-01,Rahul Sharma,none
PAY-12316,HCL Technologies,INV-10471,124202.28,2025-04-22,Priya Nair,none
PAY-10610,JSW Steel,INV-82102,25052.5,2025-08-25,Sneha Patel,none
PAY-10168,Cipla Healthcare,INV-78765,449609.1,2025-02-21,Sneha Patel,none
PAY-10731,Wipro Technologies,INV-82494,345275.9,2025-07-08,Sneha Patel,none
PAY-14249,Asian Paints,INV-24077,115358.45,2025-01-16,Rahul Sharma,none
PAY-13359,Blue Dart Express,INV-68314,77316.36,2025-01-21,Sneha Patel,none
PAY-12075,Infosys Limited,INV-59465,576500.11,2025-05-08,Vikram Malhotra,none
PAY-14040,Bharti Airtel,INV-36009,155986.5,2025-04-29,Rahul Sharma,none
PAY-13701,Power Grid Corporation,INV-57578,312420.54,2025-07-24,Ananya Iyer,none
PAY-11623,Infosys Limited,INV-71483,93597.05,2025-05-10,Rahul Sharma,none
PAY-10588,HCL Technologies,INV-99088,441476.97,2025-07-14,Rahul Sharma,none
PAY-11402,ITC Limited,INV-66585,528155.3,2025-07-21,Vikram Malhotra,none
PAY-13046,HCL Technologies,INV-15273,734636.23,2025-05-17,Priya Nair,none
PAY-13225,Tata Consultancy Services,INV-74814,172229.11,2025-12-22,Sneha Patel,none
PAY-11701,Sun Pharma Logistics,INV-88852,226994.49,2025-02-02,Ananya Iyer,none
PAY-13089,Larsen & Toubro,INV-18913,653690.37,2025-12-25,Vikram Malhotra,none
PAY-14391,Larsen & Toubro,INV-35368,119852.05,2025-08-18,Vikram Malhotra,none
PAY-12982,Asian Paints,INV-75401,161924.86,2025-12-24,Sneha Patel,none
PAY-10041,Tata Motors,INV-50857,302249.26,2025-12-10,Vikram Malhotra,none
PAY-11380,Tech Mahindra,INV-55693,455307.97,2025-03-07,Priya Nair,none
PAY-12090,Havells India,INV-97342,364187.13,2025-06-21,Rahul Sharma,none
PAY-12176,Dr Reddys Laboratories,INV-10220,236545.19,2025-10-30,Priya Nair,none
PAY-13218,Tech Mahindra,INV-83389,405999.5,2025-07-23,Priya Nair,none
PAY-12886,Havells India,INV-81314,211721.23,2025-04-10,Priya Nair,none
PAY-10075,Reliance Industries,INV-24029,558100.43,2025-03-21,Vikram Malhotra,none
PAY-13910,Marico Limited,INV-42192,286532.32,2025-11-22,Vikram Malhotra,none
PAY-14965,Tata Consultancy Services,INV-68333,317426.77,2025-03-15,Priya Nair,none
PAY-12658,Tech Mahindra,INV-23226,92855.98,2025-04-29,Rahul Sharma,none
PAY-13181,Dr Reddys Laboratories,INV-86798,708534.12,2025-03-19,Sneha Patel,none
PAY-12077,Tata Consultancy Services,INV-11908,256151.9,2025-04-09,Rahul Sharma,none
PAY-10442,Blue Dart Express,INV-85718,542240.68,2025-04-08,Sneha Patel,none
PAY-14052,Mahindra & Mahindra,INV-47324,746221.99,2025-05-02,Ananya Iyer,none
PAY-12052,Sun Pharma Logistics,INV-84609,660033.35,2025-08-24,Ananya Iyer,none
PAY-12542,Wipro Technologies,INV-46416,320205.02,2025-12-18,Vikram Malhotra,none
PAY-13307,Bharti Airtel,INV-26661,391078.04,2025-01-19,Ananya Iyer,none
PAY-11302,Wipro Technologies,INV-75622,89312.83,2025-10-27,Priya Nair,none
PAY-11782,Hero MotoCorp,INV-58163,386926.65,2025-09-08,Ananya Iyer,none
PAY-14815,Dr Reddys Laboratories,INV-86247,419315.82,2025-05-13,Ananya Iyer,none
PAY-13431,Hero MotoCorp,INV-42649,368998.0,2025-08-29,Rahul Sharma,none
PAY-11305,Marico Limited,INV-69596,72183.85,2025-06-15,Sneha Patel,none
PAY-10237,JSW Steel,INV-81643,122691.84,2025-08-15,Vikram Malhotra,none
PAY-12600,Blue Dart Express,INV-92355,348560.02,2025-04-04,Ananya Iyer,none
PAY-10521,Wipro Technologies,INV-99486,723287.56,2025-10-04,Sneha Patel,none
PAY-12574,Reliance Industries,INV-45381,515909.2,2025-11-24,Rahul Sharma,none
PAY-13281,Kotak Services,INV-13123,370973.36,2025-06-14,Priya Nair,none
PAY-13187,Infosys Limited,INV-60004,629293.2,2025-05-11,Rahul Sharma,none
PAY-12769,Blue Dart Express,INV-44003,741660.15,2025-02-24,Sneha Patel,none
PAY-10736,BPCL Supplies,INV-11257,713487.75,2025-01-01,Ananya Iyer,none
PAY-14704,Larsen & Toubro,INV-55364,422358.76,2025-12-10,Priya Nair,none
PAY-14930,Blue Dart Express,INV-39771,96882.1,2025-10-14,Priya Nair,likely
PAY-12107,HCL Technologies,INV-35891,187469.09,2025-04-01,Priya Nair,none
PAY-12680,ITC Limited,INV-22057,443520.02,2025-04-27,Ananya Iyer,none
PAY-13230,Titan Company,INV-92215,433715.36,2025-07-18,Vikram Malhotra,none
PAY-12762,Cipla Healthcare,INV-22700,178036.34,2025-09-10,Vikram Malhotra,none
PAY-10593,Larsen & Toubro,INV-21442,144606.88,2025-08-18,Priya Nair,none
PAY-11304,HCL Technologies,INV-69464,444785.03,2025-12-31,Sneha Patel,none
PAY-11388,Dr Reddys Laboratories,INV-85260,628377.4,2025-02-28,Priya Nair,none
PAY-14696,Larsen & Toubro,INV-61960,79333.63,2025-11-27,Priya Nair,none
PAY-14527,Havells India,INV-17801,12878.88,2025-08-02,Rahul Sharma,none
PAY-13948,Reliance Industries,INV-88624,343784.21,2025-08-27,Rahul Sharma,none
PAY-11891,Godrej Consumer,INV-91889,500054.22,2025-07-29,Ananya Iyer,none
PAY-12988,UltraTech Cement,INV-13068,564784.36,2025-05-26,Priya Nair,none
PAY-14925,Hero MotoCorp,INV-90733,333392.53,2025-10-17,Priya Nair,none
PAY-13298,UltraTech Cement,INV-11340,314836.09,2025-07-31,Ananya Iyer,none
PAY-10905,Blue Dart Express,INV-24474,627247.96,2025-12-09,Ananya Iyer,none
PAY-14610,Hindalco Industries,INV-79584,167536.47,2025-01-15,Vikram Malhotra,none
PAY-11280,NTPC Solutions,INV-79856,711708.17,2025-03-02,Sneha Patel,none
PAY-10934,Titan Company,INV-64046,31694.79,2025-10-09,Rahul Sharma,none
PAY-14900,Power Grid Corporation,INV-52898,390209.81,2025-07-21,Ananya Iyer,exact
PAY-12309,Marico Limited,INV-57973,339119.25,2025-03-02,Ananya Iyer,none
PAY-11556,Blue Dart Express,INV-27305,358059.16,2025-08-04,Ananya Iyer,none
PAY-14534,JSW Steel,INV-57992,484715.41,2025-04-29,Rahul Sharma,none
PAY-13191,Havells India,INV-97151,373426.19,2025-12-26,Ananya Iyer,none
PAY-14442,Tata Consultancy Services,INV-16039,329754.19,2025-12-09,Ananya Iyer,none
PAY-10707,Tech Mahindra,INV-92388,535908.66,2025-08-01,Ananya Iyer,none
PAY-14691,ITC Limited,INV-65473,322982.0,2025-09-17,Vikram Malhotra,none
PAY-13071,Larsen & Toubro,INV-50138,253623.01,2025-07-01,Vikram Malhotra,none
PAY-10746,Larsen & Toubro,INV-23848,127459.36,2025-08-27,Vikram Malhotra,none
PAY-13595,Cipla Healthcare,INV-90354,668460.04,2025-03-13,Vikram Malhotra,none
PAY-11940,Infosys Limited,INV-46799,372164.22,2025-12-27,Priya Nair,none
PAY-14401,Hero MotoCorp,INV-28982,203740.17,2025-04-28,Vikram Malhotra,none
PAY-12863,Havells India,INV-10032,245886.72,2025-01-27,Sneha Patel,none
PAY-13997,Wipro Technologies,INV-78447,225182.9,2025-10-02,Vikram Malhotra,none
PAY-10514,Godrej Consumer,INV-17292,342807.06,2025-09-20,Ananya Iyer,none
PAY-10082,NTPC Solutions,INV-14722,626773.29,2025-10-26,Priya Nair,none
PAY-14977,Titan Company,INV-86221,406129.36,2025-02-24,Vikram Malhotra,none
PAY-11309,NTPC Solutions,INV-59886,37710.03,2025-03-29,Vikram Malhotra,none
PAY-14615,Marico Limited,INV-58309,726785.06,2025-08-02,Ananya Iyer,none
PAY-10915,Godrej Consumer,INV-65278,488390.63,2025-03-27,Rahul Sharma,none
PAY-13453,Cipla Healthcare,INV-84518,34339.2,2025-09-19,Rahul Sharma,none
PAY-13696,Hero MotoCorp,INV-12913,328235.66,2025-05-20,Vikram Malhotra,none
PAY-14805,Bharti Airtel,INV-36350,104440.04,2025-03-20,Priya Nair,none
PAY-13157,Asian Paints,INV-25442,559995.52,2025-12-02,Priya Nair,none
PAY-12199,Power Grid Corporation,INV-95209,257171.94,2025-08-11,Sneha Patel,none
PAY-14233,Coal India Logistics,INV-91189,50831.33,2025-02-13,Ananya Iyer,none
PAY-10775,Godrej Consumer,INV-57026,685915.1,2025-01-15,Vikram Malhotra,none
PAY-10330,Larsen & Toubro,INV-67640,55873.26,2025-08-15,Vikram Malhotra,none
PAY-12055,ITC Limited,INV-33537,675473.64,2025-08-10,Ananya Iyer,none
PAY-12002,ITC Limited,INV-16980,473947.06,2025-05-24,Sneha Patel,none
PAY-10944,Mahindra & Mahindra,INV-90065,150961.49,2025-03-03,Ananya Iyer,none
PAY-10823,UltraTech Cement,INV-20271,741268.55,2025-08-11,Sneha Patel,none
PAY-14528,Wipro Technologies,INV-51878,87690.38,2025-04-20,Sneha Patel,none
PAY-10910,UltraTech Cement,INV-25191,75773.86,2025-01-24,Rahul Sharma,none
PAY-12517,Larsen & Toubro,INV-62797,32571.11,2025-10-01,Priya Nair,none
PAY-10182,HCL Technologies,INV-41439,134491.09,2025-02-08,Sneha Patel,none
PAY-10165,Bajaj Auto,INV-69473,206832.74,2025-05-09,Sneha Patel,none
PAY-11524,Wipro Technologies,INV-63961,643445.45,2025-09-08,Sneha Patel,none
PAY-10452,Reliance Industries,INV-26864,731436.7,2025-07-21,Vikram Malhotra,none
PAY-12539,Tata Motors,INV-69509,493190.56,2025-09-16,Rahul Sharma,none
PAY-14138,NTPC Solutions,INV-92860,257954.47,2025-10-29,Ananya Iyer,none
PAY-14776,Tech Mahindra,INV-77970,264072.0,2025-05-27,Ananya Iyer,none
PAY-11312,Tech Mahindra,INV-92110,139618.54,2025-03-09,Sneha Patel,none
PAY-13150,Cipla Healthcare,INV-27263,249318.29,2025-07-11,Sneha Patel,none
PAY-11112,Infosys Limited,INV-73214,281541.42,2025-06-11,Ananya Iyer,none
PAY-14548,Tata Motors,INV-67571,360737.98,2025-01-23,Sneha Patel,none
PAY-14086,Wipro Technologies,INV-56784,693118.78,2025-05-01,Priya Nair,none
PAY-13490,UltraTech Cement,INV-58866,61694.13,2025-08-02,Rahul Sharma,none
PAY-11288,HCL Technologies,INV-60785,371126.97,2025-03-12,Sneha Patel,none
PAY-14178,Sun Pharma Logistics,INV-82868,705073.62,2025-05-17,Ananya Iyer,none
PAY-14646,HCL Technologies,INV-54991,217735.28,2025-01-12,Priya Nair,none
PAY-13681,UltraTech Cement,INV-77367,31936.16,2025-10-08,Priya Nair,none
PAY-14512,Infosys Limited,INV-68394,613146.78,2025-05-22,Rahul Sharma,none
PAY-14169,BPCL Supplies,INV-71442,135784.0,2025-08-23,Sneha Patel,none
PAY-13301,Tata Motors,INV-68868,101021.74,2025-12-20,Sneha Patel,none
PAY-13311,Coal India Logistics,INV-15380,498843.19,2025-09-15,Sneha Patel,none
PAY-14557,NTPC Solutions,INV-43393,141908.84,2025-02-01,Sneha Patel,none
PAY-13126,BPCL Supplies,INV-94355,608576.22,2025-08-30,Rahul Sharma,none
PAY-10328,Asian Paints,INV-83889,571108.48,2025-08-18,Priya Nair,none
PAY-11791,Power Grid Corporation,INV-66063,225133.82,2025-01-25,Priya Nair,none
PAY-12491,Power Grid Corporation,INV-29968,166148.36,2025-07-06,Rahul Sharma,none
PAY-12007,Tata Motors,INV-59005,396479.37,2025-09-05,Ananya Iyer,none
PAY-12008,Kotak Services,INV-45171,437984.08,2025-11-23,Priya Nair,none
PAY-11859,Power Grid Corporation,INV-80882,216526.26,2025-02-17,Priya Nair,none
PAY-14686,Bajaj Auto,INV-96412,513749.71,2025-05-01,Sneha Patel,none
PAY-10313,Reliance Industries,INV-11013,375552.07,2025-08-09,Sneha Patel,none
PAY-10833,Titan Company,INV-28855,465592.14,2025-12-15,Ananya Iyer,none
PAY-13080,Kotak Services,INV-16029,587014.82,2025-07-19,Ananya Iyer,none
PAY-14718,Sun Pharma Logistics,INV-46287,594111.85,2025-01-24,Vikram Malhotra,none
PAY-13463,Infosys Limited,INV-15528,168155.67,2025-04-30,Sneha Patel,none
PAY-11202,Reliance Industries,INV-22616,394784.4,2025-02-04,Rahul Sharma,none
PAY-14392,Cipla Healthcare,INV-80420,463008.58,2025-09-09,Priya Nair,none
PAY-13548,Tech Mahindra,INV-88790,251904.63,2025-02-26,Sneha Patel,none
PAY-14923,Marico Limited,INV-40794,357794.34,2025-07-01,Sneha Patel,none
PAY-12135,Tata Consultancy Services,INV-32072,613210.09,2025-01-01,Rahul Sharma,none
PAY-13452,Hero MotoCorp,INV-14526,484497.63,2025-06-15,Priya Nair,none
PAY-12210,Titan Company,INV-12588,298378.43,2025-10-02,Priya Nair,none
PAY-11902,UltraTech Cement,INV-33659,314127.64,2025-09-28,Vikram Malhotra,none
PAY-11482,Asian Paints,INV-98877,653299.02,2025-10-02,Sneha Patel,none
PAY-10778,Infosys Limited,INV-40490,453238.78,2025-01-11,Priya Nair,none
PAY-10800,Sun Pharma Logistics,INV-32296,666508.79,2025-03-24,Rahul Sharma,none
PAY-13715,JSW Steel,INV-84972,70202.54,2025-03-26,Vikram Malhotra,none
PAY-13943,JSW Steel,INV-54555,32968.03,2025-12-18,Rahul Sharma,none
PAY-10055,Hero MotoCorp,INV-11934,726902.21,2025-05-02,Sneha Patel,none
PAY-12973,Mahindra & Mahindra,INV-75740,505222.53,2025-11-06,Ananya Iyer,none
PAY-13336,Titan Company,INV-70754,275852.4,2025-06-16,Ananya Iyer,none
PAY-11921,Hero MotoCorp,INV-92864,163501.83,2025-09-19,Vikram Malhotra,none
PAY-13716,Sun Pharma Logistics,INV-23103,34011.97,2025-10-26,Rahul Sharma,none
PAY-14647,Tata Motors,INV-11038,431651.46,2025-11-13,Vikram Malhotra,none
PAY-10947,Reliance Industries,INV-69048,345753.97,2025-10-29,Priya Nair,none
PAY-11702,Marico Limited,INV-57636,505395.69,2025-02-16,Ananya Iyer,none
PAY-13294,HCL Technologies,INV-61107,620796.3,2025-07-10,Ananya Iyer,none
PAY-12162,Larsen & Toubro,INV-75264,598631.47,2025-06-04,Priya Nair,none
PAY-11137,BPCL Supplies,INV-28985,651851.95,2025-11-24,Vikram Malhotra,none
PAY-10988,Tata Consultancy Services,INV-77746,617471.25,2025-07-11,Priya Nair,none
PAY-12550,BPCL Supplies,INV-60137,550341.2,2025-08-05,Sneha Patel,none
PAY-10194,Hindalco Industries,INV-12719,749681.45,2025-12-11,Vikram Malhotra,none
PAY-13058,Mahindra & Mahindra,INV-79755,190521.39,2025-05-21,Priya Nair,none
PAY-13247,Havells India,INV-10888,728311.95,2025-01-28,Vikram Malhotra,none
PAY-11395,Tech Mahindra,INV-61115,463601.26,2025-08-17,Sneha Patel,none
PAY-12638,Larsen & Toubro,INV-52477,443694.81,2025-10-25,Vikram Malhotra,none
PAY-10769,HCL Technologies,INV-13416,242563.79,2025-04-23,Rahul Sharma,none
PAY-14703,BPCL Supplies,INV-23910,567014.08,2025-05-30,Vikram Malhotra,none
PAY-13091,HCL Technologies,INV-52109,353903.17,2025-08-24,Vikram Malhotra,none
PAY-13496,Mahindra & Mahindra,INV-45398,21806.42,2025-10-16,Ananya Iyer,none
PAY-13216,Cipla Healthcare,INV-30868,719684.71,2025-06-15,Rahul Sharma,none
PAY-10286,UltraTech Cement,INV-22999,595856.59,2025-02-28,Priya Nair,none
PAY-14939,Marico Limited,INV-39571,84653.74,2025-12-11,Priya Nair,none
PAY-10429,Larsen & Toubro,INV-32439,495755.99,2025-11-06,Vikram Malhotra,none
PAY-14449,UltraTech Cement,INV-81858,155715.06,2025-10-11,Sneha Patel,none
PAY-12333,Larsen & Toubro,INV-72784,74799.84,2025-04-03,Ananya Iyer,none
PAY-12718,Wipro Technologies,INV-67729,138953.91,2025-05-22,Vikram Malhotra,none
PAY-12080,Hero MotoCorp,INV-52879,245396.28,2025-11-17,Sneha Patel,none
PAY-13390,Titan Company,INV-51996,470961.55,2025-04-09,Ananya Iyer,none
PAY-10723,JSW Steel,INV-25117,175161.3,2025-09-18,Rahul Sharma,none
PAY-10952,Power Grid Corporation,INV-60418,316905.24,2025-11-08,Sneha Patel,none
PAY-14384,Havells India,INV-79768,40829.8,2025-10-11,Vikram Malhotra,none
PAY-14367,Reliance Industries,INV-61968,476304.89,2025-11-06,Priya Nair,none
PAY-12263,Tata Consultancy Services,INV-92729,428787.25,2025-04-22,Vikram Malhotra,none
PAY-10990,Marico Limited,INV-95397,148421.73,2025-09-21,Rahul Sharma,none
PAY-13213,Blue Dart Express,INV-21853,481391.54,2025-06-10,Priya Nair,none
PAY-11760,Infosys Limited,INV-34762,115722.5,2025-04-28,Sneha Patel,none
PAY-14580,UltraTech Cement,INV-37713,403970.26,2025-06-20,Priya Nair,none
PAY-10327,Cipla Healthcare,INV-95918,61138.19,2025-11-18,Ananya Iyer,none
PAY-12609,Asian Paints,INV-17123,68071.02,2025-05-19,Rahul Sharma,none
PAY-11384,ITC Limited,INV-81820,123470.12,2025-09-04,Ananya Iyer,none
PAY-11725,Dr Reddys Laboratories,INV-52830,342680.01,2025-01-15,Rahul Sharma,none
PAY-11087,Asian Paints,INV-11403,155271.9,2025-12-03,Priya Nair,none
PAY-12524,Larsen & Toubro,INV-23780,745187.58,2025-12-19,Ananya Iyer,none
PAY-10342,Reliance Industries,INV-83133,510392.61,2025-05-26,Vikram Malhotra,none
PAY-13702,Hindalco Industries,INV-53412,227817.97,2025-05-05,Sneha Patel,none
PAY-10148,Havells India,INV-99687,452306.65,2025-03-03,Priya Nair,none
PAY-10689,Reliance Industries,INV-51071,278833.46,2025-06-03,Sneha Patel,none
PAY-13433,Coal India Logistics,INV-52159,65574.21,2025-09-09,Ananya Iyer,none
PAY-11108,Kotak Services,INV-36170,179971.72,2025-05-04,Vikram Malhotra,none
PAY-10849,Tech Mahindra,INV-13597,292991.42,2025-03-25,Priya Nair,none
PAY-10967,Titan Company,INV-41142,385637.12,2025-12-23,Vikram Malhotra,none
PAY-14728,Larsen & Toubro,INV-96721,71905.01,2025-06-07,Rahul Sharma,none
PAY-11493,Larsen & Toubro,INV-64415,130197.89,2025-07-09,Priya Nair,none
PAY-13954,Titan Company,INV-22492,348976.28,2025-09-14,Ananya Iyer,none
PAY-12204,Mahindra & Mahindra,INV-92881,491630.63,2025-07-08,Rahul Sharma,none
PAY-12714,Havells India,INV-33433,335637.47,2025-01-09,Ananya Iyer,none
PAY-10662,Hero MotoCorp,INV-37124,605053.17,2025-10-19,Vikram Malhotra,none
PAY-11003,Cipla Healthcare,INV-67367,289153.11,2025-12-05,Rahul Sharma,none
PAY-10063,Wipro Technologies,INV-87992,55630.84,2025-05-01,Ananya Iyer,none
PAY-10285,Coal India Logistics,INV-79541,224698.82,2025-09-16,Priya Nair,none
PAY-12225,UltraTech Cement,INV-19746,414637.21,2025-05-14,Ananya Iyer,none
PAY-14707,Hero MotoCorp,INV-90993,744712.58,2025-06-22,Sneha Patel,none
PAY-11880,Blue Dart Express,INV-25566,453192.16,2025-07-29,Rahul Sharma,none
PAY-13573,Kotak Services,INV-77290,742450.86,2025-02-07,Priya Nair,none
PAY-14858,Tata Consultancy Services,INV-76517,165776.91,2025-03-10,Vikram Malhotra,none
PAY-11204,Reliance Industries,INV-73618,147754.4,2025-01-17,Priya Nair,none
PAY-11991,Bharti Airtel,INV-47237,134739.22,2025-05-15,Sneha Patel,none
PAY-10025,Kotak Services,INV-21915,568057.71,2025-02-26,Sneha Patel,none
PAY-14853,Hero MotoCorp,INV-68041,59212.85,2025-03-10,Rahul Sharma,none
PAY-14103,Bajaj Auto,INV-90135,224152.09,2025-11-23,Sneha Patel,none
PAY-14168,Infosys Limited,INV-82007,652427.62,2025-08-14,Rahul Sharma,none
PAY-10763,Infosys Limited,INV-90492,466286.53,2025-05-06,Vikram Malhotra,none
PAY-10876,UltraTech Cement,INV-84632,670169.62,2025-08-23,Sneha Patel,none
PAY-14743,Kotak Services,INV-59563,207854.15,2025-05-25,Priya Nair,none
PAY-10939,Tata Motors,INV-96136,275654.44,2025-08-20,Rahul Sharma,none
PAY-12688,Tata Motors,INV-49677,706363.11,2025-10-10,Vikram Malhotra,none
PAY-13601,Titan Company,INV-73483,539195.88,2025-10-18,Ananya Iyer,none
PAY-12395,ITC Limited,INV-45280,68354.32,2025-10-19,Priya Nair,none
PAY-14568,Wipro Technologies,INV-32412,447097.22,2025-10-31,Ananya Iyer,none
PAY-14981,JSW Steel,INV-9433,243799.03,2025-01-06,Sneha Patel,none
PAY-14125,Reliance Industries,INV-41214,600108.78,2025-08-18,Vikram Malhotra,none
PAY-14565,Blue Dart Express,INV-10851,214784.47,2025-12-14,Vikram Malhotra,none
PAY-10386,Hero MotoCorp,INV-99742,351144.06,2025-12-23,Ananya Iyer,none
PAY-13878,Tata Motors,INV-78191,536723.12,2025-12-13,Priya Nair,none
PAY-14371,Tech Mahindra,INV-62590,105080.74,2025-06-11,Priya Nair,none
PAY-14570,UltraTech Cement,INV-97954,604059.61,2025-04-02,Rahul Sharma,none
PAY-10537,Godrej Consumer,INV-78742,242457.17,2025-08-02,Ananya Iyer,none
PAY-12292,Tata Motors,INV-93009,735192.63,2025-04-24,Vikram Malhotra,none
PAY-14666,Infosys Limited,INV-24736,375428.96,2025-11-26,Sneha Patel,none
PAY-13875,HCL Technologies,INV-99710,632966.24,2025-08-04,Rahul Sharma,none
PAY-10937,Sun Pharma Logistics,INV-57624,619856.69,2025-04-25,Ananya Iyer,none
PAY-13738,JSW Steel,INV-51259,718758.51,2025-10-18,Sneha Patel,none
PAY-14729,Bharti Airtel,INV-84917,186519.93,2025-08-09,Priya Nair,none
PAY-12361,Wipro Technologies,INV-52343,746104.9,2025-04-04,Ananya Iyer,none
PAY-13508,UltraTech Cement,INV-32801,437257.78,2025-07-10,Ananya Iyer,none
PAY-10202,Cipla Healthcare,INV-62976,649358.39,2025-01-01,Priya Nair,none
PAY-13209,Cipla Healthcare,INV-31049,160988.86,2025-10-08,Vikram Malhotra,none
PAY-11333,Kotak Services,INV-33580,663329.44,2025-04-30,Vikram Malhotra,none
PAY-13017,Godrej Consumer,INV-62218,622089.27,2025-01-21,Vikram Malhotra,none
PAY-13503,Havells India,INV-83821,627367.4,2025-08-11,Priya Nair,none
PAY-12709,Godrej Consumer,INV-99469,713470.59,2025-02-13,Sneha Patel,none
PAY-14022,Kotak Services,INV-39325,5728.74,2025-12-08,Priya Nair,none
PAY-11855,Tata Motors,INV-62944,337410.84,2025-04-16,Priya Nair,none
PAY-14470,Hindalco Industries,INV-19758,339712.93,2025-12-29,Vikram Malhotra,none
PAY-12873,Coal India Logistics,INV-83373,657839.65,2025-04-08,Ananya Iyer,none
PAY-13031,Tech Mahindra,INV-29446,440254.91,2025-05-13,Vikram Malhotra,none
PAY-11206,Tata Motors,INV-87371,195674.21,2025-07-07,Sneha Patel,none
PAY-11646,ITC Limited,INV-65666,545274.37,2025-05-23,Priya Nair,none
PAY-13418,UltraTech Cement,INV-30948,368069.9,2025-12-07,Rahul Sharma,none
PAY-13477,Titan Company,INV-23989,558395.99,2025-04-16,Sneha Patel,none
PAY-12862,Wipro Technologies,INV-90599,114136.28,2025-03-26,Ananya Iyer,none
PAY-11793,UltraTech Cement,INV-22384,351169.09,2025-10-19,Vikram Malhotra,none
PAY-13798,Infosys Limited,INV-46243,237058.95,2025-10-09,Priya Nair,none
PAY-13369,Havells India,INV-43123,148057.24,2025-05-24,Priya Nair,none
PAY-13368,Coal India Logistics,INV-87374,316215.3,2025-03-28,Vikram Malhotra,none
PAY-13534,Tata Motors,INV-72075,646575.28,2025-07-16,Priya Nair,none
PAY-13450,Sun Pharma Logistics,INV-59155,414844.7,2025-11-18,Ananya Iyer,none
PAY-10604,Titan Company,INV-53193,332966.08,2025-08-09,Priya Nair,none
PAY-13057,Sun Pharma Logistics,INV-76491,365043.34,2025-05-26,Vikram Malhotra,none
PAY-14532,Cipla Healthcare,INV-68057,529617.43,2025-03-08,Ananya Iyer,none
PAY-10127,Marico Limited,INV-86556,709816.22,2025-01-11,Priya Nair,none
PAY-13877,Reliance Industries,INV-66966,175796.56,2025-03-27,Vikram Malhotra,none
PAY-12936,Coal India Logistics,INV-61622,402915.8,2025-06-27,Ananya Iyer,none
PAY-13532,BPCL Supplies,INV-90583,447035.46,2025-12-14,Ananya Iyer,none
PAY-12731,Blue Dart Express,INV-87493,24023.79,2025-11-08,Sneha Patel,none
PAY-10828,Power Grid Corporation,INV-64997,88826.54,2025-03-18,Sneha Patel,none
PAY-11640,Havells India,INV-19123,671592.21,2025-09-01,Vikram Malhotra,none
PAY-10985,Reliance Industries,INV-97679,262775.43,2025-05-04,Priya Nair,none
PAY-13282,Kotak Services,INV-89909,294662.45,2025-09-12,Vikram Malhotra,none
PAY-14972,Mahindra & Mahindra,INV-56129,345936.13,2025-10-23,Vikram Malhotra,likely
PAY-12189,NTPC Solutions,INV-61417,256370.56,2025-12-14,Ananya Iyer,none
PAY-14613,Godrej Consumer,INV-36610,704470.06,2025-08-03,Ananya Iyer,none
PAY-12444,Reliance Industries,INV-14782,167873.97,2025-04-07,Ananya Iyer,none
PAY-10363,Blue Dart Express,INV-23446,534993.73,2025-09-22,Rahul Sharma,none
PAY-12350,ITC Limited,INV-99707,291634.14,2025-02-27,Ananya Iyer,none
PAY-10346,Coal India Logistics,INV-21104,235638.51,2025-07-12,Vikram Malhotra,none
PAY-10815,Infosys Limited,INV-29808,565415.18,2025-12-08,Rahul Sharma,none
PAY-13206,Dr Reddys Laboratories,INV-69850,637825.41,2025-05-10,Vikram Malhotra,none
PAY-14161,HCL Technologies,INV-71821,305998.89,2025-12-28,Rahul Sharma,none
PAY-14796,Hero MotoCorp,INV-13672,29338.81,2025-11-30,Vikram Malhotra,none
PAY-13326,Blue Dart Express,INV-84906,485368.66,2025-05-25,Priya Nair,none
PAY-14107,HCL Technologies,INV-44174,64307.18,2025-12-15,Vikram Malhotra,none
PAY-12117,Tata Consultancy Services,INV-75627,549124.64,2025-07-11,Ananya Iyer,none
PAY-11835,JSW Steel,INV-23650,531271.66,2025-08-13,Ananya Iyer,none
PAY-10794,Bajaj Auto,INV-43640,591329.9,2025-01-01,Rahul Sharma,none
PAY-14947,Tata Consultancy Services,INV-93205,266096.87,2025-12-01,Vikram Malhotra,none
PAY-12675,Coal India Logistics,INV-59727,513046.21,2025-01-10,Priya Nair,none
PAY-10095,Tata Consultancy Services,INV-25118,658393.62,2025-05-14,Sneha Patel,none
PAY-13757,Hero MotoCorp,INV-81636,705238.09,2025-01-09,Priya Nair,none
PAY-12892,HCL Technologies,INV-68117,38158.78,2025-11-08,Sneha Patel,none
PAY-12372,ITC Limited,INV-37621,621727.25,2025-01-29,Sneha Patel,none
PAY-14150,Hindalco Industries,INV-91259,746349.81,2025-09-09,Sneha Patel,none
PAY-14433,Tech Mahindra,INV-18088,688365.54,2025-05-01,Priya Nair,none
PAY-13229,Bharti Airtel,INV-64044,143613.24,2025-09-23,Priya Nair,none
PAY-12854,Mahindra & Mahindra,INV-47249,616462.05,2025-08-07,Priya Nair,none
PAY-12913,Hindalco Industries,INV-52335,282350.65,2025-07-13,Priya Nair,none
PAY-11866,Sun Pharma Logistics,INV-40945,605013.73,2025-10-25,Priya Nair,none
PAY-11858,Wipro Technologies,INV-14845,405387.95,2025-07-19,Sneha Patel,none
PAY-12646,Tata Motors,INV-68918,286333.56,2025-11-23,Priya Nair,none
PAY-12244,Blue Dart Express,INV-93780,731002.39,2025-12-29,Sneha Patel,none
PAY-12337,Larsen & Toubro,INV-19443,322664.3,2025-08-21,Ananya Iyer,none
PAY-10951,Reliance Industries,INV-60778,494853.75,2025-11-07,Vikram Malhotra,none
PAY-13069,BPCL Supplies,INV-88017,592617.73,2025-05-18,Sneha Patel,none
PAY-11121,Coal India Logistics,INV-54970,277613.49,2025-09-13,Ananya Iyer,none
PAY-12598,JSW Steel,INV-36149,191265.23,2025-08-02,Priya Nair,none
PAY-12205,Reliance Industries,INV-25286,66564.56,2025-09-08,Priya Nair,none
PAY-10420,Wipro Technologies,INV-26426,729422.9,2025-11-25,Rahul Sharma,none
PAY-10923,ITC Limited,INV-97797,655491.95,2025-09-23,Priya Nair,none
PAY-11255,Havells India,INV-47707,15231.3,2025-12-22,Rahul Sharma,none
PAY-10478,Infosys Limited,INV-47700,716708.72,2025-02-10,Vikram Malhotra,none
PAY-12036,Hindalco Industries,INV-92554,600363.6,2025-11-08,Priya Nair,none
PAY-11203,Hero MotoCorp,INV-27009,138085.91,2025-01-17,Sneha Patel,none
PAY-12627,Tata Consultancy Services,INV-47148,345526.3,2025-10-16,Ananya Iyer,none
PAY-14819,Asian Paints,INV-31370,718420.82,2025-12-05,Sneha Patel,none
PAY-11971,Reliance Industries,INV-11610,448405.46,2025-02-04,Priya Nair,none
PAY-13111,Tata Consultancy Services,INV-79916,453431.49,2025-01-21,Sneha Patel,none
PAY-14019,Mahindra & Mahindra,INV-35171,584027.87,2025-07-24,Priya Nair,none
PAY-12152,Havells India,INV-62665,545289.04,2025-03-13,Rahul Sharma,none
PAY-13688,NTPC Solutions,INV-84473,195085.17,2025-04-18,Rahul Sharma,none
PAY-11998,Larsen & Toubro,INV-27143,597199.1,2025-04-09,Priya Nair,none
PAY-14034,Tata Motors,INV-68854,664649.46,2025-07-26,Ananya Iyer,none
PAY-13055,Hindalco Industries,INV-93221,462737.9,2025-08-22,Rahul Sharma,none
PAY-11249,UltraTech Cement,INV-57876,264489.35,2025-06-14,Vikram Malhotra,none
PAY-12193,Havells India,INV-49855,345861.71,2025-03-25,Priya Nair,none
PAY-12713,Reliance Industries,INV-50225,428488.6,2025-06-14,Vikram Malhotra,none
PAY-10993,Havells India,INV-99837,321036.04,2025-02-23,Sneha Patel,none
PAY-12191,Tech Mahindra,INV-35571,527325.96,2025-10-08,Ananya Iyer,none
PAY-13763,Kotak Services,INV-12711,79097.66,2025-05-13,Sneha Patel,none
PAY-13598,HCL Technologies,INV-25363,544821.56,2025-05-30,Sneha Patel,none
PAY-11319,HCL Technologies,INV-29432,46022.63,2025-06-28,Rahul Sharma,none
PAY-11864,BPCL Supplies,INV-76518,269082.64,2025-01-25,Rahul Sharma,none
PAY-12344,Larsen & Toubro,INV-72970,570955.46,2025-08-16,Sneha Patel,none
PAY-12450,Hero MotoCorp,INV-81102,322257.65,2025-06-21,Rahul Sharma,none
PAY-12137,Dr Reddys Laboratories,INV-66485,132122.52,2025-07-11,Sneha Patel,none
PAY-11066,UltraTech Cement,INV-40079,704124.11,2025-09-04,Ananya Iyer,none
PAY-14961,Hindalco Industries,INV-84121,178280.01,2025-04-25,Vikram Malhotra,none
PAY-12622,Reliance Industries,INV-66669,113953.55,2025-01-12,Sneha Patel,none
PAY-10078,Mahindra & Mahindra,INV-16658,73762.36,2025-08-05,Vikram Malhotra,none
PAY-12899,Asian Paints,INV-20652,658512.8,2025-05-07,Vikram Malhotra,none
PAY-11315,Marico Limited,INV-74679,182219.37,2025-10-29,Ananya Iyer,none
PAY-14373,Mahindra & Mahindra,INV-23096,73763.62,2025-09-15,Vikram Malhotra,none
PAY-10873,Hindalco Industries,INV-91350,58055.72,2025-04-10,Priya Nair,none
PAY-13851,Infosys Limited,INV-54059,270876.09,2025-05-04,Priya Nair,none
PAY-14788,Titan Company,INV-60841,169859.01,2025-02-07,Sneha Patel,none
PAY-12966,Titan Company,INV-77191,735298.53,2025-02-10,Vikram Malhotra,none
PAY-13392,Tata Motors,INV-34387,354561.79,2025-12-13,Priya Nair,none
PAY-12561,Kotak Services,INV-50019,640160.13,2025-12-19,Sneha Patel,none
PAY-14897,Blue Dart Express,INV-75251,226699.64,2025-09-26,Sneha Patel,none
PAY-12636,Titan Company,INV-71833,456352.14,2025-04-03,Priya Nair,none
PAY-13531,Bharti Airtel,INV-49817,324250.29,2025-10-29,Ananya Iyer,none
PAY-10376,Asian Paints,INV-18232,87589.13,2025-09-13,Priya Nair,none
PAY-11909,Hero MotoCorp,INV-25855,43649.2,2025-05-03,Priya Nair,none
PAY-14333,Mahindra & Mahindra,INV-13703,591834.99,2025-08-02,Ananya Iyer,none
PAY-14380,Havells India,INV-31510,480752.57,2025-08-06,Rahul Sharma,none
PAY-14028,Tech Mahindra,INV-92557,456867.59,2025-06-14,Rahul Sharma,none
PAY-11605,Tech Mahindra,INV-48228,399561.19,2025-02-09,Priya Nair,none
PAY-11119,Hindalco Industries,INV-23205,247449.97,2025-11-10,Vikram Malhotra,none
PAY-13678,Bajaj Auto,INV-13164,339027.2,2025-06-21,Priya Nair,none
PAY-13491,Tech Mahindra,INV-14586,674398.67,2025-06-04,Sneha Patel,none
PAY-14865,Kotak Services,INV-51799,399447.3,2025-03-23,Priya Nair,none
PAY-12959,Bajaj Auto,INV-64664,18051.65,2025-06-16,Vikram Malhotra,none
PAY-11995,Blue Dart Express,INV-37556,232278.92,2025-05-03,Vikram Malhotra,none
PAY-14956,Dr Reddys Laboratories,INV-12180,495431.12,2025-03-25,Ananya Iyer,likely
PAY-14356,HCL Technologies,INV-16154,223521.43,2025-07-12,Ananya Iyer,none
PAY-12377,Tata Consultancy Services,INV-84603,624145.65,2025-08-02,Sneha Patel,none
PAY-11343,Kotak Services,INV-30366,472264.36,2025-10-02,Vikram Malhotra,none
PAY-10321,UltraTech Cement,INV-87184,303335.11,2025-02-10,Ananya Iyer,none
PAY-11620,Wipro Technologies,INV-65680,519659.51,2025-02-27,Rahul Sharma,none
PAY-13714,Tech Mahindra,INV-58072,510661.09,2025-12-25,Vikram Malhotra,none
PAY-12061,Cipla Healthcare,INV-52731,310521.57,2025-03-26,Vikram Malhotra,none
PAY-12220,Hindalco Industries,INV-74283,522850.61,2025-09-25,Vikram Malhotra,none
PAY-11674,Tata Consultancy Services,INV-71564,443051.98,2025-06-12,Ananya Iyer,none
PAY-10261,Asian Paints,INV-58629,504512.23,2025-12-23,Priya Nair,none
PAY-14418,ITC Limited,INV-14774,608616.75,2025-11-03,Priya Nair,none
PAY-12040,Wipro Technologies,INV-32468,82713.32,2025-10-11,Sneha Patel,none
PAY-10902,Bharti Airtel,INV-56913,529060.38,2025-06-01,Sneha Patel,none
PAY-13745,Bharti Airtel,INV-29373,252725.85,2025-12-04,Priya Nair,none
PAY-12027,ITC Limited,INV-77610,442317.71,2025-10-10,Ananya Iyer,none
PAY-11918,Infosys Limited,INV-10131,610419.57,2025-11-14,Vikram Malhotra,none
PAY-11829,Bajaj Auto,INV-44184,270997.69,2025-03-23,Sneha Patel,none
PAY-11574,Godrej Consumer,INV-84086,547765.12,2025-08-15,Vikram Malhotra,none
PAY-14395,Kotak Services,INV-32245,27875.3,2025-10-12,Priya Nair,none
PAY-14209,Reliance Industries,INV-89408,579675.79,2025-12-11,Rahul Sharma,none
PAY-10225,Wipro Technologies,INV-71537,587236.34,2025-05-16,Vikram Malhotra,none
PAY-10724,Infosys Limited,INV-11610,187190.83,2025-08-30,Vikram Malhotra,none
PAY-14486,Tata Consultancy Services,INV-90008,137610.19,2025-08-26,Rahul Sharma,none
PAY-11142,Power Grid Corporation,INV-69020,313421.85,2025-04-05,Rahul Sharma,none
PAY-12763,Infosys Limited,INV-83941,390669.84,2025-09-26,Priya Nair,none
PAY-10847,Kotak Services,INV-87862,337347.06,2025-08-31,Priya Nair,none
PAY-12552,Power Grid Corporation,INV-89619,372744.09,2025-08-10,Rahul Sharma,none
PAY-12929,Tech Mahindra,INV-20534,142522.27,2025-04-15,Ananya Iyer,none
PAY-10118,Sun Pharma Logistics,INV-68008,461425.98,2025-09-16,Ananya Iyer,none
PAY-10646,Tata Motors,INV-94575,698367.73,2025-03-30,Priya Nair,none
PAY-10004,Bharti Airtel,INV-40495,381489.69,2025-01-14,Priya Nair,none
PAY-14171,BPCL Supplies,INV-86356,725132.07,2025-01-15,Vikram Malhotra,none
PAY-10468,Havells India,INV-18163,530802.55,2025-09-23,Sneha Patel,none
PAY-10006,Asian Paints,INV-87236,212252.08,2025-01-04,Sneha Patel,none
PAY-10920,Blue Dart Express,INV-73979,89138.42,2025-07-30,Ananya Iyer,none
PAY-12596,Blue Dart Express,INV-49586,449793.9,2025-03-30,Priya Nair,none
PAY-11064,Hero MotoCorp,INV-10157,673241.87,2025-12-14,Ananya Iyer,none
PAY-12591,Marico Limited,INV-47128,590021.16,2025-09-15,Priya Nair,none
PAY-10243,Blue Dart Express,INV-89482,560153.25,2025-05-27,Sneha Patel,none
PAY-11161,Bharti Airtel,INV-63967,662210.74,2025-08-12,Ananya Iyer,none
PAY-12871,BPCL Supplies,INV-55636,137619.24,2025-07-07,Ananya Iyer,none
PAY-13736,JSW Steel,INV-62099,588874.96,2025-06-15,Ananya Iyer,none
PAY-12398,Bajaj Auto,INV-47015,719260.57,2025-09-14,Sneha Patel,none
PAY-13518,Blue Dart Express,INV-82148,500154.52,2025-03-26,Sneha Patel,none
PAY-13422,BPCL Supplies,INV-30788,257242.48,2025-06-09,Priya Nair,none
PAY-12564,UltraTech Cement,INV-53785,20516.0,2025-05-16,Rahul Sharma,none
PAY-11606,Bharti Airtel,INV-92317,141519.39,2025-02-18,Priya Nair,none
PAY-14829,BPCL Supplies,INV-18400,50959.14,2025-05-28,Sneha Patel,none
PAY-12325,Mahindra & Mahindra,INV-27512,309215.45,2025-11-10,Vikram Malhotra,none
PAY-12710,Cipla Healthcare,INV-81146,225389.56,2025-10-20,Ananya Iyer,none
PAY-14399,Sun Pharma Logistics,INV-93275,149799.63,2025-07-17,Priya Nair,none
PAY-11313,Tata Consultancy Services,INV-91600,575219.88,2025-01-07,Ananya Iyer,none
PAY-13449,Infosys Limited,INV-52799,416668.47,2025-07-08,Sneha Patel,none
PAY-13813,Bajaj Auto,INV-27853,306367.84,2025-10-30,Ananya Iyer,none
PAY-14656,Cipla Healthcare,INV-51515,665167.52,2025-04-20,Rahul Sharma,none
PAY-12363,Coal India Logistics,INV-93440,253431.53,2025-12-01,Sneha Patel,none
PAY-11976,Tech Mahindra,INV-86502,664490.32,2025-03-16,Sneha Patel,none
PAY-13515,Larsen & Toubro,INV-36976,619390.7,2025-07-22,Rahul Sharma,none
PAY-11762,UltraTech Cement,INV-25207,746425.3,2025-09-11,Rahul Sharma,none
PAY-12740,Asian Paints,INV-51263,562400.27,2025-03-01,Sneha Patel,none
PAY-14845,Dr Reddys Laboratories,INV-32631,180006.17,2025-01-16,Sneha Patel,none
PAY-12473,Wipro Technologies,INV-22224,24101.97,2025-01-06,Priya Nair,none
PAY-14008,JSW Steel,INV-96840,453788.08,2025-07-05,Sneha Patel,none
PAY-11494,HCL Technologies,INV-67496,186515.23,2025-10-25,Rahul Sharma,none
PAY-14207,Bharti Airtel,INV-30631,92969.01,2025-12-18,Ananya Iyer,none
PAY-12159,Blue Dart Express,INV-72406,740219.24,2025-12-25,Rahul Sharma,none
PAY-11170,Mahindra & Mahindra,INV-26389,537820.98,2025-01-05,Sneha Patel,none
PAY-14517,Infosys Limited,INV-74668,473563.32,2025-06-08,Rahul Sharma,none
PAY-10233,HCL Technologies,INV-32946,63831.42,2025-07-15,Priya Nair,none
PAY-10067,ITC Limited,INV-44814,299860.46,2025-12-10,Vikram Malhotra,none
PAY-11604,Bajaj Auto,INV-64986,479004.12,2025-07-02,Rahul Sharma,none
PAY-13284,Bharti Airtel,INV-21689,233804.27,2025-10-28,Priya Nair,none
PAY-13597,Sun Pharma Logistics,INV-36799,599532.83,2025-10-25,Priya Nair,none
PAY-10126,UltraTech Cement,INV-18161,159091.62,2025-08-04,Ananya Iyer,none
PAY-11297,Power Grid Corporation,INV-80499,299730.34,2025-01-21,Priya Nair,none
PAY-11977,Kotak Services,INV-50458,454480.47,2025-05-30,Vikram Malhotra,none
PAY-14518,JSW Steel,INV-88654,80778.94,2025-04-30,Rahul Sharma,none
PAY-14482,HCL Technologies,INV-44316,539222.19,2025-05-04,Rahul Sharma,none
PAY-12076,Blue Dart Express,INV-41265,153989.34,2025-01-09,Ananya Iyer,none
PAY-13087,ITC Limited,INV-52970,431686.21,2025-12-05,Vikram Malhotra,none
PAY-14346,Reliance Industries,INV-26268,462204.34,2025-11-03,Sneha Patel,none
PAY-13346,Cipla Healthcare,INV-30428,482722.42,2025-10-22,Sneha Patel,none
PAY-14465,JSW Steel,INV-28083,368766.92,2025-07-17,Priya Nair,none
PAY-12798,Coal India Logistics,INV-64002,516980.34,2025-01-15,Vikram Malhotra,none
PAY-10919,Tata Consultancy Services,INV-99714,660562.93,2025-03-08,Ananya Iyer,none
PAY-11647,Hindalco Industries,INV-45779,568445.69,2025-11-26,Ananya Iyer,none
PAY-10365,Marico Limited,INV-77286,114774.75,2025-08-12,Rahul Sharma,none
PAY-13288,Dr Reddys Laboratories,INV-76633,395368.41,2025-04-02,Priya Nair,none
PAY-12126,Asian Paints,INV-99268,114788.71,2025-05-07,Priya Nair,none
PAY-14124,Coal India Logistics,INV-38110,614066.42,2025-09-01,Priya Nair,none
PAY-10526,Asian Paints,INV-55371,120565.42,2025-04-07,Rahul Sharma,none
PAY-10056,UltraTech Cement,INV-73653,363612.02,2025-07-25,Rahul Sharma,none
PAY-10639,BPCL Supplies,INV-51078,449743.27,2025-11-09,Ananya Iyer,none
PAY-10303,Wipro Technologies,INV-79531,165274.0,2025-08-03,Ananya Iyer,none
PAY-12767,Reliance Industries,INV-55527,217169.26,2025-03-02,Vikram Malhotra,none
PAY-11277,Hindalco Industries,INV-80956,514616.23,2025-04-14,Sneha Patel,none
PAY-12056,Titan Company,INV-96386,141666.02,2025-10-19,Rahul Sharma,none
PAY-13645,Havells India,INV-22094,467603.76,2025-10-21,Sneha Patel,none
PAY-14144,BPCL Supplies,INV-40420,59197.39,2025-05-02,Sneha Patel,none
PAY-12879,Mahindra & Mahindra,INV-91955,47634.12,2025-10-20,Rahul Sharma,none
PAY-14203,Infosys Limited,INV-90226,618320.63,2025-01-03,Priya Nair,none
PAY-12287,Bharti Airtel,INV-72114,531313.37,2025-02-22,Priya Nair,none
PAY-12262,Tech Mahindra,INV-49213,364927.89,2025-05-16,Sneha Patel,none
PAY-12297,Tech Mahindra,INV-71873,213718.72,2025-11-07,Rahul Sharma,none
PAY-11754,Larsen & Toubro,INV-21750,241401.45,2025-09-29,Ananya Iyer,none
PAY-11969,Coal India Logistics,INV-23274,258014.27,2025-12-12,Rahul Sharma,none
PAY-14352,Reliance Industries,INV-77458,436555.29,2025-06-17,Vikram Malhotra,none
PAY-13118,Cipla Healthcare,INV-59873,444711.81,2025-03-05,Rahul Sharma,none
PAY-12394,Cipla Healthcare,INV-50516,144869.14,2025-04-14,Rahul Sharma,none
PAY-10524,Cipla Healthcare,INV-12979,733975.56,2025-08-26,Priya Nair,none
PAY-13901,Asian Paints,INV-80651,487423.05,2025-01-30,Priya Nair,none
PAY-13123,Reliance Industries,INV-69893,17028.37,2025-07-14,Ananya Iyer,none
PAY-14157,Marico Limited,INV-94560,10277.79,2025-06-06,Priya Nair,none
PAY-11970,Asian Paints,INV-77792,249504.28,2025-04-09,Rahul Sharma,none
PAY-10672,Kotak Services,INV-52898,438556.88,2025-02-17,Ananya Iyer,none
PAY-14189,Larsen & Toubro,INV-57750,300863.11,2025-01-28,Priya Nair,none
PAY-10667,Tata Motors,INV-27392,191009.55,2025-12-31,Vikram Malhotra,none
PAY-14339,Asian Paints,INV-45503,313206.11,2025-02-23,Sneha Patel,none
PAY-11888,Godrej Consumer,INV-59454,359044.52,2025-11-07,Sneha Patel,none
PAY-13267,Coal India Logistics,INV-15082,701793.32,2025-03-03,Vikram Malhotra,none
PAY-10281,Kotak Services,INV-62640,322573.85,2025-02-25,Ananya Iyer,none
PAY-11720,Marico Limited,INV-94466,307685.17,2025-01-18,Vikram Malhotra,none
PAY-12948,JSW Steel,INV-69597,13633.55,2025-12-01,Ananya Iyer,none
PAY-10900,Dr Reddys Laboratories,INV-90962,92712.25,2025-02-28,Rahul Sharma,none
PAY-14851,JSW Steel,INV-35212,166909.05,2025-05-21,Sneha Patel,none
PAY-10761,Tata Consultancy Services,INV-60165,513993.62,2025-03-30,Vikram Malhotra,none
PAY-11907,Tata Motors,INV-17667,227028.13,2025-02-20,Vikram Malhotra,none
PAY-14043,Asian Paints,INV-81393,695739.27,2025-08-26,Rahul Sharma,none
PAY-13824,Dr Reddys Laboratories,INV-94929,590270.12,2025-07-08,Vikram Malhotra,none
PAY-14139,Bajaj Auto,INV-51592,591767.8,2025-11-11,Vikram Malhotra,none
PAY-13819,Larsen & Toubro,INV-15269,176987.46,2025-05-08,Rahul Sharma,none
PAY-14301,Blue Dart Express,INV-30687,385619.22,2025-09-13,Priya Nair,none
PAY-12594,Infosys Limited,INV-72020,700036.4,2025-05-08,Ananya Iyer,none
PAY-14165,Havells India,INV-84870,706892.61,2025-06-16,Sneha Patel,none
PAY-13032,Dr Reddys Laboratories,INV-76662,560365.64,2025-09-22,Ananya Iyer,none
PAY-13580,Tech Mahindra,INV-75160,580958.88,2025-08-10,Priya Nair,none
PAY-12833,Infosys Limited,INV-52132,518303.21,2025-11-03,Ananya Iyer,none
PAY-13473,Cipla Healthcare,INV-89641,195927.28,2025-04-11,Vikram Malhotra,none
PAY-10138,Cipla Healthcare,INV-65255,192942.29,2025-02-11,Ananya Iyer,none
PAY-12181,Hero MotoCorp,INV-48905,628726.41,2025-09-13,Ananya Iyer,none
PAY-12129,Tata Motors,INV-86829,730738.46,2025-02-11,Priya Nair,none
PAY-13178,Cipla Healthcare,INV-41780,296472.51,2025-03-23,Ananya Iyer,none
PAY-14368,Bajaj Auto,INV-40002,694387.46,2025-01-05,Ananya Iyer,none
PAY-14262,Power Grid Corporation,INV-41529,623866.31,2025-12-25,Ananya Iyer,none
PAY-14345,Sun Pharma Logistics,INV-87116,199608.06,2025-06-10,Rahul Sharma,none
PAY-11332,Hindalco Industries,INV-75063,392180.82,2025-11-20,Ananya Iyer,none
PAY-12018,Hero MotoCorp,INV-75767,387029.29,2025-11-26,Rahul Sharma,none
PAY-12483,Blue Dart Express,INV-37259,296146.16,2025-09-09,Rahul Sharma,none
PAY-11359,Titan Company,INV-78464,91297.81,2025-06-09,Rahul Sharma,none
PAY-11330,UltraTech Cement,INV-89802,636609.49,2025-05-13,Priya Nair,none
PAY-12151,Havells India,INV-53287,605671.3,2025-01-02,Ananya Iyer,none
PAY-12123,Tata Motors,INV-17563,489925.22,2025-08-06,Sneha Patel,none
PAY-13982,Cipla Healthcare,INV-83580,484892.45,2025-03-15,Priya Nair,none
PAY-11253,JSW Steel,INV-58997,121213.46,2025-02-13,Rahul Sharma,none
PAY-13279,Tech Mahindra,INV-51984,105929.37,2025-04-12,Vikram Malhotra,none
PAY-13375,Tech Mahindra,INV-59895,153733.59,2025-08-29,Ananya Iyer,none
PAY-12815,Infosys Limited,INV-45711,563686.97,2025-07-13,Ananya Iyer,none
PAY-11849,Wipro Technologies,INV-54342,239529.41,2025-03-26,Ananya Iyer,none
PAY-13038,Mahindra & Mahindra,INV-89775,584620.7,2025-03-03,Sneha Patel,none
PAY-10389,Sun Pharma Logistics,INV-50642,388960.77,2025-10-06,Ananya Iyer,none
PAY-10236,JSW Steel,INV-11231,674686.86,2025-08-27,Vikram Malhotra,none
PAY-11078,Dr Reddys Laboratories,INV-28096,641974.2,2025-12-04,Rahul Sharma,none
PAY-11985,ITC Limited,INV-10484,480881.45,2025-12-21,Sneha Patel,none
PAY-14364,Larsen & Toubro,INV-41787,643492.81,2025-07-09,Vikram Malhotra,none
PAY-13963,Marico Limited,INV-17594,61807.7,2025-11-06,Rahul Sharma,none
PAY-10771,Bajaj Auto,INV-86544,749706.28,2025-03-23,Rahul Sharma,none
PAY-12166,Tata Motors,INV-13830,124375.28,2025-06-17,Ananya Iyer,none
PAY-10674,Titan Company,INV-38551,726255.79,2025-04-19,Ananya Iyer,none
PAY-10250,Power Grid Corporation,INV-45720,623702.1,2025-05-12,Ananya Iyer,none
PAY-11575,Tata Motors,INV-24721,550072.19,2025-01-21,Sneha Patel,none
PAY-13420,Coal India Logistics,INV-47921,110400.96,2025-09-23,Ananya Iyer,none
PAY-12082,Reliance Industries,INV-40462,164266.09,2025-07-02,Vikram Malhotra,none
PAY-11824,Hero MotoCorp,INV-98225,491112.64,2025-07-04,Ananya Iyer,none
PAY-10717,Godrej Consumer,INV-43980,129387.4,2025-03-06,Vikram Malhotra,none
PAY-14669,ITC Limited,INV-68288,349785.32,2025-03-09,Priya Nair,none
PAY-12049,Bharti Airtel,INV-75860,538995.18,2025-08-23,Vikram Malhotra,none
PAY-14179,Reliance Industries,INV-74107,544965.62,2025-08-26,Ananya Iyer,none
PAY-12725,Wipro Technologies,INV-76445,335640.45,2025-09-19,Rahul Sharma,none
PAY-14522,Infosys Limited,INV-33219,130301.62,2025-01-13,Ananya Iyer,none
PAY-11461,Reliance Industries,INV-28857,407770.96,2025-08-09,Sneha Patel,none
PAY-11669,Bajaj Auto,INV-56840,311887.55,2025-01-29,Sneha Patel,none
PAY-12757,Dr Reddys Laboratories,INV-67106,220521.9,2025-09-02,Sneha Patel,none
PAY-12001,Havells India,INV-80184,224166.15,2025-03-18,Vikram Malhotra,none
PAY-10405,Larsen & Toubro,INV-99006,340192.31,2025-07-09,Vikram Malhotra,none
PAY-10385,Larsen & Toubro,INV-15811,267462.79,2025-06-23,Sneha Patel,none
PAY-14536,Bharti Airtel,INV-49854,580781.71,2025-01-07,Sneha Patel,none
PAY-12153,Coal India Logistics,INV-26108,652408.93,2025-05-24,Sneha Patel,none
PAY-11634,Power Grid Corporation,INV-39825,308645.59,2025-06-10,Rahul Sharma,none
PAY-14587,Larsen & Toubro,INV-76652,681918.08,2025-09-03,Sneha Patel,none
PAY-13926,BPCL Supplies,INV-18410,302782.99,2025-05-05,Sneha Patel,none
PAY-14159,Power Grid Corporation,INV-42079,314449.16,2025-09-08,Sneha Patel,none
PAY-10224,Dr Reddys Laboratories,INV-28894,310434.07,2025-12-02,Sneha Patel,none
PAY-12194,Larsen & Toubro,INV-67918,523486.87,2025-05-30,Sneha Patel,none
PAY-13137,Infosys Limited,INV-80710,285892.39,2025-11-03,Priya Nair,none
PAY-11825,Godrej Consumer,INV-31237,468272.57,2025-05-25,Rahul Sharma,none
PAY-14601,Bajaj Auto,INV-35423,35864.48,2025-03-08,Priya Nair,none
PAY-10798,HCL Technologies,INV-69151,59913.5,2025-01-18,Vikram Malhotra,none
PAY-12872,Cipla Healthcare,INV-97823,262763.71,2025-08-06,Sneha Patel,none
PAY-10010,NTPC Solutions,INV-26361,729971.24,2025-07-13,Rahul Sharma,none
PAY-11945,Larsen & Toubro,INV-44029,700504.73,2025-04-27,Priya Nair,none
PAY-11839,HCL Technologies,INV-48289,532581.7,2025-09-17,Ananya Iyer,none
PAY-10256,JSW Steel,INV-40647,356250.27,2025-11-14,Priya Nair,none
PAY-14509,Bharti Airtel,INV-81717,231211.6,2025-04-01,Vikram Malhotra,none
PAY-11582,Power Grid Corporation,INV-17346,681792.98,2025-07-04,Ananya Iyer,none
PAY-12957,JSW Steel,INV-58404,192983.47,2025-06-22,Vikram Malhotra,none
PAY-10925,Kotak Services,INV-55318,499464.43,2025-11-25,Ananya Iyer,none
PAY-14430,JSW Steel,INV-83152,690065.03,2025-12-13,Ananya Iyer,none
PAY-12509,Wipro Technologies,INV-60540,216292.62,2025-04-19,Priya Nair,none
PAY-13776,Tata Consultancy Services,INV-54588,640862.14,2025-08-10,Rahul Sharma,none
PAY-14137,Power Grid Corporation,INV-54208,737449.68,2025-12-09,Vikram Malhotra,none
PAY-12780,Power Grid Corporation,INV-53953,210700.48,2025-11-19,Priya Nair,none
PAY-10540,Godrej Consumer,INV-70689,686482.17,2025-10-15,Ananya Iyer,none
PAY-12746,Godrej Consumer,INV-47602,259470.99,2025-03-02,Rahul Sharma,none
PAY-14499,Godrej Consumer,INV-50744,609147.91,2025-02-12,Sneha Patel,none
PAY-14572,HCL Technologies,INV-20189,195596.71,2025-08-26,Rahul Sharma,none
PAY-11146,Power Grid Corporation,INV-20911,82426.66,2025-11-13,Sneha Patel,none
PAY-10668,Hero MotoCorp,INV-42447,572297.82,2025-12-13,Ananya Iyer,none
PAY-13020,Cipla Healthcare,INV-24651,542885.69,2025-07-07,Ananya Iyer,none
PAY-10358,Godrej Consumer,INV-71474,678460.88,2025-04-10,Vikram Malhotra,none
PAY-12832,Mahindra & Mahindra,INV-63983,237033.94,2025-06-22,Sneha Patel,none
PAY-12784,BPCL Supplies,INV-92219,10938.09,2025-03-12,Priya Nair,none
PAY-11354,Cipla Healthcare,INV-36489,685448.62,2025-08-16,Priya Nair,none
PAY-10471,Sun Pharma Logistics,INV-81601,268943.81,2025-12-15,Vikram Malhotra,none
PAY-12704,Havells India,INV-66039,588046.45,2025-01-30,Rahul Sharma,none
PAY-13331,Mahindra & Mahindra,INV-31013,279218.18,2025-01-11,Ananya Iyer,none
PAY-13638,Havells India,INV-86741,485531.67,2025-11-03,Priya Nair,none
PAY-11397,Godrej Consumer,INV-99071,231889.85,2025-08-11,Vikram Malhotra,none
PAY-13585,Power Grid Corporation,INV-73935,292639.92,2025-12-19,Priya Nair,none
PAY-14487,Hero MotoCorp,INV-96106,69199.37,2025-04-06,Ananya Iyer,none
PAY-13377,Sun Pharma Logistics,INV-58076,603343.79,2025-08-06,Ananya Iyer,none
PAY-11257,Dr Reddys Laboratories,INV-80517,162847.11,2025-10-07,Priya Nair,none
PAY-13513,Marico Limited,INV-15604,260873.05,2025-11-17,Sneha Patel,none
PAY-11251,Bajaj Auto,INV-90769,617080.12,2025-08-15,Priya Nair,none
PAY-14808,Bharti Airtel,INV-11305,176142.76,2025-04-23,Sneha Patel,none
PAY-14299,Hero MotoCorp,INV-33570,632378.48,2025-07-14,Priya Nair,none
PAY-13285,NTPC Solutions,INV-32722,482494.66,2025-01-25,Priya Nair,none
PAY-12934,Larsen & Toubro,INV-51727,573468.0,2025-03-10,Ananya Iyer,none
PAY-14176,ITC Limited,INV-31831,247201.37,2025-07-06,Sneha Patel,none
PAY-11853,Havells India,INV-49888,542555.53,2025-06-10,Vikram Malhotra,none
PAY-14870,Larsen & Toubro,INV-89244,75572.4,2025-12-03,Sneha Patel,exact
PAY-12106,ITC Limited,INV-76509,63232.56,2025-08-28,Vikram Malhotra,none
PAY-10134,Tata Consultancy Services,INV-61645,445960.12,2025-12-06,Rahul Sharma,none
PAY-10929,Sun Pharma Logistics,INV-41574,251516.66,2025-05-23,Rahul Sharma,none
PAY-10824,Hero MotoCorp,INV-92211,115169.3,2025-11-01,Vikram Malhotra,none
PAY-14544,Sun Pharma Logistics,INV-29203,39049.93,2025-07-18,Rahul Sharma,none
PAY-11532,Tata Motors,INV-63296,712700.75,2025-03-09,Vikram Malhotra,none
PAY-11215,UltraTech Cement,INV-23829,575881.15,2025-10-23,Vikram Malhotra,none
PAY-10505,Bajaj Auto,INV-90560,169532.68,2025-03-10,Ananya Iyer,none
PAY-14286,UltraTech Cement,INV-17198,631565.44,2025-12-05,Rahul Sharma,none
PAY-11997,Marico Limited,INV-66848,659398.94,2025-02-03,Rahul Sharma,none
PAY-13073,Tata Consultancy Services,INV-62963,46204.03,2025-07-29,Vikram Malhotra,none
PAY-11959,Sun Pharma Logistics,INV-17134,617117.18,2025-09-24,Sneha Patel,none
PAY-11385,Wipro Technologies,INV-54658,160137.42,2025-12-22,Priya Nair,none
PAY-10895,Tata Motors,INV-25176,315497.8,2025-07-14,Rahul Sharma,none
PAY-10456,Power Grid Corporation,INV-69898,115960.8,2025-09-21,Sneha Patel,none
PAY-14880,Wipro Technologies,INV-53938,334990.21,2025-11-16,Vikram Malhotra,exact
PAY-13710,Coal India Logistics,INV-52879,447117.3,2025-02-12,Rahul Sharma,none
PAY-14619,Cipla Healthcare,INV-43388,228874.81,2025-01-19,Ananya Iyer,none
PAY-14269,Hero MotoCorp,INV-83783,569178.99,2025-12-29,Vikram Malhotra,none
PAY-13523,Tata Motors,INV-10078,670421.73,2025-09-16,Rahul Sharma,none
PAY-14135,UltraTech Cement,INV-68953,406491.6,2025-05-24,Vikram Malhotra,none
PAY-13603,Mahindra & Mahindra,INV-26309,725052.71,2025-10-09,Ananya Iyer,none
PAY-10714,Coal India Logistics,INV-89800,45996.32,2025-12-08,Sneha Patel,none
PAY-14187,Kotak Services,INV-52844,108015.15,2025-10-13,Priya Nair,none
PAY-12215,Bharti Airtel,INV-95542,125101.65,2025-10-15,Vikram Malhotra,none
PAY-12924,Blue Dart Express,INV-49397,665513.46,2025-12-24,Priya Nair,none
PAY-11811,Dr Reddys Laboratories,INV-68361,723080.82,2025-08-30,Rahul Sharma,none
PAY-13487,Coal India Logistics,INV-16557,643588.65,2025-05-21,Rahul Sharma,none
PAY-13142,Kotak Services,INV-71536,675164.0,2025-05-12,Sneha Patel,none
PAY-11828,Tech Mahindra,INV-40765,161027.54,2025-01-25,Rahul Sharma,none
PAY-11156,Bajaj Auto,INV-64028,198556.25,2025-06-05,Rahul Sharma,none
PAY-11325,Bajaj Auto,INV-59668,616097.23,2025-08-07,Priya Nair,none
PAY-14313,Titan Company,INV-81669,190247.92,2025-05-16,Priya Nair,none
PAY-10511,Bharti Airtel,INV-85065,404811.82,2025-03-26,Vikram Malhotra,none
PAY-11681,Dr Reddys Laboratories,INV-22053,539691.6,2025-10-24,Rahul Sharma,none
PAY-10500,Mahindra & Mahindra,INV-60275,180463.33,2025-05-17,Vikram Malhotra,none
PAY-14537,Tata Motors,INV-85887,93295.53,2025-05-23,Vikram Malhotra,none
PAY-11857,Marico Limited,INV-95033,306356.75,2025-04-12,Vikram Malhotra,none
PAY-11389,Coal India Logistics,INV-70674,247406.68,2025-02-19,Ananya Iyer,none
PAY-13720,Hero MotoCorp,INV-90312,216911.42,2025-02-03,Ananya Iyer,none
PAY-12387,Titan Company,INV-91139,46717.63,2025-07-20,Sneha Patel,none
PAY-13237,Hero MotoCorp,INV-39355,351638.39,2025-10-22,Rahul Sharma,none
PAY-11541,Coal India Logistics,INV-54000,553141.78,2025-01-29,Priya Nair,none
PAY-11218,JSW Steel,INV-30732,402755.86,2025-11-04,Ananya Iyer,none
PAY-12682,Hero MotoCorp,INV-17455,62075.7,2025-03-06,Ananya Iyer,none
PAY-12994,Mahindra & Mahindra,INV-51864,579022.26,2025-11-19,Rahul Sharma,none
PAY-11192,Tata Motors,INV-67344,421473.47,2025-10-05,Ananya Iyer,none
PAY-11543,Titan Company,INV-57918,351687.89,2025-01-21,Vikram Malhotra,none
PAY-13302,Wipro Technologies,INV-93571,90213.38,2025-03-23,Ananya Iyer,none
PAY-13325,Hindalco Industries,INV-81510,60073.39,2025-11-29,Ananya Iyer,none
PAY-12540,Blue Dart Express,INV-27047,167994.7,2025-07-06,Ananya Iyer,none
PAY-10954,Godrej Consumer,INV-27481,107944.1,2025-11-05,Priya Nair,none
PAY-14331,Kotak Services,INV-28958,200326.14,2025-11-12,Rahul Sharma,none
PAY-10733,Asian Paints,INV-58270,445809.75,2025-09-10,Sneha Patel,none
PAY-11157,Tata Consultancy Services,INV-78592,612457.94,2025-03-11,Vikram Malhotra,none
PAY-13295,Infosys Limited,INV-30437,110543.72,2025-05-07,Priya Nair,none
PAY-12983,JSW Steel,INV-61126,195490.98,2025-01-17,Priya Nair,none
PAY-12157,JSW Steel,INV-68236,179001.2,2025-09-06,Ananya Iyer,none
PAY-11063,Kotak Services,INV-96427,102094.99,2025-11-05,Priya Nair,none
PAY-12617,Coal India Logistics,INV-25864,392267.81,2025-05-07,Sneha Patel,none
PAY-11168,Kotak Services,INV-34613,243879.57,2025-03-19,Rahul Sharma,none
PAY-13223,Hindalco Industries,INV-20775,246258.04,2025-04-26,Ananya Iyer,none
PAY-13637,Blue Dart Express,INV-44060,361505.41,2025-03-28,Sneha Patel,none
PAY-12939,Hero MotoCorp,INV-10208,459872.06,2025-07-23,Rahul Sharma,none
PAY-14492,Marico Limited,INV-95674,69534.66,2025-09-16,Priya Nair,none
PAY-13141,Larsen & Toubro,INV-89071,608021.71,2025-01-01,Vikram Malhotra,none
PAY-10144,HCL Technologies,INV-89415,457399.38,2025-02-28,Sneha Patel,none
PAY-13578,Dr Reddys Laboratories,INV-26688,362127.52,2025-09-18,Ananya Iyer,none
PAY-12783,Bharti Airtel,INV-83160,497542.17,2025-11-17,Rahul Sharma,none
PAY-10718,Dr Reddys Laboratories,INV-25473,579715.57,2025-01-16,Vikram Malhotra,none
PAY-11820,Asian Paints,INV-67177,20501.16,2025-05-28,Sneha Patel,none
PAY-12503,Hindalco Industries,INV-63714,223637.79,2025-11-27,Priya Nair,none
PAY-14361,Sun Pharma Logistics,INV-80453,669885.39,2025-10-20,Ananya Iyer,none
PAY-14172,HCL Technologies,INV-32615,120617.78,2025-10-18,Priya Nair,none
PAY-10396,Coal India Logistics,INV-33652,411378.43,2025-06-14,Rahul Sharma,none
PAY-14837,Wipro Technologies,INV-70016,40041.72,2025-01-04,Priya Nair,none
PAY-14493,Godrej Consumer,INV-50928,423521.91,2025-06-17,Vikram Malhotra,none
PAY-11366,Power Grid Corporation,INV-23418,158900.15,2025-06-29,Priya Nair,none
PAY-14559,Godrej Consumer,INV-39009,234247.88,2025-02-18,Rahul Sharma,none
PAY-10596,Havells India,INV-60493,14193.76,2025-07-31,Ananya Iyer,none
PAY-13953,Blue Dart Express,INV-90199,572208.42,2025-09-12,Vikram Malhotra,none
PAY-12915,Havells India,INV-11035,123269.12,2025-09-01,Vikram Malhotra,none
PAY-12327,ITC Limited,INV-46659,136667.75,2025-01-09,Priya Nair,none
PAY-13767,BPCL Supplies,INV-18990,61788.2,2025-03-21,Rahul Sharma,none
PAY-13441,Godrej Consumer,INV-76077,215429.91,2025-07-12,Ananya Iyer,none
PAY-13852,Sun Pharma Logistics,INV-74638,174545.37,2025-10-15,Rahul Sharma,none
PAY-14133,HCL Technologies,INV-27937,701704.61,2025-10-13,Ananya Iyer,none
PAY-14592,BPCL Supplies,INV-39968,105776.36,2025-03-21,Rahul Sharma,none
PAY-12144,Hindalco Industries,INV-40773,361033.35,2025-12-11,Rahul Sharma,none
PAY-11572,Tata Consultancy Services,INV-81584,731822.77,2025-06-19,Vikram Malhotra,none
PAY-14080,Godrej Consumer,INV-14444,713792.99,2025-12-21,Sneha Patel,none
PAY-11123,Havells India,INV-62506,213324.0,2025-04-03,Priya Nair,none
PAY-12787,Larsen & Toubro,INV-36027,477905.68,2025-02-15,Priya Nair,none
PAY-12968,Tata Consultancy Services,INV-34108,713017.37,2025-05-12,Rahul Sharma,none
PAY-12505,UltraTech Cement,INV-34368,271519.66,2025-02-07,Sneha Patel,none
PAY-13466,Cipla Healthcare,INV-47963,371709.31,2025-12-09,Ananya Iyer,none
PAY-10676,Hindalco Industries,INV-27117,426775.87,2025-09-06,Vikram Malhotra,none
PAY-12809,Bharti Airtel,INV-30577,629421.04,2025-07-22,Sneha Patel,none
PAY-13349,Dr Reddys Laboratories,INV-92324,657557.85,2025-12-13,Rahul Sharma,none
PAY-10729,ITC Limited,INV-77603,736153.33,2025-07-25,Rahul Sharma,none
PAY-10413,JSW Steel,INV-55537,533607.66,2025-10-09,Priya Nair,none
PAY-13147,Marico Limited,INV-90611,83395.02,2025-04-26,Vikram Malhotra,none
PAY-11517,Larsen & Toubro,INV-38333,696275.9,2025-08-21,Sneha Patel,none
PAY-10826,NTPC Solutions,INV-52746,643185.01,2025-09-24,Ananya Iyer,none
PAY-13268,Blue Dart Express,INV-48198,85292.32,2025-12-16,Sneha Patel,none
PAY-13975,Cipla Healthcare,INV-12355,704439.69,2025-04-09,Rahul Sharma,none
PAY-10617,Coal India Logistics,INV-93647,686228.93,2025-02-25,Sneha Patel,none
PAY-10115,ITC Limited,INV-33053,604061.84,2025-12-23,Priya Nair,none
PAY-10418,Larsen & Toubro,INV-90209,663763.6,2025-02-03,Vikram Malhotra,none
PAY-13070,Blue Dart Express,INV-44452,356626.35,2025-06-05,Vikram Malhotra,none
PAY-11626,JSW Steel,INV-56076,26798.04,2025-03-16,Vikram Malhotra,none
PAY-14951,Asian Paints,INV-75951,182648.21,2025-10-31,Priya Nair,none
PAY-14186,Asian Paints,INV-79074,683444.29,2025-02-27,Sneha Patel,none
PAY-12897,Dr Reddys Laboratories,INV-21326,143315.87,2025-10-30,Rahul Sharma,none
PAY-14672,BPCL Supplies,INV-16113,694125.28,2025-11-19,Vikram Malhotra,none
PAY-12083,HCL Technologies,INV-11965,304593.92,2025-06-11,Rahul Sharma,none
PAY-10754,Reliance Industries,INV-70560,80920.97,2025-03-13,Rahul Sharma,none
PAY-12547,Blue Dart Express,INV-82129,67629.74,2025-08-09,Sneha Patel,none
PAY-13970,Wipro Technologies,INV-43442,700664.52,2025-12-23,Vikram Malhotra,none
PAY-13374,Havells India,INV-91811,12955.02,2025-10-21,Rahul Sharma,none
PAY-14108,HCL Technologies,INV-79866,572316.16,2025-09-05,Sneha Patel,none
PAY-12445,Tata Motors,INV-81576,581916.37,2025-11-04,Ananya Iyer,none
PAY-14381,Larsen & Toubro,INV-24536,690043.7,2025-01-28,Sneha Patel,none
PAY-11067,Bajaj Auto,INV-87207,604442.67,2025-12-23,Priya Nair,none
PAY-13914,Sun Pharma Logistics,INV-58439,497686.31,2025-07-07,Vikram Malhotra,none
PAY-13499,HCL Technologies,INV-11739,434686.71,2025-01-23,Rahul Sharma,none
PAY-12739,Tech Mahindra,INV-41985,249869.95,2025-07-05,Sneha Patel,none
PAY-14001,Godrej Consumer,INV-35487,715199.92,2025-04-08,Rahul Sharma,none
PAY-11569,Bajaj Auto,INV-68776,407200.61,2025-03-25,Priya Nair,none
PAY-12428,NTPC Solutions,INV-30413,711657.59,2025-03-16,Sneha Patel,none
PAY-13747,Coal India Logistics,INV-90245,151512.46,2025-01-21,Ananya Iyer,none
PAY-14640,JSW Steel,INV-45201,377037.72,2025-08-21,Ananya Iyer,none
PAY-11688,Bharti Airtel,INV-96613,721777.22,2025-08-28,Vikram Malhotra,none
PAY-10852,Tata Consultancy Services,INV-99417,11629.0,2025-03-09,Sneha Patel,none
PAY-13547,Marico Limited,INV-69208,223575.16,2025-03-25,Rahul Sharma,none
PAY-10896,NTPC Solutions,INV-43126,358425.27,2025-03-20,Sneha Patel,none
PAY-14593,Mahindra & Mahindra,INV-21623,211681.11,2025-09-07,Vikram Malhotra,none
PAY-10336,Sun Pharma Logistics,INV-89299,359343.63,2025-03-19,Rahul Sharma,none
PAY-12840,Infosys Limited,INV-65598,373912.47,2025-11-17,Priya Nair,none
PAY-13088,NTPC Solutions,INV-79602,613895.94,2025-12-20,Rahul Sharma,none
PAY-11349,Hero MotoCorp,INV-31753,430381.32,2025-07-19,Sneha Patel,none
PAY-11016,Larsen & Toubro,INV-97988,493327.37,2025-02-21,Vikram Malhotra,none
PAY-12817,Power Grid Corporation,INV-64444,20014.86,2025-10-05,Priya Nair,none
PAY-11632,Tata Motors,INV-87251,142918.71,2025-12-11,Rahul Sharma,none
PAY-12490,Bharti Airtel,INV-89444,27018.66,2025-01-12,Priya Nair,none
PAY-13731,Tata Motors,INV-73123,329324.45,2025-03-04,Priya Nair,none
PAY-13252,Wipro Technologies,INV-22341,709879.62,2025-10-21,Ananya Iyer,none
PAY-14635,JSW Steel,INV-17550,276679.53,2025-05-01,Sneha Patel,none
PAY-12071,JSW Steel,INV-45815,119354.88,2025-07-03,Sneha Patel,none
PAY-14453,Power Grid Corporation,INV-93267,426485.77,2025-08-30,Priya Nair,none
PAY-14883,Infosys Limited,INV-45731,291209.35,2025-04-25,Rahul Sharma,none
PAY-11636,Tata Motors,INV-47784,420063.43,2025-01-21,Rahul Sharma,none
PAY-12480,BPCL Supplies,INV-85937,650869.59,2025-02-26,Ananya Iyer,none
PAY-12266,Tata Consultancy Services,INV-90678,347963.64,2025-06-02,Vikram Malhotra,none
PAY-12960,BPCL Supplies,INV-14668,448855.28,2025-07-02,Rahul Sharma,none
PAY-14732,Bharti Airtel,INV-19724,127905.4,2025-09-09,Ananya Iyer,none
PAY-13060,Kotak Services,INV-10854,242809.62,2025-09-18,Ananya Iyer,none
PAY-12142,Havells India,INV-93418,128763.97,2025-05-31,Rahul Sharma,none
PAY-13119,HCL Technologies,INV-76414,685395.99,2025-09-22,Rahul Sharma,none
PAY-14726,Mahindra & Mahindra,INV-32115,328774.61,2025-03-23,Rahul Sharma,none
PAY-14046,ITC Limited,INV-77278,734760.44,2025-06-12,Sneha Patel,none
PAY-13357,HCL Technologies,INV-83618,416479.3,2025-08-29,Vikram Malhotra,none
PAY-12745,JSW Steel,INV-86645,501097.48,2025-11-07,Vikram Malhotra,none
PAY-13507,NTPC Solutions,INV-29096,243929.87,2025-11-24,Vikram Malhotra,none
PAY-11680,Tech Mahindra,INV-85172,304510.38,2025-04-26,Priya Nair,none
PAY-14250,Sun Pharma Logistics,INV-17969,350274.22,2025-04-11,Priya Nair,none
PAY-13148,HCL Technologies,INV-96424,229325.57,2025-12-30,Ananya Iyer,none
PAY-12295,Tata Motors,INV-64797,188991.63,2025-01-25,Sneha Patel,none
PAY-10581,Larsen & Toubro,INV-62205,697011.83,2025-06-03,Sneha Patel,none
PAY-11471,JSW Steel,INV-49692,303458.02,2025-11-20,Rahul Sharma,none
PAY-14071,Sun Pharma Logistics,INV-98327,123616.78,2025-07-21,Vikram Malhotra,none
PAY-13344,HCL Technologies,INV-68062,22757.37,2025-04-16,Ananya Iyer,none
PAY-14584,Tata Motors,INV-16598,564057.28,2025-06-23,Sneha Patel,none
PAY-13673,Wipro Technologies,INV-88412,223993.52,2025-09-20,Priya Nair,none
PAY-10560,Larsen & Toubro,INV-81636,368795.66,2025-10-05,Rahul Sharma,none
PAY-12850,Tata Motors,INV-34598,153454.39,2025-02-18,Priya Nair,none
PAY-10513,Tata Motors,INV-86434,369176.84,2025-09-19,Ananya Iyer,none
PAY-11082,BPCL Supplies,INV-10693,604255.17,2025-03-16,Ananya Iyer,none
PAY-11665,Kotak Services,INV-87469,728298.72,2025-11-12,Vikram Malhotra,none
PAY-11013,Havells India,INV-81939,348642.58,2025-10-09,Rahul Sharma,none
PAY-11932,Cipla Healthcare,INV-61483,405907.93,2025-11-29,Rahul Sharma,none
PAY-11151,Asian Paints,INV-80855,701468.89,2025-10-08,Ananya Iyer,none
PAY-12839,Dr Reddys Laboratories,INV-25922,128816.75,2025-08-13,Rahul Sharma,none
PAY-10117,Larsen & Toubro,INV-70901,502345.41,2025-10-14,Priya Nair,none
PAY-10741,Reliance Industries,INV-76247,104467.82,2025-07-21,Rahul Sharma,none
PAY-14807,Sun Pharma Logistics,INV-62595,432344.6,2025-02-25,Sneha Patel,none
PAY-13676,Tata Consultancy Services,INV-23277,113724.58,2025-12-31,Priya Nair,none
PAY-10831,Marico Limited,INV-63856,201781.79,2025-12-02,Ananya Iyer,none
PAY-10120,Asian Paints,INV-43972,565073.71,2025-11-23,Vikram Malhotra,none
PAY-14854,Hero MotoCorp,INV-49941,59212.85,2025-04-18,Priya Nair,none
PAY-14739,BPCL Supplies,INV-60099,249967.67,2025-04-07,Rahul Sharma,none
PAY-10636,Bharti Airtel,INV-46483,565482.49,2025-02-02,Priya Nair,none
PAY-14466,HCL Technologies,INV-19781,76946.14,2025-12-11,Priya Nair,none
PAY-14365,Godrej Consumer,INV-63010,657534.81,2025-03-08,Sneha Patel,none
PAY-14143,Godrej Consumer,INV-50218,282515.18,2025-04-28,Priya Nair,none
PAY-10992,Tata Consultancy Services,INV-92173,53776.51,2025-12-10,Sneha Patel,none
PAY-10877,Sun Pharma Logistics,INV-33639,585311.18,2025-09-07,Vikram Malhotra,none
PAY-10005,Bharti Airtel,INV-95181,527487.11,2025-08-03,Sneha Patel,none
PAY-13052,Bharti Airtel,INV-23090,409064.78,2025-04-21,Priya Nair,none
PAY-13125,UltraTech Cement,INV-95459,229017.36,2025-12-26,Rahul Sharma,none
PAY-12661,Havells India,INV-30691,726245.54,2025-02-08,Priya Nair,none
PAY-12492,Marico Limited,INV-38437,26975.73,2025-03-12,Sneha Patel,none
PAY-13855,Dr Reddys Laboratories,INV-19516,81448.29,2025-10-08,Ananya Iyer,none
PAY-11716,Marico Limited,INV-99816,95930.06,2025-05-02,Ananya Iyer,none
PAY-11149,Larsen & Toubro,INV-79041,629695.75,2025-01-15,Rahul Sharma,none
PAY-13262,Bajaj Auto,INV-19094,717005.22,2025-04-07,Priya Nair,none
PAY-10575,Infosys Limited,INV-93459,12040.38,2025-03-29,Rahul Sharma,none
PAY-13770,Power Grid Corporation,INV-80070,351646.43,2025-03-04,Ananya Iyer,none
PAY-13737,Larsen & Toubro,INV-52848,560234.54,2025-12-29,Ananya Iyer,none
PAY-14147,Power Grid Corporation,INV-36750,476896.3,2025-08-06,Priya Nair,none
PAY-10854,Tata Motors,INV-94245,210157.03,2025-07-12,Vikram Malhotra,none
PAY-11983,Hindalco Industries,INV-53995,463996.84,2025-08-03,Vikram Malhotra,none
PAY-12775,Dr Reddys Laboratories,INV-68304,393065.95,2025-08-21,Vikram Malhotra,none
PAY-11167,BPCL Supplies,INV-69682,465208.41,2025-05-20,Priya Nair,none
PAY-10972,Cipla Healthcare,INV-87120,412228.28,2025-11-05,Sneha Patel,none
PAY-12702,Blue Dart Express,INV-44410,608631.55,2025-10-30,Sneha Patel,none
PAY-14496,Havells India,INV-64018,261737.26,2025-11-01,Vikram Malhotra,none
PAY-13848,Tata Motors,INV-45643,441713.31,2025-11-18,Ananya Iyer,none
PAY-12369,NTPC Solutions,INV-72118,718423.75,2025-02-26,Rahul Sharma,none
PAY-14116,Hero MotoCorp,INV-44302,172034.0,2025-04-10,Vikram Malhotra,none
PAY-14132,Power Grid Corporation,INV-83112,643057.78,2025-06-28,Ananya Iyer,none
PAY-12951,Havells India,INV-80126,728968.83,2025-02-27,Sneha Patel,none
PAY-10525,UltraTech Cement,INV-79721,287560.97,2025-04-28,Sneha Patel,none
PAY-12456,Blue Dart Express,INV-63907,82238.1,2025-11-16,Priya Nair,none
PAY-11842,UltraTech Cement,INV-10863,187760.47,2025-08-31,Vikram Malhotra,none
PAY-10538,Larsen & Toubro,INV-49306,285462.84,2025-10-03,Ananya Iyer,none
PAY-12807,Blue Dart Express,INV-56229,576297.33,2025-10-11,Rahul Sharma,none
PAY-14342,Coal India Logistics,INV-42633,525666.16,2025-10-25,Ananya Iyer,none
PAY-13176,Bharti Airtel,INV-90362,447518.77,2025-02-04,Rahul Sharma,none
PAY-10785,Godrej Consumer,INV-93789,720693.26,2025-11-29,Vikram Malhotra,none
PAY-14058,Hero MotoCorp,INV-33906,81241.78,2025-04-10,Vikram Malhotra,none
PAY-11410,Blue Dart Express,INV-65797,469320.12,2025-08-21,Priya Nair,none
PAY-12538,Cipla Healthcare,INV-79159,387875.85,2025-06-10,Vikram Malhotra,none
PAY-10155,Mahindra & Mahindra,INV-69087,186678.26,2025-08-26,Priya Nair,none
PAY-13010,ITC Limited,INV-99610,454420.5,2025-05-04,Sneha Patel,none
PAY-11687,BPCL Supplies,INV-77662,647718.81,2025-10-23,Ananya Iyer,none
PAY-12902,Mahindra & Mahindra,INV-28405,425954.77,2025-07-31,Sneha Patel,none
PAY-14950,Cipla Healthcare,INV-91417,72443.47,2025-11-11,Rahul Sharma,likely
PAY-13864,Godrej Consumer,INV-63976,666163.86,2025-02-21,Rahul Sharma,none
PAY-12734,Infosys Limited,INV-96122,546063.52,2025-07-15,Rahul Sharma,none
PAY-11896,Bharti Airtel,INV-91094,408666.58,2025-01-28,Priya Nair,none
PAY-10570,Coal India Logistics,INV-79003,193051.56,2025-07-01,Vikram Malhotra,none
PAY-11817,ITC Limited,INV-17956,398590.06,2025-08-05,Priya Nair,none
PAY-12066,JSW Steel,INV-70849,366145.63,2025-02-04,Rahul Sharma,none
PAY-10128,Titan Company,INV-72518,9392.58,2025-06-30,Vikram Malhotra,none
PAY-13395,Marico Limited,INV-81040,433698.39,2025-04-07,Rahul Sharma,none
PAY-13328,Coal India Logistics,INV-42773,262133.96,2025-11-22,Ananya Iyer,none
PAY-14987,Mahindra & Mahindra,INV-9759,251733.51,2025-07-03,Sneha Patel,none
PAY-12976,Mahindra & Mahindra,INV-45003,349518.71,2025-11-22,Vikram Malhotra,none
PAY-10981,Godrej Consumer,INV-76209,123731.02,2025-10-06,Priya Nair,none
PAY-12301,Bajaj Auto,INV-57367,558484.35,2025-10-29,Priya Nair,none
PAY-10191,NTPC Solutions,INV-74722,331130.35,2025-11-03,Rahul Sharma,none
PAY-11140,BPCL Supplies,INV-48188,534272.95,2025-11-06,Ananya Iyer,none
PAY-10700,Tech Mahindra,INV-94694,45654.0,2025-05-03,Ananya Iyer,none
PAY-14781,Hindalco Industries,INV-17157,618105.58,2025-03-14,Vikram Malhotra,none
PAY-10607,Tech Mahindra,INV-92955,370800.45,2025-10-22,Sneha Patel,none
PAY-14277,Reliance Industries,INV-63855,681516.44,2025-02-20,Sneha Patel,none
PAY-10302,JSW Steel,INV-62531,56841.14,2025-11-21,Rahul Sharma,none
PAY-13421,Godrej Consumer,INV-38364,315177.33,2025-01-07,Vikram Malhotra,none
PAY-14821,Hero MotoCorp,INV-96580,178767.96,2025-04-27,Priya Nair,none
PAY-11061,Reliance Industries,INV-33255,359522.54,2025-11-11,Priya Nair,none
PAY-12566,Bajaj Auto,INV-72105,439453.35,2025-09-08,Sneha Patel,none
PAY-14995,Godrej Consumer,INV-7071,275407.59,2025-01-25,Sneha Patel,none
PAY-11070,Mahindra & Mahindra,INV-34775,9074.74,2025-01-04,Priya Nair,none
PAY-12525,ITC Limited,INV-32307,70572.46,2025-07-08,Priya Nair,none
PAY-12206,ITC Limited,INV-13018,442203.62,2025-10-21,Ananya Iyer,none
PAY-11244,Cipla Healthcare,INV-27088,572714.53,2025-09-04,Priya Nair,none
PAY-10017,Asian Paints,INV-59735,206111.13,2025-11-24,Priya Nair,none
PAY-13121,Bajaj Auto,INV-51534,314270.26,2025-04-18,Rahul Sharma,none
PAY-14643,Hindalco Industries,INV-71890,743390.51,2025-05-19,Ananya Iyer,none
PAY-10816,Wipro Technologies,INV-97574,261124.58,2025-10-05,Ananya Iyer,none
PAY-13068,JSW Steel,INV-30595,247632.54,2025-09-22,Ananya Iyer,none
PAY-14785,Tata Consultancy Services,INV-82794,705240.75,2025-02-10,Priya Nair,none
PAY-10960,JSW Steel,INV-64719,507311.4,2025-10-01,Vikram Malhotra,none
PAY-10226,Coal India Logistics,INV-62098,489128.31,2025-06-18,Priya Nair,none
PAY-13355,Reliance Industries,INV-83647,124060.24,2025-03-19,Sneha Patel,none
PAY-12486,Godrej Consumer,INV-31116,138955.79,2025-01-06,Sneha Patel,none
PAY-10563,Wipro Technologies,INV-29795,11810.39,2025-09-16,Ananya Iyer,none
PAY-13437,Bajaj Auto,INV-91350,364502.08,2025-03-16,Vikram Malhotra,none
PAY-11694,Hero MotoCorp,INV-47623,486301.78,2025-05-12,Priya Nair,none
PAY-11046,Power Grid Corporation,INV-94341,214203.08,2025-03-18,Sneha Patel,none
PAY-13447,Mahindra & Mahindra,INV-35923,531191.07,2025-08-21,Vikram Malhotra,none
PAY-14566,Blue Dart Express,INV-69839,253891.83,2025-10-16,Priya Nair,none
PAY-10955,Tech Mahindra,INV-81802,646227.12,2025-12-31,Priya Nair,none
PAY-14986,Titan Company,INV5749,170334.31,2025-02-16,Sneha Patel,typo
PAY-12736,Dr Reddys Laboratories,INV-64798,406530.7,2025-03-04,Priya Nair,none
PAY-14904,Tech Mahindra,INV-96311,98343.37,2025-11-10,Sneha Patel,exact
PAY-14736,Kotak Services,INV-95032,410798.99,2025-06-30,Sneha Patel,none
PAY-14824,Hero MotoCorp,INV-44137,185535.25,2025-08-12,Ananya Iyer,none
PAY-11219,Blue Dart Express,INV-56179,677351.3,2025-10-09,Vikram Malhotra,none
PAY-11528,Blue Dart Express,INV-85196,674197.59,2025-08-02,Rahul Sharma,none
PAY-13988,ITC Limited,INV-94559,283855.44,2025-03-05,Rahul Sharma,none
PAY-11301,Tata Motors,INV-77760,678238.36,2025-08-26,Ananya Iyer,none
PAY-14892,Marico Limited,INV-11105,60950.79,2025-10-26,Vikram Malhotra,exact
PAY-10161,BPCL Supplies,INV-74332,338890.04,2025-01-09,Rahul Sharma,none
PAY-14068,Marico Limited,INV-63095,391116.64,2025-03-17,Rahul Sharma,none
PAY-10957,JSW Steel,INV-55258,691287.86,2025-03-09,Sneha Patel,none
PAY-13792,Wipro Technologies,INV-75311,234746.92,2025-06-03,Ananya Iyer,none
PAY-13235,Reliance Industries,INV-76512,532723.67,2025-10-02,Vikram Malhotra,none
PAY-12870,Kotak Services,INV-42838,515598.85,2025-10-13,Ananya Iyer,none
PAY-13778,HCL Technologies,INV-34922,467700.94,2025-09-05,Priya Nair,none
PAY-14434,Tech Mahindra,INV-51854,489157.35,2025-11-25,Rahul Sharma,none
PAY-12962,Reliance Industries,INV-26522,546456.62,2025-11-21,Ananya Iyer,none
PAY-12201,Titan Company,INV-74045,230503.76,2025-11-02,Sneha Patel,none
PAY-10099,Tata Consultancy Services,INV-78146,694553.5,2025-10-03,Sneha Patel,none
PAY-12558,Kotak Services,INV-36962,132416.69,2025-04-15,Vikram Malhotra,none
PAY-13184,Cipla Healthcare,INV-92384,450842.64,2025-04-29,Ananya Iyer,none
PAY-10254,Mahindra & Mahindra,INV-80329,97073.61,2025-07-08,Vikram Malhotra,none
PAY-13924,NTPC Solutions,INV-72081,376343.18,2025-05-08,Priya Nair,none
PAY-14200,Cipla Healthcare,INV-29557,483969.19,2025-03-27,Priya Nair,none
PAY-11446,Sun Pharma Logistics,INV-98829,519257.36,2025-04-03,Vikram Malhotra,none
PAY-11649,Power Grid Corporation,INV-46554,114793.7,2025-08-21,Rahul Sharma,none
PAY-14683,Cipla Healthcare,INV-61218,136127.64,2025-01-14,Priya Nair,none
PAY-14724,Sun Pharma Logistics,INV-69095,412605.71,2025-07-03,Sneha Patel,none
PAY-13992,HCL Technologies,INV-12067,537416.31,2025-08-20,Vikram Malhotra,none
PAY-11697,Kotak Services,INV-83377,743513.36,2025-08-05,Rahul Sharma,none
PAY-13192,UltraTech Cement,INV-17425,480354.63,2025-05-24,Vikram Malhotra,none
PAY-14500,Marico Limited,INV-19269,31463.65,2025-06-20,Rahul Sharma,none
PAY-11155,NTPC Solutions,INV-39770,604507.29,2025-08-15,Vikram Malhotra,none
PAY-12256,Dr Reddys Laboratories,INV-55227,186948.55,2025-12-05,Priya Nair,none
PAY-11683,Kotak Services,INV-65981,161255.67,2025-02-09,Vikram Malhotra,none
PAY-13171,ITC Limited,INV-29929,407912.07,2025-11-09,Ananya Iyer,none
PAY-12057,Titan Company,INV-15723,183572.97,2025-03-22,Vikram Malhotra,none
PAY-14091,Coal India Logistics,INV-79756,371891.03,2025-10-05,Sneha Patel,none
PAY-13109,Cipla Healthcare,INV-85292,694390.63,2025-10-23,Sneha Patel,none
PAY-14549,Kotak Services,INV-75661,203956.63,2025-12-15,Sneha Patel,none
PAY-13724,Tata Motors,INV-71952,608651.74,2025-07-03,Priya Nair,none
PAY-12050,Bharti Airtel,INV-10975,743358.41,2025-08-17,Rahul Sharma,none
PAY-13644,UltraTech Cement,INV-50841,129138.45,2025-02-04,Sneha Patel,none
PAY-14928,Infosys Limited,INV-62180,271651.12,2025-08-12,Ananya Iyer,likely
PAY-10624,Tata Motors,INV-75597,117304.97,2025-01-13,Ananya Iyer,none
PAY-10263,BPCL Supplies,INV-22978,626101.35,2025-11-12,Ananya Iyer,none
PAY-13370,Marico Limited,INV-13072,369758.74,2025-03-27,Rahul Sharma,none
PAY-14062,ITC Limited,INV-25071,636816.67,2025-04-01,Priya Nair,none
PAY-11803,Tech Mahindra,INV-91067,610783.7,2025-11-12,Vikram Malhotra,none
PAY-14737,Hero MotoCorp,INV-93545,702297.19,2025-11-20,Priya Nair,none
PAY-14993,NTPC Solutions,INV-6695,130638.27,2025-05-02,Sneha Patel,none
PAY-12386,Wipro Technologies,INV-78354,286282.41,2025-03-06,Sneha Patel,none
PAY-11960,Wipro Technologies,INV-88638,466577.08,2025-02-18,Ananya Iyer,none
PAY-12977,Reliance Industries,INV-39009,172494.45,2025-12-30,Vikram Malhotra,none
PAY-10489,UltraTech Cement,INV-33040,700772.34,2025-01-19,Ananya Iyer,none
PAY-11844,Tata Motors,INV-64396,273679.34,2025-12-07,Sneha Patel,none
PAY-11735,Bharti Airtel,INV-44312,527439.56,2025-03-28,Rahul Sharma,none
PAY-12912,JSW Steel,INV-92721,143887.01,2025-03-13,Ananya Iyer,none
PAY-13220,Blue Dart Express,INV-96925,306454.63,2025-05-15,Sneha Patel,none
PAY-10147,Hindalco Industries,INV-92213,185922.79,2025-12-23,Vikram Malhotra,none
PAY-11987,Godrej Consumer,INV-59271,157960.69,2025-04-05,Rahul Sharma,none
PAY-11370,Tata Consultancy Services,INV-71700,677952.84,2025-01-26,Rahul Sharma,none
PAY-12812,Havells India,INV-12625,567565.75,2025-09-27,Rahul Sharma,none
PAY-10660,Godrej Consumer,INV-87060,518404.52,2025-12-30,Priya Nair,none
PAY-11795,Reliance Industries,INV-96714,349844.81,2025-04-04,Ananya Iyer,none
PAY-12512,Hero MotoCorp,INV-51958,152622.06,2025-01-26,Ananya Iyer,none
PAY-13398,Coal India Logistics,INV-64038,382457.57,2025-05-27,Sneha Patel,none
PAY-14283,Wipro Technologies,INV-44617,128031.33,2025-08-09,Sneha Patel,none
PAY-11148,ITC Limited,INV-42426,554506.96,2025-08-15,Sneha Patel,none
PAY-13273,Bajaj Auto,INV-28531,183391.26,2025-09-09,Sneha Patel,none
PAY-10609,Reliance Industries,INV-83905,153851.04,2025-10-07,Sneha Patel,none
PAY-13583,Mahindra & Mahindra,INV-70883,489374.31,2025-06-24,Vikram Malhotra,none
PAY-11931,UltraTech Cement,INV-82848,671974.79,2025-12-27,Ananya Iyer,none
PAY-10198,Kotak Services,INV-55607,309219.33,2025-06-14,Rahul Sharma,none
PAY-12932,NTPC Solutions,INV-61648,525590.91,2025-08-30,Ananya Iyer,none
PAY-12328,JSW Steel,INV-86449,84299.84,2025-12-19,Ananya Iyer,none
PAY-14390,Sun Pharma Logistics,INV-29089,653053.4,2025-02-09,Rahul Sharma,none
PAY-10767,Titan Company,INV-57069,362364.91,2025-09-06,Vikram Malhotra,none
PAY-14497,Mahindra & Mahindra,INV-71894,575663.38,2025-07-31,Rahul Sharma,none
PAY-14219,BPCL Supplies,INV-78788,109755.36,2025-06-22,Rahul Sharma,none
PAY-13256,HCL Technologies,INV-44144,304063.68,2025-04-27,Vikram Malhotra,none
PAY-10203,Asian Paints,INV-64165,45382.04,2025-09-23,Vikram Malhotra,none
PAY-13511,Coal India Logistics,INV-43187,664155.4,2025-06-20,Vikram Malhotra,none
PAY-11734,BPCL Supplies,INV-90216,471837.38,2025-02-15,Ananya Iyer,none
PAY-12778,Mahindra & Mahindra,INV-97649,91764.67,2025-07-01,Rahul Sharma,none
PAY-11708,Reliance Industries,INV-32957,164510.94,2025-05-21,Ananya Iyer,none
PAY-13475,Asian Paints,INV-13777,336929.86,2025-11-30,Priya Nair,none
PAY-10855,Asian Paints,INV-43029,167565.75,2025-06-04,Priya Nair,none
PAY-14738,Marico Limited,INV-50470,156246.4,2025-11-05,Rahul Sharma,none
PAY-14098,Cipla Healthcare,INV-61138,288799.7,2025-11-14,Vikram Malhotra,none
PAY-12161,Havells India,INV-78164,657794.33,2025-09-16,Rahul Sharma,none
PAY-10699,Bharti Airtel,INV-77862,457160.52,2025-04-07,Ananya Iyer,none
PAY-14948,Tata Consultancy Services,INV-80546,266096.87,2025-12-08,Sneha Patel,likely
PAY-13000,JSW Steel,INV-22887,290598.3,2025-12-01,Ananya Iyer,none
PAY-13697,Power Grid Corporation,INV-49396,376661.41,2025-07-27,Rahul Sharma,none
PAY-11637,Sun Pharma Logistics,INV-74711,91213.34,2025-05-26,Ananya Iyer,none
PAY-13458,NTPC Solutions,INV-18146,395886.11,2025-11-25,Ananya Iyer,none
PAY-13582,Cipla Healthcare,INV-94069,34761.67,2025-05-23,Ananya Iyer,none
PAY-11292,Kotak Services,INV-52584,650747.3,2025-05-07,Ananya Iyer,none
PAY-14660,Power Grid Corporation,INV-56696,690215.65,2025-03-14,Rahul Sharma,none
PAY-11854,Tata Consultancy Services,INV-46671,675655.35,2025-11-09,Sneha Patel,none
PAY-13764,JSW Steel,INV-48314,505499.1,2025-08-01,Sneha Patel,none
PAY-13305,Havells India,INV-84725,199816.9,2025-03-03,Ananya Iyer,none
PAY-14913,Reliance Industries,INV-95418,88832.99,2025-12-24,Rahul Sharma,none
PAY-13744,Tata Consultancy Services,INV-23709,364684.78,2025-09-14,Sneha Patel,none
PAY-13446,Cipla Healthcare,INV-51168,85269.93,2025-05-21,Ananya Iyer,none
PAY-11999,Titan Company,INV-59054,241873.95,2025-08-08,Sneha Patel,none
PAY-10664,Tata Motors,INV-48356,220553.27,2025-05-17,Priya Nair,none
PAY-14780,Blue Dart Express,INV-18400,115544.37,2025-11-09,Sneha Patel,none
PAY-13749,Infosys Limited,INV-47288,252791.03,2025-07-28,Priya Nair,none
PAY-14414,UltraTech Cement,INV-86850,398131.87,2025-03-21,Priya Nair,none
PAY-14745,Tata Consultancy Services,INV-16545,5887.01,2025-08-04,Priya Nair,none
PAY-10710,Power Grid Corporation,INV-36633,730863.47,2025-03-21,Priya Nair,none
PAY-11283,Larsen & Toubro,INV-34632,84544.72,2025-04-05,Rahul Sharma,none
PAY-12676,Kotak Services,INV-16834,293407.97,2025-07-13,Sneha Patel,none
PAY-14030,Bharti Airtel,INV-86344,712320.66,2025-11-25,Ananya Iyer,none
PAY-11307,BPCL Supplies,INV-57571,68553.38,2025-12-29,Ananya Iyer,none
PAY-12238,Havells India,INV-46961,415898.96,2025-11-08,Rahul Sharma,none
PAY-13303,Wipro Technologies,INV-34033,405020.08,2025-03-27,Vikram Malhotra,none
PAY-12039,Sun Pharma Logistics,INV-84647,721643.92,2025-11-24,Vikram Malhotra,none
PAY-11530,UltraTech Cement,INV-79615,298768.52,2025-12-23,Rahul Sharma,none
PAY-11664,Havells India,INV-30487,382480.36,2025-07-20,Vikram Malhotra,none
PAY-14935,HCL Technologies,INV-62120,61329.88,2025-08-11,Vikram Malhotra,none
PAY-14954,BPCL Supplies,INV-80912,349461.76,2025-07-05,Sneha Patel,likely
PAY-13628,Hero MotoCorp,INV-67958,456882.68,2025-07-10,Sneha Patel,none
PAY-12694,Bajaj Auto,INV-28607,31721.42,2025-05-01,Ananya Iyer,none
PAY-13061,Kotak Services,INV-31381,138202.4,2025-08-10,Vikram Malhotra,none
PAY-11598,Tata Consultancy Services,INV-25644,574715.18,2025-09-10,Rahul Sharma,none
PAY-12730,Tata Consultancy Services,INV-31012,279384.93,2025-05-29,Sneha Patel,none
PAY-12626,Titan Company,INV-24068,350652.95,2025-08-06,Sneha Patel,none
PAY-13158,Blue Dart Express,INV-54217,256254.67,2025-04-06,Vikram Malhotra,none
PAY-13315,Titan Company,INV-59811,119057.65,2025-05-30,Priya Nair,none
PAY-11723,Marico Limited,INV-23159,619178.64,2025-12-24,Vikram Malhotra,none
PAY-11060,Power Grid Corporation,INV-76107,514854.03,2025-03-18,Priya Nair,none
PAY-14637,Wipro Technologies,INV-20313,531272.34,2025-07-07,Priya Nair,none
PAY-13243,Tata Motors,INV-27479,739723.91,2025-04-21,Ananya Iyer,none
PAY-11679,Hero MotoCorp,INV-80232,164489.68,2025-05-16,Rahul Sharma,none
PAY-11758,Sun Pharma Logistics,INV-67117,670040.5,2025-06-11,Ananya Iyer,none
PAY-14192,Power Grid Corporation,INV-75989,381906.97,2025-10-19,Ananya Iyer,none
PAY-10564,Bajaj Auto,INV-17923,465287.25,2025-12-08,Priya Nair,none
PAY-12791,ITC Limited,INV-93586,264784.31,2025-09-29,Sneha Patel,none
PAY-10864,Blue Dart Express,INV-64862,306426.18,2025-01-19,Priya Nair,none
PAY-11485,Blue Dart Express,INV-91051,39122.26,2025-12-26,Sneha Patel,none
PAY-10207,Godrej Consumer,INV-41365,533788.2,2025-06-09,Priya Nair,none
PAY-14489,Infosys Limited,INV-84647,106442.39,2025-01-23,Rahul Sharma,none
PAY-10871,UltraTech Cement,INV-53426,281903.41,2025-10-27,Vikram Malhotra,none
PAY-14494,ITC Limited,INV-94654,109932.69,2025-10-18,Priya Nair,none
PAY-10503,Asian Paints,INV-50213,123989.03,2025-12-18,Priya Nair,none
PAY-11029,Kotak Services,INV-95709,582521.94,2025-07-07,Ananya Iyer,none
PAY-13841,Tata Consultancy Services,INV-18253,427531.12,2025-02-24,Sneha Patel,none
PAY-12691,Marico Limited,INV-63848,530598.75,2025-11-15,Ananya Iyer,none
PAY-11571,Cipla Healthcare,INV-29055,711102.85,2025-06-13,Sneha Patel,none
PAY-12774,Bharti Airtel,INV-46941,706645.44,2025-10-20,Ananya Iyer,none
PAY-12732,Godrej Consumer,INV-51039,385543.13,2025-09-18,Priya Nair,none
PAY-10805,Mahindra & Mahindra,INV-96585,214734.69,2025-05-02,Rahul Sharma,none
PAY-13646,Tech Mahindra,INV-81819,355335.03,2025-08-05,Sneha Patel,none
PAY-12455,Godrej Consumer,INV-23606,71780.27,2025-01-09,Priya Nair,none
PAY-14599,ITC Limited,INV-27196,102285.46,2025-08-13,Ananya Iyer,none
PAY-13105,Marico Limited,INV-12815,304092.22,2025-05-31,Rahul Sharma,none
PAY-14876,ITC Limited,INV-70722,337503.78,2025-03-23,Priya Nair,exact
PAY-10201,Asian Paints,INV-21542,239315.28,2025-06-15,Rahul Sharma,none
PAY-13100,Godrej Consumer,INV-77305,635493.01,2025-02-14,Priya Nair,none
PAY-12279,Sun Pharma Logistics,INV-62412,378884.64,2025-07-19,Sneha Patel,none
PAY-13562,Asian Paints,INV-96489,747407.73,2025-07-11,Priya Nair,none
PAY-14475,Hero MotoCorp,INV-10007,534178.43,2025-01-10,Rahul Sharma,none
PAY-14515,Hindalco Industries,INV-33956,548243.97,2025-01-05,Priya Nair,none
PAY-10392,Reliance Industries,INV-58237,330528.78,2025-07-24,Ananya Iyer,none
PAY-11496,Titan Company,INV-30677,16644.59,2025-09-07,Rahul Sharma,none
PAY-12696,Hero MotoCorp,INV-14424,206372.44,2025-10-29,Ananya Iyer,none
PAY-12028,Dr Reddys Laboratories,INV-70476,258791.38,2025-02-13,Vikram Malhotra,none
PAY-12569,HCL Technologies,INV-29212,582566.13,2025-02-21,Vikram Malhotra,none
PAY-10065,Coal India Logistics,INV-20745,317322.56,2025-10-26,Priya Nair,none
PAY-13885,Blue Dart Express,INV-21930,656669.93,2025-03-01,Sneha Patel,none
PAY-12063,BPCL Supplies,INV-98555,563553.43,2025-07-15,Vikram Malhotra,none
PAY-10493,Kotak Services,INV-27589,639039.51,2025-08-28,Vikram Malhotra,none
PAY-10380,Power Grid Corporation,INV-57265,55421.1,2025-09-27,Priya Nair,none
PAY-14860,Wipro Technologies,INV-75121,132113.55,2025-05-01,Vikram Malhotra,none
PAY-13994,Coal India Logistics,INV-92046,318449.75,2025-11-16,Priya Nair,none
PAY-14888,Power Grid Corporation,INV-96867,456731.3,2025-03-01,Sneha Patel,exact
PAY-11077,Tech Mahindra,INV-85713,261545.45,2025-12-28,Ananya Iyer,none
PAY-10879,Asian Paints,INV-45851,160989.86,2025-03-28,Priya Nair,none
PAY-10338,Power Grid Corporation,INV-94689,133556.39,2025-05-07,Ananya Iyer,none
PAY-11017,Coal India Logistics,INV-19149,675588.35,2025-06-12,Ananya Iyer,none
PAY-11276,Sun Pharma Logistics,INV-68873,408964.14,2025-04-16,Sneha Patel,none
PAY-13799,Blue Dart Express,INV-20441,609624.94,2025-10-09,Priya Nair,none
PAY-14552,Tata Consultancy Services,INV-10364,297509.73,2025-08-23,Ananya Iyer,none
PAY-13343,Marico Limited,INV-30541,496440.34,2025-09-22,Ananya Iyer,none
PAY-14912,Havells India,INV-90608,228791.62,2025-07-30,Priya Nair,exact
PAY-10996,Wipro Technologies,INV-17113,137604.16,2025-05-09,Priya Nair,none
PAY-11982,Tata Motors,INV-71263,451822.92,2025-06-19,Priya Nair,none
PAY-14298,Infosys Limited,INV-64891,358359.19,2025-08-31,Rahul Sharma,none
PAY-10162,Tech Mahindra,INV-39045,306278.84,2025-05-05,Vikram Malhotra,none
PAY-14799,BPCL Supplies,INV-96856,729347.78,2025-08-13,Vikram Malhotra,none
PAY-11501,Coal India Logistics,INV-33593,539313.07,2025-11-10,Rahul Sharma,none
PAY-13844,BPCL Supplies,INV-75147,733201.55,2025-01-02,Sneha Patel,none
PAY-12614,ITC Limited,INV-98562,481552.76,2025-03-21,Vikram Malhotra,none
PAY-13462,Infosys Limited,INV-94266,632955.42,2025-04-26,Ananya Iyer,none
PAY-11022,Asian Paints,INV-68373,272262.49,2025-06-06,Ananya Iyer,none
PAY-13074,BPCL Supplies,INV-28340,731364.39,2025-05-21,Rahul Sharma,none
PAY-13944,Havells India,INV-48191,182918.74,2025-04-21,Sneha Patel,none
PAY-11586,Godrej Consumer,INV-67999,220032.34,2025-08-06,Ananya Iyer,none
PAY-11956,Wipro Technologies,INV-92050,470844.55,2025-01-15,Ananya Iyer,none
PAY-13153,BPCL Supplies,INV-14471,627357.42,2025-05-02,Sneha Patel,none
PAY-10035,Kotak Services,INV-12552,88341.46,2025-07-05,Vikram Malhotra,none
PAY-14015,Hindalco Industries,INV-59584,261814.48,2025-11-19,Rahul Sharma,none
PAY-10776,Hindalco Industries,INV-83873,110866.21,2025-04-07,Ananya Iyer,none
PAY-12557,Titan Company,INV-23278,168816.78,2025-12-21,Vikram Malhotra,none
PAY-11479,Kotak Services,INV-79984,723890.62,2025-08-19,Rahul Sharma,none
PAY-11364,Sun Pharma Logistics,INV-67817,504987.41,2025-05-20,Sneha Patel,none
PAY-12613,Power Grid Corporation,INV-28894,423726.69,2025-09-11,Sneha Patel,none
PAY-12825,Bajaj Auto,INV-81641,537361.16,2025-08-20,Sneha Patel,none
PAY-12042,Wipro Technologies,INV-60579,216444.13,2025-04-30,Vikram Malhotra,none
PAY-10242,Mahindra & Mahindra,INV-11061,426617.12,2025-12-18,Rahul Sharma,none
PAY-12062,Bharti Airtel,INV-76330,38253.2,2025-01-14,Rahul Sharma,none
PAY-12364,Titan Company,INV-64874,414257.75,2025-10-03,Priya Nair,none
PAY-10601,Kotak Services,INV-20082,274038.06,2025-05-07,Ananya Iyer,none
PAY-12436,Cipla Healthcare,INV-48915,127577.29,2025-06-28,Ananya Iyer,none
PAY-12889,Power Grid Corporation,INV-11857,705706.15,2025-07-26,Ananya Iyer,none
PAY-10647,HCL Technologies,INV-74178,220181.91,2025-04-06,Vikram Malhotra,none
PAY-13891,NTPC Solutions,INV-82388,67258.07,2025-09-26,Priya Nair,none
PAY-13557,Reliance Industries,INV-64869,357875.21,2025-05-23,Ananya Iyer,none
PAY-13203,Infosys Limited,INV-62257,610804.7,2025-11-18,Ananya Iyer,none
PAY-11529,Infosys Limited,INV-71689,551439.84,2025-09-16,Rahul Sharma,none
PAY-11268,Sun Pharma Logistics,INV-74216,298082.86,2025-03-22,Rahul Sharma,none
PAY-11900,Asian Paints,INV-21094,606156.16,2025-11-07,Vikram Malhotra,none
PAY-14659,Tata Consultancy Services,INV-80013,485984.36,2025-03-04,Ananya Iyer,none
PAY-13006,Marico Limited,INV-95736,295057.84,2025-09-19,Sneha Patel,none
PAY-12735,Wipro Technologies,INV-39436,426224.78,2025-10-22,Priya Nair,none
PAY-10190,Asian Paints,INV-49857,526301.6,2025-05-20,Priya Nair,none
PAY-11807,Havells India,INV-13514,160875.96,2025-11-29,Sneha Patel,none
PAY-10976,HCL Technologies,INV-86544,635280.58,2025-01-03,Vikram Malhotra,none
PAY-12748,Kotak Services,INV-92920,661673.72,2025-04-12,Sneha Patel,none
PAY-12048,HCL Technologies,INV-89129,433443.08,2025-06-08,Priya Nair,none
PAY-12559,BPCL Supplies,INV-47747,530860.74,2025-05-28,Rahul Sharma,none
PAY-11083,Blue Dart Express,INV-88675,329356.19,2025-02-02,Vikram Malhotra,none
PAY-10475,Kotak Services,INV-55718,422563.25,2025-05-21,Vikram Malhotra,none
PAY-12905,Kotak Services,INV-56550,436128.64,2025-06-28,Priya Nair,none
PAY-14844,Bajaj Auto,INV-88404,43124.58,2025-06-27,Vikram Malhotra,none
PAY-14118,Hero MotoCorp,INV-85623,60509.68,2025-02-27,Ananya Iyer,none
PAY-13386,BPCL Supplies,INV-53371,590668.07,2025-02-24,Priya Nair,none
PAY-14556,Larsen & Toubro,INV-61270,141815.45,2025-02-24,Ananya Iyer,none
PAY-11185,Tata Motors,INV-88146,120469.0,2025-02-15,Sneha Patel,none
PAY-12434,Havells India,INV-65013,395959.57,2025-12-09,Vikram Malhotra,none
PAY-12392,Coal India Logistics,INV-53970,25896.4,2025-05-25,Sneha Patel,none
PAY-10770,Marico Limited,INV-46822,48650.47,2025-08-30,Priya Nair,none
PAY-11686,Asian Paints,INV-98022,573764.45,2025-04-03,Rahul Sharma,none
PAY-10131,ITC Limited,INV-45774,329697.8,2025-01-15,Ananya Iyer,none
PAY-12920,Dr Reddys Laboratories,INV-58918,452701.73,2025-09-05,Ananya Iyer,none
PAY-13172,Havells India,INV-36502,212423.93,2025-07-25,Vikram Malhotra,none
PAY-13445,BPCL Supplies,INV-60072,418671.95,2025-11-01,Ananya Iyer,none
PAY-14427,HCL Technologies,INV-40149,135918.21,2025-01-02,Rahul Sharma,none
PAY-10467,UltraTech Cement,INV-36724,310731.17,2025-11-10,Ananya Iyer,none
PAY-13093,Mahindra & Mahindra,INV-89117,561999.46,2025-01-12,Sneha Patel,none
PAY-13773,NTPC Solutions,INV-42804,545359.86,2025-11-14,Rahul Sharma,none
PAY-10861,Bharti Airtel,INV-29651,390383.72,2025-05-04,Rahul Sharma,none
